# targetAltitude=3000.0
# departureAltitude=26.0
# t0=2026-07-23T18:07:20.110000+00:00
time,altitude,altitudeMSL,velocity,horizontalVelocity,acceleration,accelerationX,accelerationY,accelerationZ,temperature,pressure,humidity,gpsLat,gpsLon,gpsAlt,pitch,roll,yaw
0.0,0.0,26.0,0.0,0.0,0.0,0.0,0.0,0.0,20.0,101.3,50.0,43.8761795,10.2464715,25.8,0.0,0.0,0.0
7.61,0.0,26.0,0.0,0.0,9.876251907549813,1.2856862915039062,-0.21308394775390624,9.789890588378906,20.0,101.3,50.0,43.8761795,10.2464715,25.8,-0.8091603053435115,-1.3129770992366412,0.3053435114503817
7.62,0.0,26.0,0.0,0.0,10.130419782419041,1.2928688964843749,-0.28012159423828126,10.043675964355469,20.0,101.3,50.0,43.8761795,10.2464715,25.8,-1.0076335877862594,-1.4809160305343512,0.366412213740458
7.63,0.0,26.0,0.0,0.0,9.901741345570112,1.2521674682617188,-0.15562310791015624,9.821015209960937,20.0,101.3,50.0,43.8761795,10.2464715,25.8,-0.7786259541984732,-1.297709923664122,0.44274809160305345
7.64,0.0,26.0,0.0,0.0,10.06622890654361,1.2473790649414063,-0.22026655273437498,9.986215124511718,20.0,101.3,50.0,43.8761795,10.2464715,25.8,-1.297709923664122,-1.3129770992366412,0.366412213740458
7.66,0.0,26.0,0.0,0.0,9.89821950869127,1.2521674682617188,-0.22026655273437498,9.816226806640625,20.0,101.3,50.0,43.8761795,10.2464715,25.8,-0.8396946564885496,-1.2671755725190839,0.33587786259541985
7.66,0.0,26.0,0.0,0.0,9.89821950869127,1.2521674682617188,-0.22026655273437498,9.816226806640625,20.0,101.3,50.0,43.8761795,10.2464715,25.8,-0.8396946564885496,-1.2671755725190839,0.33587786259541985
7.67,0.0,26.0,0.0,0.0,10.043639437732136,1.22583125,-0.17238251953125,9.967061511230469,20.0,101.3,50.0,43.8761795,10.2464715,25.8,-0.8244274809160306,-1.3587786259541985,0.3816793893129771
7.67,0.0,26.0,0.0,0.0,10.043639437732136,1.22583125,-0.17238251953125,9.967061511230469,27.02034993740017,100.95546480364382,66.86142359561727,43.8761795,10.2464715,25.8,-0.8244274809160306,-1.3587786259541985,0.3816793893129771
7.68,0.0,26.0,0.0,0.0,10.021484679911524,1.2425906616210938,-0.2609679809570312,9.94072529296875,27.02034993740017,100.95546480364382,66.86142359561727,43.8761795,10.2464715,25.8,-0.5038167938931297,-1.3435114503816794,0.3816793893129771
7.69,0.0,26.0,0.0,0.0,9.954741846245735,1.3215993164062498,-0.22266075439453123,9.86411083984375,27.02034993740017,100.95546480364382,66.86142359561727,43.8761795,10.2464715,25.8,-0.9923664122137404,-1.3435114503816794,0.3511450381679389
7.7,0.0,26.0,0.0,0.0,10.109035319307786,1.2880804931640624,-0.2059013427734375,10.024522351074218,27.02034993740017,100.95546480364382,66.86142359561727,43.8761795,10.2464715,25.8,-1.099236641221374,-1.450381679389313,0.3511450381679389
7.72,0.0,26.0,0.0,0.0,10.011655337690119,1.2521674682617188,-0.19393033447265623,9.931148486328125,27.02034993740017,100.95546480364382,66.86142359561727,43.8761795,10.2464715,25.8,-0.9465648854961832,-1.3282442748091603,0.33587786259541985
7.73,0.0,26.0,0.0,0.0,10.168657845815277,1.35990654296875,-0.22505495605468748,10.0748005859375,27.02034993740017,100.95546480364382,66.86142359561727,43.8761795,10.2464715,25.8,-0.7938931297709924,-1.3282442748091603,0.3816793893129771
7.74,0.0,26.0,0.0,0.0,9.91438444934655,1.2880804931640624,-0.2059013427734375,9.828197814941406,27.02034993740017,100.95546480364382,66.86142359561727,43.8761795,10.2464715,25.8,-0.7938931297709924,-1.2061068702290076,0.42748091603053434
7.75,0.0,26.0,0.0,0.0,10.020991611320762,1.3048399047851562,-0.2059013427734375,9.93354268798828,27.02034993740017,100.95546480364382,66.86142359561727,43.8761795,10.2464715,25.8,-0.8244274809160306,-1.4351145038167938,0.33587786259541985
7.76,0.0,26.0,0.0,0.0,10.020991611320762,1.3048399047851562,-0.2059013427734375,9.93354268798828,27.02034993740017,100.95546480364382,66.86142359561727,43.8761795,10.2464715,25.8,-0.8244274809160306,-1.4351145038167938,0.33587786259541985
7.76,0.0,26.0,0.0,0.0,9.998347522258818,1.2761094848632812,-0.20829554443359374,9.91438907470703,27.02034993740017,100.95546480364382,66.86142359561727,43.8761795,10.2464715,25.8,-0.7786259541984732,-1.4045801526717556,0.3053435114503817
7.78,0.0,26.0,0.0,0.0,10.320334769027781,1.3527239379882812,-0.258573779296875,10.228029492187499,27.02034993740017,100.95546480364382,66.86142359561727,43.8761795,10.2464715,25.8,-0.732824427480916,-1.4351145038167938,0.4122137404580153
7.78,0.08959662749791542,26.089596627497915,0.0,0.0,10.320334769027781,1.3527239379882812,-0.258573779296875,10.228029492187499,27.040172219952183,100.95439255719403,66.83653420952858,43.8761795,10.2464715,25.8,-0.732824427480916,-1.4351145038167938,0.4122137404580153
7.79,0.08959662749791542,26.089596627497915,0.0,0.0,9.973940957168915,1.3072341064453123,-0.21068974609375,9.885658654785155,27.040172219952183,100.95439255719403,66.83653420952858,43.8761795,10.2464715,25.8,-0.9312977099236641,-1.3435114503816794,0.5343511450381679
7.8,0.08959662749791542,26.089596627497915,0.0,0.0,10.04190484091078,1.2378022583007813,-0.24660277099609373,9.962273107910155,27.040172219952183,100.95439255719403,66.83653420952858,43.8761795,10.2464715,25.8,-1.1450381679389312,-1.3740458015267176,0.366412213740458
7.81,0.08959662749791542,26.089596627497915,0.0,0.0,9.999959840409359,1.2689268798828124,-0.2154781494140625,9.916783276367187,27.040172219952183,100.95439255719403,66.83653420952858,43.8761795,10.2464715,25.8,-1.0381679389312977,-1.282442748091603,0.32061068702290074
7.82,0.08959662749791542,26.089596627497915,0.0,0.0,9.991241912428752,1.2689268798828124,-0.24899697265624998,9.907206469726562,27.040172219952183,100.95439255719403,66.83653420952858,43.8761795,10.2464715,25.8,-0.9312977099236641,-1.282442748091603,0.3816793893129771
7.84,0.08959662749791542,26.089596627497915,0.0,0.0,10.097067998332953,1.2880804931640624,-0.201112939453125,10.012551342773437,27.040172219952183,100.95439255719403,66.83653420952858,43.8761795,10.2464715,25.8,-1.1145038167938932,-1.1908396946564885,0.2748091603053435
7.85,0.08959662749791542,26.089596627497915,0.0,0.0,10.013627015484822,1.24498486328125,-0.21787235107421873,9.93354268798828,27.040172219952183,100.95439255719403,66.83653420952858,43.8761795,10.2464715,25.8,-0.8854961832061069,-1.1908396946564885,0.33587786259541985
7.86,0.08959662749791542,26.089596627497915,0.0,0.0,10.049431813602268,1.2521674682617188,-0.181959326171875,9.969455712890625,27.040172219952183,100.95439255719403,66.83653420952858,43.8761795,10.2464715,25.8,-0.7938931297709924,-1.2671755725190839,0.32061068702290074
7.86,0.08959662749791542,26.089596627497915,0.0,0.0,10.049431813602268,1.2521674682617188,-0.181959326171875,9.969455712890625,27.040172219952183,100.95439255719403,66.83653420952858,43.8761795,10.2464715,25.8,-0.7938931297709924,-1.2671755725190839,0.32061068702290074
7.87,0.08959662749791542,26.089596627497915,0.0,0.0,9.949518883713367,1.2832920898437499,-0.21308394775390624,9.86411083984375,27.040172219952183,100.95439255719403,66.83653420952858,43.8761795,10.2464715,25.8,-0.9465648854961832,-1.282442748091603,0.4122137404580153
7.88,0.08959662749791542,26.089596627497915,0.0,0.0,10.061710740262654,1.2665326782226562,-0.229843359375,9.97903251953125,27.040172219952183,100.95439255719403,66.83653420952858,43.8761795,10.2464715,25.8,-0.6259541984732825,-1.2671755725190839,0.4732824427480916
7.89,0.06482849182435357,26.064828491824354,-2.476813567356237,0.0,10.061710740262654,1.2665326782226562,-0.229843359375,9.97903251953125,27.028845200820616,100.95468896860653,66.79956850456638,43.8761795,10.2464715,25.8,-0.6259541984732825,-1.2671755725190839,0.4732824427480916
7.9,0.06482849182435357,26.064828491824354,0.0,0.0,10.00945706603984,1.2689268798828124,-0.2154781494140625,9.926360083007811,27.028845200820616,100.95468896860653,66.79956850456638,43.8761795,10.2464715,25.8,-0.5648854961832062,-1.2366412213740459,0.3053435114503817
7.91,0.06482849182435357,26.064828491824354,0.0,0.0,10.026061852629176,1.2808978881835937,-0.25139117431640623,9.94072529296875,27.028845200820616,100.95468896860653,66.79956850456638,43.8761795,10.2464715,25.8,-1.2366412213740459,-1.465648854961832,0.42748091603053434
7.92,0.06482849182435357,26.064828491824354,0.0,0.0,10.025885472334366,1.2761094848632812,-0.26815058593749996,9.94072529296875,27.028845200820616,100.95468896860653,66.79956850456638,43.8761795,10.2464715,25.8,-1.0229007633587786,-1.3893129770992367,0.32061068702290074
7.93,0.06482849182435357,26.064828491824354,0.0,0.0,10.025885472334366,1.2761094848632812,-0.26815058593749996,9.94072529296875,27.028845200820616,100.95468896860653,66.79956850456638,43.8761795,10.2464715,25.8,-1.0229007633587786,-1.3893129770992367,0.32061068702290074
7.93,0.06482849182435357,26.064828491824354,0.0,0.0,9.97082550002062,1.24498486328125,-0.2154781494140625,9.890447058105469,27.028845200820616,100.95468896860653,66.79956850456638,43.8761795,10.2464715,25.8,-0.7633587786259542,-1.3129770992366412,0.32061068702290074
7.94,0.06482849182435357,26.064828491824354,0.0,0.0,10.046226221560943,1.3144167114257812,-0.21787235107421873,9.957484704589843,27.028845200820616,100.95468896860653,66.79956850456638,43.8761795,10.2464715,25.8,-0.6870229007633588,-1.297709923664122,0.3816793893129771
7.96,0.06482849182435357,26.064828491824354,0.0,0.0,9.941178231928333,1.2713210815429687,-0.22744915771484372,9.85692823486328,27.028845200820616,100.95468896860653,66.79956850456638,43.8761795,10.2464715,25.8,-0.8244274809160306,-1.297709923664122,0.44274809160305345
7.96,0.06482849182435357,26.064828491824354,0.0,0.0,9.941178231928333,1.2713210815429687,-0.22744915771484372,9.85692823486328,27.028845200820616,100.95468896860653,66.79956850456638,43.8761795,10.2464715,25.8,-0.8244274809160306,-1.297709923664122,0.44274809160305345
7.97,0.06482849182435357,26.064828491824354,0.0,0.0,10.002695457034232,1.2808978881835937,-0.2657563842773437,9.916783276367187,27.028845200820616,100.95468896860653,66.79956850456638,43.8761795,10.2464715,25.8,-1.1603053435114503,-1.465648854961832,0.4732824427480916
7.98,0.06482849182435357,26.064828491824354,0.0,0.0,9.931131747681388,1.2473790649414063,-0.23223756103515625,9.849745629882811,27.028845200820616,100.95468896860653,66.79956850456638,43.8761795,10.2464715,25.8,-1.0381679389312977,-1.3893129770992367,0.44274809160305345
7.99,0.06482849182435357,26.064828491824354,0.0,0.0,9.981680265592429,1.2737152832031249,-0.22026655273437498,9.897629663085937,27.028845200820616,100.95468896860653,66.79956850456638,43.8761795,10.2464715,25.8,-0.9007633587786259,-1.3282442748091603,0.4122137404580153
8.0,0.025227281329096574,26.025227281329098,-3.9601210495257844,0.0,9.981680265592429,1.2737152832031249,-0.22026655273437498,9.897629663085937,26.996437348340258,100.95516289555684,66.7662164017296,43.8761795,10.2464715,25.8,-0.9007633587786259,-1.3282442748091603,0.4122137404580153
8.0,0.025227281329096574,26.025227281329098,-3.9601210495257844,0.0,10.025540135316659,1.2856862915039062,-0.201112939453125,9.94072529296875,26.996437348340258,100.95516289555684,66.7662164017296,43.8761795,10.2464715,25.8,-1.083969465648855,-1.297709923664122,0.3969465648854962
17.7,0.025227281329096574,26.025227281329098,0.0,0.0,9.955972023001463,1.2569558715820313,-0.22744915771484372,9.873687646484374,26.996437348340258,100.95516289555684,66.7662164017296,43.8761795,10.2464715,25.8,-0.7022900763358778,-1.3129770992366412,0.366412213740458
17.71,0.025227281329096574,26.025227281329098,0.0,0.0,9.987613605430088,1.254561669921875,-0.2705447875976562,9.904812268066406,26.996437348340258,100.95516289555684,66.7662164017296,43.8761795,10.2464715,25.8,-0.4580152671755725,-1.251908396946565,0.42748091603053434
17.72,0.025227281329096574,26.025227281329098,0.0,0.0,9.972539696694179,1.2785036865234374,-0.20829554443359374,9.888052856445311,26.996437348340258,100.95516289555684,66.7662164017296,43.8761795,10.2464715,25.8,-0.9618320610687023,-1.3282442748091603,0.366412213740458
17.73,0.025227281329096574,26.025227281329098,0.0,0.0,10.040954081680322,1.2497732666015624,-0.2442085693359375,9.95987890625,26.996437348340258,100.95516289555684,66.7662164017296,43.8761795,10.2464715,25.8,-0.7938931297709924,-1.297709923664122,0.366412213740458
17.74,0.025227281329096574,26.025227281329098,0.0,0.0,10.022417554227438,1.2880804931640624,-0.258573779296875,9.935936889648437,26.996437348340258,100.95516289555684,66.7662164017296,43.8761795,10.2464715,25.8,-0.4580152671755725,-1.2671755725190839,0.44274809160305345
17.76,0.025227281329096574,26.025227281329098,0.0,0.0,10.029267888434099,1.2569558715820313,-0.21308394775390624,9.947907897949218,26.996437348340258,100.95516289555684,66.7662164017296,43.8761795,10.2464715,25.8,-0.8091603053435115,-1.3587786259541985,0.3816793893129771
17.76,0.025227281329096574,26.025227281329098,0.0,0.0,10.029267888434099,1.2569558715820313,-0.21308394775390624,9.947907897949218,26.996437348340258,100.95516289555684,66.7662164017296,43.8761795,10.2464715,25.8,-0.8091603053435115,-1.3587786259541985,0.3816793893129771
17.77,0.025227281329096574,26.025227281329098,0.0,0.0,10.025841162372307,1.2952630981445312,-0.26336218261718747,9.938331091308592,26.996437348340258,100.95516289555684,66.7662164017296,43.8761795,10.2464715,25.8,-1.0076335877862594,-1.3587786259541985,0.366412213740458
17.78,0.025227281329096574,26.025227281329098,0.0,0.0,10.011788455337944,1.2569558715820313,-0.2753331909179687,9.928754284667969,26.996437348340258,100.95516289555684,66.7662164017296,43.8761795,10.2464715,25.8,-0.7938931297709924,-1.297709923664122,0.3816793893129771
17.78,-0.027107098609295832,25.972892901390704,0.0,0.0,10.011788455337944,1.2569558715820313,-0.2753331909179687,9.928754284667969,26.986054252421855,100.95578920930342,66.01432241604685,43.8761795,10.2464715,25.8,-0.7938931297709924,-1.297709923664122,0.3816793893129771
17.79,-0.027107098609295832,25.972892901390704,0.0,0.0,9.993050982963005,1.3000515014648437,-0.2561795776367187,9.904812268066406,26.986054252421855,100.95578920930342,66.01432241604685,43.8761795,10.2464715,25.8,-0.7175572519083969,-1.3129770992366412,0.2748091603053435
17.8,-0.027107098609295832,25.972892901390704,0.0,0.0,9.996422432159697,1.235408056640625,-0.2442085693359375,9.916783276367187,26.986054252421855,100.95578920930342,66.01432241604685,43.8761795,10.2464715,25.8,-0.916030534351145,-1.3587786259541985,0.33587786259541985
17.82,-0.027107098609295832,25.972892901390704,0.0,0.0,10.046451313863654,1.2641384765625,-0.19632453613281248,9.964667309570311,26.986054252421855,100.95578920930342,66.01432241604685,43.8761795,10.2464715,25.8,-0.8854961832061069,-1.3587786259541985,0.3816793893129771
17.83,-0.027107098609295832,25.972892901390704,0.0,0.0,10.028870940936848,1.2856862915039062,-0.2442085693359375,9.943119494628906,26.986054252421855,100.95578920930342,66.01432241604685,43.8761795,10.2464715,25.8,-0.6106870229007634,-1.297709923664122,0.33587786259541985
17.84,-0.027107098609295832,25.972892901390704,0.0,0.0,9.969775394634276,1.3263877197265623,-0.229843359375,9.878476049804688,26.986054252421855,100.95578920930342,66.01432241604685,43.8761795,10.2464715,25.8,-0.6106870229007634,-1.3282442748091603,0.3511450381679389
17.85,-0.027107098609295832,25.972892901390704,0.0,0.0,10.015204249949534,1.2401964599609374,-0.20829554443359374,9.935936889648437,26.986054252421855,100.95578920930342,66.01432241604685,43.8761795,10.2464715,25.8,-0.8091603053435115,-1.3129770992366412,0.3816793893129771
17.86,-0.027107098609295832,25.972892901390704,0.0,0.0,10.015204249949534,1.2401964599609374,-0.20829554443359374,9.935936889648437,26.986054252421855,100.95578920930342,66.01432241604685,43.8761795,10.2464715,25.8,-0.8091603053435115,-1.3129770992366412,0.3816793893129771
17.86,-0.027107098609295832,25.972892901390704,0.0,0.0,10.018091339284403,1.2713210815429687,-0.2657563842773437,9.93354268798828,26.986054252421855,100.95578920930342,66.01432241604685,43.8761795,10.2464715,25.8,-0.8396946564885496,-1.3740458015267176,0.4122137404580153
17.88,-0.027107098609295832,25.972892901390704,0.0,0.0,10.059661589471268,1.2832920898437499,-0.2537853759765625,9.974244116210937,26.986054252421855,100.95578920930342,66.01432241604685,43.8761795,10.2464715,25.8,-0.6717557251908397,-1.297709923664122,0.33587786259541985
17.89,-0.027107098609295832,25.972892901390704,0.0,0.0,10.059661589471268,1.2832920898437499,-0.2537853759765625,9.974244116210937,26.986054252421855,100.95578920930342,66.01432241604685,43.8761795,10.2464715,25.8,-0.6717557251908397,-1.297709923664122,0.33587786259541985
17.89,-0.027107098609295832,25.972892901390704,0.0,0.0,10.029319041792414,1.2569558715820313,-0.2154781494140625,9.947907897949218,26.986054252421855,100.95578920930342,66.01432241604685,43.8761795,10.2464715,25.8,-0.5954198473282443,-1.282442748091603,0.3816793893129771
17.9,-0.027107098609295832,25.972892901390704,0.0,0.0,10.036842317338698,1.2785036865234374,-0.21787235107421873,9.952696301269532,26.986054252421855,100.95578920930342,66.01432241604685,43.8761795,10.2464715,25.8,-1.0076335877862594,-1.3435114503816794,0.44274809160305345
17.91,-0.027107098609295832,25.972892901390704,0.0,0.0,10.095892487352334,1.2904746948242187,-0.24181436767578124,10.01015714111328,26.986054252421855,100.95578920930342,66.01432241604685,43.8761795,10.2464715,25.8,-0.9618320610687023,-1.3893129770992367,0.366412213740458
17.92,-0.027107098609295832,25.972892901390704,0.0,0.0,9.988349931828122,1.24498486328125,-0.2537853759765625,9.907206469726562,26.986054252421855,100.95578920930342,66.01432241604685,43.8761795,10.2464715,25.8,-0.6717557251908397,-1.2671755725190839,0.4122137404580153
17.94,-0.027107098609295832,25.972892901390704,0.0,0.0,10.064595310215669,1.2856862915039062,-0.24899697265624998,9.97903251953125,26.986054252421855,100.95578920930342,66.01432241604685,43.8761795,10.2464715,25.8,-0.9618320610687023,-1.282442748091603,0.3511450381679389
17.95,-0.027107098609295832,25.972892901390704,0.0,0.0,10.050499546738584,1.235408056640625,-0.22026655273437498,9.97184991455078,26.986054252421855,100.95578920930342,66.01432241604685,43.8761795,10.2464715,25.8,-0.6564885496183206,-1.251908396946565,0.3969465648854962
17.96,-0.027107098609295832,25.972892901390704,0.0,0.0,10.068770320278619,1.22583125,-0.239420166015625,9.991003527832031,26.986054252421855,100.95578920930342,66.01432241604685,43.8761795,10.2464715,25.8,-0.4732824427480916,-1.2061068702290076,0.44274809160305345
17.96,-0.027107098609295832,25.972892901390704,0.0,0.0,10.068770320278619,1.22583125,-0.239420166015625,9.991003527832031,26.986054252421855,100.95578920930342,66.01432241604685,43.8761795,10.2464715,25.8,-0.4732824427480916,-1.2061068702290076,0.44274809160305345
17.97,-0.027107098609295832,25.972892901390704,0.0,0.0,9.994406352195705,1.2617442749023438,-0.22026655273437498,9.911994873046874,26.986054252421855,100.95578920930342,66.01432241604685,43.8761795,10.2464715,25.8,-0.8396946564885496,-1.251908396946565,0.3969465648854962
17.98,-0.027107098609295832,25.972892901390704,0.0,0.0,9.996670435528046,1.2761094848632812,-0.239420166015625,9.911994873046874,26.986054252421855,100.95578920930342,66.01432241604685,43.8761795,10.2464715,25.8,-0.916030534351145,-1.282442748091603,0.44274809160305345
18.0,-0.027107098609295832,25.972892901390704,0.0,0.0,10.034348800547194,1.2952630981445312,-0.22266075439453123,9.947907897949218,26.986054252421855,100.95578920930342,66.01432241604685,43.8761795,10.2464715,25.8,-1.0229007633587786,-1.3740458015267176,0.3969465648854962
18.01,-0.027107098609295832,25.972892901390704,0.0,0.0,10.004313090679817,1.2641384765625,-0.22505495605468748,9.9215716796875,26.986054252421855,100.95578920930342,66.01432241604685,43.8761795,10.2464715,25.8,-1.2061068702290076,-1.4351145038167938,0.4580152671755725
18.02,-0.027107098609295832,25.972892901390704,0.0,0.0,10.000086521770825,1.2880804931640624,-0.21787235107421873,9.91438907470703,26.986054252421855,100.95578920930342,66.01432241604685,43.8761795,10.2464715,25.8,-1.1603053435114503,-1.3740458015267176,0.3511450381679389
18.03,-0.027107098609295832,25.972892901390704,0.0,0.0,10.068534909896725,1.3096283081054687,-0.1771709228515625,9.981426721191406,26.986054252421855,100.95578920930342,66.01432241604685,43.8761795,10.2464715,25.8,-1.1145038167938932,-1.4351145038167938,0.366412213740458
18.04,-0.027107098609295832,25.972892901390704,0.0,0.0,10.067391369069949,1.2306196533203124,-0.2561795776367187,9.988609326171874,26.986054252421855,100.95578920930342,66.01432241604685,43.8761795,10.2464715,25.8,-1.083969465648855,-1.3893129770992367,0.3053435114503817
18.06,-0.027107098609295832,25.972892901390704,0.0,0.0,9.99279858751787,1.2665326782226562,-0.22744915771484372,9.909600671386718,26.986054252421855,100.95578920930342,66.01432241604685,43.8761795,10.2464715,25.8,-0.6412213740458015,-1.251908396946565,0.44274809160305345
18.06,-0.044602980843737594,25.955397019156262,0.0,0.0,9.99279858751787,1.2665326782226562,-0.22744915771484372,9.909600671386718,26.91085550230564,100.95599859266265,66.01623600664632,43.8761795,10.2464715,25.8,-0.6412213740458015,-1.251908396946565,0.44274809160305345
18.06,-0.044602980843737594,25.955397019156262,0.0,0.0,9.99279858751787,1.2665326782226562,-0.22744915771484372,9.909600671386718,26.91085550230564,100.95599859266265,66.01623600664632,43.8761795,10.2464715,25.8,-0.6412213740458015,-1.251908396946565,0.44274809160305345
18.06,-0.044602980843737594,25.955397019156262,0.0,0.0,9.99279858751787,1.2665326782226562,-0.22744915771484372,9.909600671386718,26.91085550230564,100.95599859266265,66.01623600664632,43.8761795,10.2464715,25.8,-0.6412213740458015,-1.251908396946565,0.44274809160305345
18.07,-0.044602980843737594,25.955397019156262,0.0,0.0,10.023505607238134,1.24498486328125,-0.2346317626953125,9.943119494628906,26.91085550230564,100.95599859266265,66.01623600664632,43.8761795,10.2464715,25.8,-0.916030534351145,-1.3587786259541985,0.3816793893129771
18.08,-0.044602980843737594,25.955397019156262,0.0,0.0,10.001103067259155,1.2425906616210938,-0.201112939453125,9.9215716796875,26.91085550230564,100.95599859266265,66.01623600664632,43.8761795,10.2464715,25.8,-0.916030534351145,-1.3435114503816794,0.4122137404580153
18.09,-0.044602980843737594,25.955397019156262,0.0,0.0,10.053851731206311,1.2593500732421874,-0.23702596435546874,9.97184991455078,26.91085550230564,100.95599859266265,66.01623600664632,43.8761795,10.2464715,25.8,-0.7022900763358778,-1.297709923664122,0.42748091603053434
18.1,-0.044602980843737594,25.955397019156262,0.0,0.0,9.999564309088996,1.2641384765625,-0.22505495605468748,9.916783276367187,26.91085550230564,100.95599859266265,66.01623600664632,43.8761795,10.2464715,25.8,-0.5954198473282443,-1.2671755725190839,0.3816793893129771
27.81,-0.044602980843737594,25.955397019156262,0.0,0.0,10.04916229572094,1.4700398193359374,-0.08140285644531249,9.94072529296875,26.91085550230564,100.95599859266265,66.01623600664632,43.8761795,10.2464715,25.8,-0.8854961832061069,-1.3282442748091603,0.366412213740458
27.82,-0.044602980843737594,25.955397019156262,0.0,0.0,10.06301898152922,1.4532804077148436,-0.028730419921875,9.957484704589843,26.91085550230564,100.95599859266265,66.01623600664632,43.8761795,10.2464715,25.8,-1.0381679389312977,-1.3282442748091603,0.33587786259541985
27.83,-0.044602980843737594,25.955397019156262,0.0,0.0,10.031078101333117,1.4939818359375,-0.02154781494140625,9.919177478027343,26.91085550230564,100.95599859266265,66.01623600664632,43.8761795,10.2464715,25.8,-0.8396946564885496,-1.2061068702290076,0.32061068702290074
27.84,-0.044602980843737594,25.955397019156262,0.0,0.0,10.008644115792224,1.419761584472656,-0.06703764648437499,9.907206469726562,26.91085550230564,100.95599859266265,66.01623600664632,43.8761795,10.2464715,25.8,-1.099236641221374,-1.2061068702290076,0.3511450381679389
27.85,-0.044602980843737594,25.955397019156262,0.0,0.0,10.006444609768996,1.438915197753906,-0.023942016601562498,9.90241806640625,26.91085550230564,100.95599859266265,66.01623600664632,43.8761795,10.2464715,25.8,-0.6412213740458015,-1.2671755725190839,0.2900763358778626
27.85,-0.06583393862361842,25.93416606137638,0.0,0.0,10.006444609768996,1.438915197753906,-0.023942016601562498,9.90241806640625,27.02097921614477,100.95625267630712,65.85201354001845,43.8761795,10.2464715,25.8,-0.6412213740458015,-1.2671755725190839,0.2900763358778626
27.86,-0.06583393862361842,25.93416606137638,0.0,0.0,10.006444609768996,1.438915197753906,-0.023942016601562498,9.90241806640625,27.02097921614477,100.95625267630712,65.85201354001845,43.8761795,10.2464715,25.8,-0.6412213740458015,-1.2671755725190839,0.2900763358778626
27.87,-0.06583393862361842,25.93416606137638,0.0,0.0,10.00121798456457,1.467645617675781,-0.04548983154296875,9.892841259765625,27.02097921614477,100.95625267630712,65.85201354001845,43.8761795,10.2464715,25.8,-0.6870229007633588,-1.3129770992366412,0.4122137404580153
27.88,-0.06583393862361842,25.93416606137638,0.0,0.0,10.00121798456457,1.467645617675781,-0.04548983154296875,9.892841259765625,27.02097921614477,100.95625267630712,65.85201354001845,43.8761795,10.2464715,25.8,-0.6870229007633588,-1.3129770992366412,0.4122137404580153
27.88,-0.06583393862361842,25.93416606137638,0.0,0.0,9.974615940407194,1.4963760375976562,-0.01915361328125,9.861716638183593,27.02097921614477,100.95625267630712,65.85201354001845,43.8761795,10.2464715,25.8,-1.0687022900763359,-1.3740458015267176,0.4122137404580153
27.89,-0.06583393862361842,25.93416606137638,0.0,0.0,9.886709577492937,1.446097802734375,-0.03591302490234375,9.78031378173828,27.02097921614477,100.95625267630712,65.85201354001845,43.8761795,10.2464715,25.8,-0.8091603053435115,-1.3435114503816794,0.4580152671755725
27.9,-0.06583393862361842,25.93416606137638,0.0,0.0,10.055956218948817,1.4700398193359374,-0.01915361328125,9.947907897949218,27.02097921614477,100.95625267630712,65.85201354001845,43.8761795,10.2464715,25.8,-0.9007633587786259,-1.3740458015267176,0.4122137404580153
27.91,-0.06583393862361842,25.93416606137638,0.0,0.0,10.03730148412793,1.4700398193359374,-0.07900865478515624,9.928754284667969,27.02097921614477,100.95625267630712,65.85201354001845,43.8761795,10.2464715,25.8,-1.0381679389312977,-1.4351145038167938,0.44274809160305345
27.93,-0.06583393862361842,25.93416606137638,0.0,0.0,10.098749697728781,1.4867992309570313,-0.0430956298828125,9.988609326171874,27.02097921614477,100.95625267630712,65.85201354001845,43.8761795,10.2464715,25.8,-0.8091603053435115,-1.1908396946564885,0.33587786259541985
27.94,-0.06583393862361842,25.93416606137638,0.0,0.0,10.011503610040632,1.4413093994140624,0.009576806640625,9.907206469726562,27.02097921614477,100.95625267630712,65.85201354001845,43.8761795,10.2464715,25.8,-0.9618320610687023,-1.3129770992366412,0.3816793893129771
27.95,-0.06583393862361842,25.93416606137638,0.0,0.0,10.097543443859095,1.4628572143554686,-0.016759411621093748,9.991003527832031,27.02097921614477,100.95625267630712,65.85201354001845,43.8761795,10.2464715,25.8,-0.9312977099236641,-1.3893129770992367,0.32061068702290074
27.96,-0.06583393862361842,25.93416606137638,0.0,0.0,10.106376414556681,1.47482822265625,0.0,9.9981861328125,27.02097921614477,100.95625267630712,65.85201354001845,43.8761795,10.2464715,25.8,-1.1603053435114503,-1.3587786259541985,0.33587786259541985
27.96,-0.012089571318860681,25.98791042868114,0.0,0.0,10.106376414556681,1.47482822265625,0.0,9.9981861328125,27.063455541497934,100.95560948613412,65.86582684490973,43.8761795,10.2464715,25.8,-1.1603053435114503,-1.3587786259541985,0.33587786259541985
27.97,-0.012089571318860681,25.98791042868114,0.0,0.0,10.106376414556681,1.47482822265625,0.0,9.9981861328125,27.063455541497934,100.95560948613412,65.86582684490973,43.8761795,10.2464715,25.8,-1.1603053435114503,-1.3587786259541985,0.33587786259541985
27.97,-0.012089571318860681,25.98791042868114,0.0,0.0,10.016725726706234,1.4604630126953124,-0.040701428222656245,9.909600671386718,27.063455541497934,100.95560948613412,65.86582684490973,43.8761795,10.2464715,25.8,-0.7633587786259542,-1.297709923664122,0.2595419847328244
27.99,-0.012089571318860681,25.98791042868114,0.0,0.0,10.101782009307195,1.458068811035156,-0.06464344482421874,9.995791931152343,27.063455541497934,100.95560948613412,65.86582684490973,43.8761795,10.2464715,25.8,-1.0381679389312977,-1.3129770992366412,0.3053435114503817
28.0,-0.012089571318860681,25.98791042868114,0.0,0.0,10.022477893506261,1.467645617675781,-0.031124621582031248,9.91438907470703,27.063455541497934,100.95560948613412,65.86582684490973,43.8761795,10.2464715,25.8,-0.9007633587786259,-1.3740458015267176,0.4122137404580153
28.01,-0.012089571318860681,25.98791042868114,0.0,0.0,10.002627835054055,1.4772224243164063,-0.04548983154296875,9.892841259765625,27.063455541497934,100.95560948613412,65.86582684490973,43.8761795,10.2464715,25.8,-0.9618320610687023,-1.4351145038167938,0.3816793893129771
28.02,-0.012089571318860681,25.98791042868114,0.0,0.0,9.988894537398407,1.448492004394531,-0.031124621582031248,9.883264453125,27.063455541497934,100.95560948613412,65.86582684490973,43.8761795,10.2464715,25.8,-1.0076335877862594,-1.4045801526717556,0.3816793893129771
28.03,-0.012089571318860681,25.98791042868114,0.0,0.0,10.025771695392462,1.458068811035156,-0.00718260498046875,9.919177478027343,27.063455541497934,100.95560948613412,65.86582684490973,43.8761795,10.2464715,25.8,-0.9618320610687023,-1.3587786259541985,0.3969465648854962
28.05,-0.012089571318860681,25.98791042868114,0.0,0.0,9.997110805537865,1.455674609375,-0.047884033203124995,9.890447058105469,27.063455541497934,100.95560948613412,65.86582684490973,43.8761795,10.2464715,25.8,-0.8854961832061069,-1.3282442748091603,0.42748091603053434
28.06,-0.012089571318860681,25.98791042868114,0.0,0.0,10.078879802914761,1.448492004394531,-0.011971008300781249,9.974244116210937,27.063455541497934,100.95560948613412,65.86582684490973,43.8761795,10.2464715,25.8,-1.9694656488549618,-1.3282442748091603,-0.015267175572519083
28.06,-0.012089571318860681,25.98791042868114,0.0,0.0,10.078879802914761,1.448492004394531,-0.011971008300781249,9.974244116210937,27.063455541497934,100.95560948613412,65.86582684490973,43.8761795,10.2464715,25.8,-1.9694656488549618,-1.3282442748091603,-0.015267175572519083
28.07,-0.012089571318860681,25.98791042868114,0.0,0.0,10.067223114984822,1.4820108276367188,-0.033518823242187495,9.957484704589843,27.063455541497934,100.95560948613412,65.86582684490973,43.8761795,10.2464715,25.8,-1.2213740458015268,-1.3282442748091603,0.33587786259541985
28.08,-0.012089571318860681,25.98791042868114,0.0,0.0,10.079121796325103,1.4820108276367188,-0.047884033203124995,9.969455712890625,27.063455541497934,100.95560948613412,65.86582684490973,43.8761795,10.2464715,25.8,-1.0076335877862594,-1.2671755725190839,0.3511450381679389
28.09,-0.012089571318860681,25.98791042868114,0.0,0.0,10.036155526808964,1.4796166259765624,-0.05027823486328125,9.926360083007811,27.063455541497934,100.95560948613412,65.86582684490973,43.8761795,10.2464715,25.8,-1.0076335877862594,-1.3129770992366412,0.42748091603053434
28.1,-0.03786260815643372,25.962137391843566,-2.577303683756901,0.0,10.036155526808964,1.4796166259765624,-0.05027823486328125,9.926360083007811,27.061253064879565,100.95591792667598,65.85847848921131,43.8761795,10.2464715,25.8,-1.0076335877862594,-1.3129770992366412,0.42748091603053434
28.11,-0.03786260815643372,25.962137391843566,0.0,0.0,10.042414577478175,1.4413093994140624,-0.047884033203124995,9.938331091308592,27.061253064879565,100.95591792667598,65.85847848921131,43.8761795,10.2464715,25.8,-1.083969465648855,-1.3129770992366412,0.3816793893129771
28.12,-0.03786260815643372,25.962137391843566,0.0,0.0,10.005832786219237,1.4987702392578124,-0.04548983154296875,9.892841259765625,27.061253064879565,100.95591792667598,65.85847848921131,43.8761795,10.2464715,25.8,-1.1145038167938932,-1.3282442748091603,0.366412213740458
28.13,-0.03786260815643372,25.962137391843566,0.0,0.0,10.039230440487726,1.484405029296875,-0.05027823486328125,9.928754284667969,27.061253064879565,100.95591792667598,65.85847848921131,43.8761795,10.2464715,25.8,-0.8702290076335878,-1.4045801526717556,0.4732824427480916
28.14,-0.03786260815643372,25.962137391843566,0.0,0.0,10.027110065017471,1.4508862060546874,-0.016759411621093748,9.9215716796875,27.061253064879565,100.95591792667598,65.85847848921131,43.8761795,10.2464715,25.8,-0.9923664122137404,-1.4198473282442747,0.42748091603053434
28.15,-0.03786260815643372,25.962137391843566,0.0,0.0,10.064413624936186,1.4628572143554686,-0.031124621582031248,9.957484704589843,27.061253064879565,100.95591792667598,65.85847848921131,43.8761795,10.2464715,25.8,-0.7175572519083969,-1.3893129770992367,0.44274809160305345
28.16,-0.03786260815643372,25.962137391843566,0.0,0.0,10.064413624936186,1.4628572143554686,-0.031124621582031248,9.957484704589843,27.061253064879565,100.95591792667598,65.85847848921131,43.8761795,10.2464715,25.8,-0.7175572519083969,-1.3893129770992367,0.44274809160305345
28.17,-0.03786260815643372,25.962137391843566,0.0,0.0,10.010940193664553,1.4700398193359374,-0.0047884033203125,9.90241806640625,27.061253064879565,100.95591792667598,65.85847848921131,43.8761795,10.2464715,25.8,-0.7786259541984732,-1.4198473282442747,0.5038167938931297
28.18,-0.03786260815643372,25.962137391843566,0.0,0.0,10.045895848819955,1.4820108276367188,-0.028730419921875,9.935936889648437,27.061253064879565,100.95591792667598,65.85847848921131,43.8761795,10.2464715,25.8,-0.9618320610687023,-1.3893129770992367,0.42748091603053434
28.19,-0.03786260815643372,25.962137391843566,0.0,0.0,9.98884633325594,1.448492004394531,-0.00239420166015625,9.883264453125,27.061253064879565,100.95591792667598,65.85847848921131,43.8761795,10.2464715,25.8,-0.6870229007633588,-1.297709923664122,0.4122137404580153
28.2,-0.03786260815643372,25.962137391843566,0.0,0.0,10.061130764396248,1.4891934326171874,-0.011971008300781249,9.950302099609374,27.061253064879565,100.95591792667598,65.85847848921131,43.8761795,10.2464715,25.8,-0.8091603053435115,-1.3587786259541985,0.3053435114503817
28.21,0.020008069020062136,26.02000806902006,5.78706771764868,0.0,10.061130764396248,1.4891934326171874,-0.011971008300781249,9.950302099609374,27.05716275130162,100.95522535654382,65.85782177939647,43.8761795,10.2464715,25.8,-0.8091603053435115,-1.3587786259541985,0.3053435114503817
37.88,0.020008069020062136,26.02000806902006,0.0,0.0,10.051300557303884,1.43652099609375,-0.06464344482421874,9.947907897949218,27.05716275130162,100.95522535654382,65.85782177939647,43.8761795,10.2464715,25.8,-0.015267175572519083,-1.8931297709923665,0.5190839694656488
37.89,-0.13783171873738675,25.862168281262612,-15.783978775748029,0.0,10.051300557303884,1.43652099609375,-0.06464344482421874,9.947907897949218,27.091458463165328,100.95711432091163,65.898306530795,43.8761795,10.2464715,25.8,-0.015267175572519083,-1.8931297709923665,0.5190839694656488
37.89,-0.13783171873738675,25.862168281262612,-15.783978775748029,0.0,9.993122685051718,1.4604630126953124,-0.05746083984375,9.885658654785155,27.091458463165328,100.95711432091163,65.898306530795,43.8761795,10.2464715,25.8,-0.5954198473282443,-1.6030534351145038,0.4732824427480916
37.91,-0.13783171873738675,25.862168281262612,0.0,0.0,10.04401183184501,1.419761584472656,-0.028730419921875,9.943119494628906,27.091458463165328,100.95711432091163,65.898306530795,43.8761795,10.2464715,25.8,-0.916030534351145,-1.297709923664122,0.4122137404580153
37.92,-0.13783171873738675,25.862168281262612,0.0,0.0,10.01178187106579,1.47482822265625,-0.0526724365234375,9.90241806640625,27.091458463165328,100.95711432091163,65.898306530795,43.8761795,10.2464715,25.8,-0.9770992366412213,-1.1145038167938932,0.4732824427480916
37.93,-0.13783171873738675,25.862168281262612,0.0,0.0,9.963481067933243,1.43652099609375,-0.033518823242187495,9.859322436523437,27.091458463165328,100.95711432091163,65.898306530795,43.8761795,10.2464715,25.8,-0.8091603053435115,-1.3587786259541985,0.3969465648854962
37.94,-0.13783171873738675,25.862168281262612,0.0,0.0,9.981119760177945,1.4604630126953124,-0.009576806640625,9.873687646484374,27.091458463165328,100.95711432091163,65.898306530795,43.8761795,10.2464715,25.8,-0.366412213740458,-1.786259541984733,0.4732824427480916
37.95,-0.13783171873738675,25.862168281262612,0.0,0.0,10.086490855553375,1.4173673828125,-0.062249243164062495,9.986215124511718,27.091458463165328,100.95711432091163,65.898306530795,43.8761795,10.2464715,25.8,0.015267175572519083,-2.0763358778625953,0.3969465648854962
37.96,-0.13783171873738675,25.862168281262612,0.0,0.0,10.086490855553375,1.4173673828125,-0.062249243164062495,9.986215124511718,27.091458463165328,100.95711432091163,65.898306530795,43.8761795,10.2464715,25.8,0.015267175572519083,-2.0763358778625953,0.3969465648854962
37.97,-0.13783171873738675,25.862168281262612,0.0,0.0,10.07874700265171,1.429338391113281,-0.06943184814453125,9.976638317871092,27.091458463165328,100.95711432091163,65.898306530795,43.8761795,10.2464715,25.8,0.10687022900763359,-2.213740458015267,0.33587786259541985
37.98,-0.13783171873738675,25.862168281262612,0.0,0.0,10.026282252169619,1.4604630126953124,-0.05746083984375,9.919177478027343,27.091458463165328,100.95711432091163,65.898306530795,43.8761795,10.2464715,25.8,0.07633587786259542,-2.0763358778625953,0.3969465648854962
37.99,-0.13783171873738675,25.862168281262612,0.0,0.0,10.040139114318823,1.4413093994140624,-0.06464344482421874,9.935936889648437,27.091458463165328,100.95711432091163,65.898306530795,43.8761795,10.2464715,25.8,-0.22900763358778625,-1.8015267175572518,0.33587786259541985
38.0,-0.04758594313870823,25.952414056861294,9.024577559869648,0.0,10.040139114318823,1.4413093994140624,-0.06464344482421874,9.935936889648437,27.055904193314745,100.95603429153581,65.85062531070211,43.8761795,10.2464715,25.8,-0.22900763358778625,-1.8015267175572518,0.33587786259541985
38.0,-0.04758594313870823,25.952414056861294,9.024577559869648,0.0,10.02158878177906,1.3934253662109375,-0.07422025146484375,9.923965881347655,27.055904193314745,100.95603429153581,65.85062531070211,43.8761795,10.2464715,25.8,-0.6870229007633588,-1.450381679389313,0.48854961832061067
38.01,-0.04758594313870823,25.952414056861294,0.0,0.0,10.000383156236946,1.3958195678710936,-0.0383072265625,9.90241806640625,27.055904193314745,100.95603429153581,65.85062531070211,43.8761795,10.2464715,25.8,-0.9770992366412213,-1.297709923664122,0.4122137404580153
38.03,-0.04758594313870823,25.952414056861294,0.0,0.0,9.939289071867835,1.4149731811523436,-0.07422025146484375,9.83777462158203,27.055904193314745,100.95603429153581,65.85062531070211,43.8761795,10.2464715,25.8,-0.8091603053435115,-1.3129770992366412,0.3969465648854962
38.04,-0.04758594313870823,25.952414056861294,0.0,0.0,9.98668006294392,1.465251416015625,-0.05027823486328125,9.878476049804688,27.055904193314745,100.95603429153581,65.85062531070211,43.8761795,10.2464715,25.8,-0.48854961832061067,-1.6030534351145038,0.4122137404580153
38.05,-0.04758594313870823,25.952414056861294,0.0,0.0,10.072745561877637,1.4030021728515625,-0.07900865478515624,9.974244116210937,27.055904193314745,100.95603429153581,65.85062531070211,43.8761795,10.2464715,25.8,-0.030534351145038167,-2.030534351145038,0.4580152671755725
38.06,-0.04758594313870823,25.952414056861294,0.0,0.0,10.072745561877637,1.4030021728515625,-0.07900865478515624,9.974244116210937,27.055904193314745,100.95603429153581,65.85062531070211,43.8761795,10.2464715,25.8,-0.030534351145038167,-2.030534351145038,0.4580152671755725
38.06,-0.04758594313870823,25.952414056861294,0.0,0.0,10.05648462332451,1.438915197753906,-0.07900865478515624,9.952696301269532,27.055904193314745,100.95603429153581,65.85062531070211,43.8761795,10.2464715,25.8,0.0916030534351145,-2.3206106870229006,0.5038167938931297
38.07,-0.04758594313870823,25.952414056861294,0.0,0.0,10.052999891312579,1.4149731811523436,-0.06703764648437499,9.952696301269532,27.055904193314745,100.95603429153581,65.85062531070211,43.8761795,10.2464715,25.8,0.366412213740458,-2.213740458015267,0.4580152671755725
38.09,-0.04758594313870823,25.952414056861294,0.0,0.0,10.061124212415036,1.3718775512695311,-0.0430956298828125,9.967061511230469,27.055904193314745,100.95603429153581,65.85062531070211,43.8761795,10.2464715,25.8,-0.015267175572519083,-2.122137404580153,0.5038167938931297
38.1,-0.04758594313870823,25.952414056861294,0.0,0.0,10.02892781198887,1.426944189453125,-0.10295067138671875,9.926360083007811,27.055904193314745,100.95603429153581,65.85062531070211,43.8761795,10.2464715,25.8,-0.24427480916030533,-1.786259541984733,0.42748091603053434
38.11,-0.04758594313870823,25.952414056861294,0.0,0.0,9.986762142419142,1.4149731811523436,-0.08379705810546874,9.885658654785155,27.055904193314745,100.95603429153581,65.85062531070211,43.8761795,10.2464715,25.8,-0.6106870229007634,-1.786259541984733,0.42748091603053434
38.11,0.03210557313185425,26.032105573131854,0.0,0.0,9.986762142419142,1.4149731811523436,-0.08379705810546874,9.885658654785155,27.014057150194276,100.95508057956356,65.8648910792709,43.8761795,10.2464715,25.8,-0.6106870229007634,-1.786259541984733,0.42748091603053434
38.12,0.03210557313185425,26.032105573131854,0.0,0.0,10.029266459565596,1.4149731811523436,-0.062249243164062495,9.928754284667969,27.014057150194276,100.95508057956356,65.8648910792709,43.8761795,10.2464715,25.8,-0.2748091603053435,-1.7099236641221374,0.366412213740458
38.13,0.03210557313185425,26.032105573131854,0.0,0.0,10.059300601695414,1.426944189453125,-0.0430956298828125,9.957484704589843,27.014057150194276,100.95508057956356,65.8648910792709,43.8761795,10.2464715,25.8,-0.10687022900763359,-1.9236641221374047,0.44274809160305345
38.15,0.03210557313185425,26.032105573131854,0.0,0.0,9.984500118109537,1.4006079711914061,-0.047884033203124995,9.885658654785155,27.014057150194276,100.95508057956356,65.8648910792709,43.8761795,10.2464715,25.8,-0.183206106870229,-2.0763358778625953,0.5038167938931297
38.16,0.03210557313185425,26.032105573131854,0.0,0.0,10.036772926500559,1.4341267944335936,-0.06943184814453125,9.93354268798828,27.014057150194276,100.95508057956356,65.8648910792709,43.8761795,10.2464715,25.8,0.13740458015267176,-1.9694656488549618,0.5343511450381679
38.16,0.03210557313185425,26.032105573131854,0.0,0.0,10.036772926500559,1.4341267944335936,-0.06943184814453125,9.93354268798828,27.014057150194276,100.95508057956356,65.8648910792709,43.8761795,10.2464715,25.8,0.13740458015267176,-1.9694656488549618,0.5343511450381679
38.17,0.03210557313185425,26.032105573131854,0.0,0.0,10.028273060913445,1.3910311645507811,-0.05985504150390625,9.931148486328125,27.014057150194276,100.95508057956356,65.8648910792709,43.8761795,10.2464715,25.8,-0.07633587786259542,-1.8778625954198473,0.5190839694656488
38.18,0.03210557313185425,26.032105573131854,0.0,0.0,10.122063115595418,1.39821376953125,-0.1005564697265625,10.024522351074218,27.014057150194276,100.95508057956356,65.8648910792709,43.8761795,10.2464715,25.8,-0.8396946564885496,-1.6641221374045803,0.4580152671755725
38.19,0.03210557313185425,26.032105573131854,0.0,0.0,10.069519782457787,1.4149731811523436,-0.055066638183593745,9.969455712890625,27.014057150194276,100.95508057956356,65.8648910792709,43.8761795,10.2464715,25.8,-1.0381679389312977,-1.4198473282442747,0.3816793893129771
38.21,0.03210557313185425,26.032105573131854,0.0,0.0,9.968033694878137,1.4006079711914061,-0.06943184814453125,9.868899243164062,27.014057150194276,100.95508057956356,65.8648910792709,43.8761795,10.2464715,25.8,-0.9770992366412213,-1.1450381679389312,0.549618320610687
38.22,0.03210557313185425,26.032105573131854,0.0,0.0,10.100258589423763,1.4149731811523436,-0.0383072265625,10.000580334472655,27.014057150194276,100.95508057956356,65.8648910792709,43.8761795,10.2464715,25.8,-1.3740458015267176,-0.9618320610687023,0.4732824427480916
38.22,-0.03936741705219404,25.960632582947806,0.0,0.0,10.100258589423763,1.4149731811523436,-0.0383072265625,10.000580334472655,26.9728394047901,100.95593593560064,65.85128276310391,43.8761795,10.2464715,25.8,-1.3740458015267176,-0.9618320610687023,0.4732824427480916
38.23,-0.03936741705219404,25.960632582947806,0.0,0.0,10.006003504792869,1.4173673828125,-0.076614453125,9.904812268066406,26.9728394047901,100.95593593560064,65.85128276310391,43.8761795,10.2464715,25.8,-1.1297709923664123,-0.7938931297709924,0.44274809160305345
38.24,-0.03936741705219404,25.960632582947806,0.0,0.0,10.010186918272133,1.4125789794921875,-0.0909796630859375,9.909600671386718,26.9728394047901,100.95593593560064,65.85128276310391,43.8761795,10.2464715,25.8,-1.465648854961832,-0.5954198473282443,0.3816793893129771
38.25,-0.03936741705219404,25.960632582947806,0.0,0.0,10.028333650760693,1.4245499877929686,-0.07422025146484375,9.926360083007811,26.9728394047901,100.95593593560064,65.85128276310391,43.8761795,10.2464715,25.8,-1.633587786259542,-0.4580152671755725,0.42748091603053434
38.26,-0.03936741705219404,25.960632582947806,0.0,0.0,10.028333650760693,1.4245499877929686,-0.07422025146484375,9.926360083007811,26.9728394047901,100.95593593560064,65.85128276310391,43.8761795,10.2464715,25.8,-1.633587786259542,-0.4580152671755725,0.42748091603053434
38.27,-0.03936741705219404,25.960632582947806,0.0,0.0,10.011794753333346,1.47482822265625,-0.055066638183593745,9.90241806640625,26.9728394047901,100.95593593560064,65.85128276310391,43.8761795,10.2464715,25.8,-1.8473282442748091,-0.4732824427480916,0.5038167938931297
38.28,-0.03936741705219404,25.960632582947806,0.0,0.0,10.038171216377929,1.426944189453125,-0.076614453125,9.935936889648437,26.9728394047901,100.95593593560064,65.85128276310391,43.8761795,10.2464715,25.8,-1.8473282442748091,-0.6870229007633588,0.366412213740458
38.29,-0.03936741705219404,25.960632582947806,0.0,0.0,10.07092547847313,1.407790576171875,-0.062249243164062495,9.97184991455078,26.9728394047901,100.95593593560064,65.85128276310391,43.8761795,10.2464715,25.8,-1.6793893129770991,-0.8244274809160306,0.366412213740458
38.3,-0.03936741705219404,25.960632582947806,0.0,0.0,10.02203720823128,1.4317325927734375,-0.03591302490234375,9.919177478027343,26.9728394047901,100.95593593560064,65.85128276310391,43.8761795,10.2464715,25.8,-1.1145038167938932,-0.9465648854961832,0.48854961832061067
38.31,-0.03936741705219404,25.960632582947806,0.0,0.0,10.066226344023855,1.47482822265625,-0.047884033203124995,9.957484704589843,26.9728394047901,100.95593593560064,65.85128276310391,43.8761795,10.2464715,25.8,-0.8244274809160306,-1.3587786259541985,0.3969465648854962
47.98,-0.03936741705219404,25.960632582947806,0.0,0.0,10.06028780273096,1.3168109130859373,-0.19393033447265623,9.97184991455078,26.9728394047901,100.95593593560064,65.85128276310391,43.8761795,10.2464715,25.8,-0.5648854961832062,-1.3282442748091603,0.4580152671755725
47.99,-0.03936741705219404,25.960632582947806,0.0,0.0,10.012030639035363,1.2569558715820313,-0.181959326171875,9.931148486328125,26.9728394047901,100.95593593560064,65.85128276310391,43.8761795,10.2464715,25.8,-0.8091603053435115,-1.2671755725190839,0.42748091603053434
48.01,-0.03936741705219404,25.960632582947806,0.0,0.0,10.050249734727991,1.2928688964843749,-0.20350714111328125,9.964667309570311,26.9728394047901,100.95593593560064,65.85128276310391,43.8761795,10.2464715,25.8,-0.6564885496183206,-1.3129770992366412,0.366412213740458
48.02,-0.03936741705219404,25.960632582947806,0.0,0.0,10.004009983354969,1.2928688964843749,-0.13646949462890623,9.919177478027343,26.9728394047901,100.95593593560064,65.85128276310391,43.8761795,10.2464715,25.8,-1.0687022900763359,-1.282442748091603,0.3816793893129771
48.03,-0.03936741705219404,25.960632582947806,0.0,0.0,10.05577067231451,1.3144167114257812,-0.22026655273437498,9.967061511230469,26.9728394047901,100.95593593560064,65.85128276310391,43.8761795,10.2464715,25.8,-0.9465648854961832,-1.282442748091603,0.3511450381679389
48.04,-0.03936741705219404,25.960632582947806,0.0,0.0,10.046156895539328,1.3024457031249999,-0.17238251953125,9.95987890625,26.9728394047901,100.95593593560064,65.85128276310391,43.8761795,10.2464715,25.8,-0.916030534351145,-1.3587786259541985,0.32061068702290074
48.05,-0.03936741705219404,25.960632582947806,0.0,0.0,9.996084678948712,1.2976572998046874,-0.19393033447265623,9.909600671386718,26.9728394047901,100.95593593560064,65.85128276310391,43.8761795,10.2464715,25.8,-1.0534351145038168,-1.3740458015267176,0.3969465648854962
48.06,-0.03936741705219404,25.960632582947806,0.0,0.0,9.996084678948712,1.2976572998046874,-0.19393033447265623,9.909600671386718,26.9728394047901,100.95593593560064,65.85128276310391,43.8761795,10.2464715,25.8,-1.0534351145038168,-1.3740458015267176,0.3969465648854962
48.07,-0.03936741705219404,25.960632582947806,0.0,0.0,9.984974034686,1.2832920898437499,-0.2059013427734375,9.900023864746093,26.9728394047901,100.95593593560064,65.85128276310391,43.8761795,10.2464715,25.8,-0.7786259541984732,-1.3282442748091603,0.4122137404580153
48.08,-0.03936741705219404,25.960632582947806,0.0,0.0,10.025827440537894,1.2689268798828124,-0.20350714111328125,9.943119494628906,26.9728394047901,100.95593593560064,65.85128276310391,43.8761795,10.2464715,25.8,-1.1450381679389312,-1.3435114503816794,0.366412213740458
48.09,-0.03936741705219404,25.960632582947806,0.0,0.0,10.023473582134903,1.2880804931640624,-0.201112939453125,9.938331091308592,26.9728394047901,100.95593593560064,65.85128276310391,43.8761795,10.2464715,25.8,-1.1755725190839694,-1.3435114503816794,0.32061068702290074
48.1,-0.03936741705219404,25.960632582947806,0.0,0.0,10.01978228934345,1.2425906616210938,-0.18435352783203124,9.94072529296875,26.9728394047901,100.95593593560064,65.85128276310391,43.8761795,10.2464715,25.8,-0.9618320610687023,-1.4198473282442747,0.44274809160305345
48.11,-0.03936741705219404,25.960632582947806,0.0,0.0,10.002995452425111,1.2569558715820313,-0.2059013427734375,9.9215716796875,26.9728394047901,100.95593593560064,65.85128276310391,43.8761795,10.2464715,25.8,-1.0381679389312977,-1.4045801526717556,0.4580152671755725
48.13,-0.03936741705219404,25.960632582947806,0.0,0.0,10.049635729735575,1.3263877197265623,-0.19153613281249998,9.95987890625,26.9728394047901,100.95593593560064,65.85128276310391,43.8761795,10.2464715,25.8,-1.1755725190839694,-1.3740458015267176,0.4122137404580153
48.14,-0.03936741705219404,25.960632582947806,0.0,0.0,10.029113283681436,1.2761094848632812,-0.20350714111328125,9.945513696289062,26.9728394047901,100.95593593560064,65.85128276310391,43.8761795,10.2464715,25.8,-1.0076335877862594,-1.3893129770992367,0.3816793893129771
48.15,-0.03936741705219404,25.960632582947806,0.0,0.0,10.011724902617194,1.2904746948242187,-0.19153613281249998,9.926360083007811,26.9728394047901,100.95593593560064,65.85128276310391,43.8761795,10.2464715,25.8,-0.9618320610687023,-1.297709923664122,0.4122137404580153
48.16,-0.03936741705219404,25.960632582947806,0.0,0.0,10.011724902617194,1.2904746948242187,-0.19153613281249998,9.926360083007811,26.9728394047901,100.95593593560064,65.85128276310391,43.8761795,10.2464715,25.8,-0.9618320610687023,-1.297709923664122,0.4122137404580153
48.16,-0.03936741705219404,25.960632582947806,0.0,0.0,9.960193715771927,1.2401964599609374,-0.18914193115234373,9.880870251464843,26.9728394047901,100.95593593560064,65.85128276310391,43.8761795,10.2464715,25.8,-1.1908396946564885,-1.3740458015267176,0.44274809160305345
48.17,-0.03936741705219404,25.960632582947806,0.0,0.0,9.992472184864479,1.2880804931640624,-0.19393033447265623,9.907206469726562,26.9728394047901,100.95593593560064,65.85128276310391,43.8761795,10.2464715,25.8,-0.5954198473282443,-1.282442748091603,0.4122137404580153
48.18,-0.20301774592028643,25.796982254079715,-16.365032886812493,0.0,9.992472184864479,1.2880804931640624,-0.19393033447265623,9.907206469726562,26.867749970725527,100.95789444994213,65.82044712207592,43.8761795,10.2464715,25.8,-0.5954198473282443,-1.282442748091603,0.4122137404580153
48.18,-0.20301774592028643,25.796982254079715,-16.365032886812493,0.0,9.992472184864479,1.2880804931640624,-0.19393033447265623,9.907206469726562,26.867749970725527,100.95789444994213,65.82044712207592,43.8761795,10.2464715,25.8,-0.5954198473282443,-1.282442748091603,0.4122137404580153
48.19,-0.20301774592028643,25.796982254079715,0.0,0.0,10.037976775228955,1.2904746948242187,-0.19871873779296872,9.952696301269532,26.867749970725527,100.95789444994213,65.82044712207592,43.8761795,10.2464715,25.8,-0.7938931297709924,-1.3893129770992367,0.4122137404580153
48.2,-0.20301774592028643,25.796982254079715,0.0,0.0,10.008892961749744,1.2928688964843749,-0.14604630126953125,9.923965881347655,26.867749970725527,100.95789444994213,65.82044712207592,43.8761795,10.2464715,25.8,-0.732824427480916,-1.3435114503816794,0.44274809160305345
48.21,-0.20301774592028643,25.796982254079715,0.0,0.0,10.068618599345015,1.3263877197265623,-0.19153613281249998,9.97903251953125,26.867749970725527,100.95789444994213,65.82044712207592,43.8761795,10.2464715,25.8,-0.9465648854961832,-1.297709923664122,0.3816793893129771
48.22,-0.20301774592028643,25.796982254079715,0.0,0.0,9.984120050040707,1.2785036865234374,-0.19393033447265623,9.900023864746093,26.867749970725527,100.95789444994213,65.82044712207592,43.8761795,10.2464715,25.8,-0.5954198473282443,-1.2671755725190839,0.3816793893129771
48.23,-0.20301774592028643,25.796982254079715,0.0,0.0,9.990337971533519,1.2880804931640624,-0.2059013427734375,9.904812268066406,26.867749970725527,100.95789444994213,65.82044712207592,43.8761795,10.2464715,25.8,-0.9007633587786259,-1.3435114503816794,0.42748091603053434
48.25,-0.20301774592028643,25.796982254079715,0.0,0.0,10.056977091726369,1.2952630981445312,-0.16519991455078123,9.97184991455078,26.867749970725527,100.95789444994213,65.82044712207592,43.8761795,10.2464715,25.8,-0.8244274809160306,-1.3282442748091603,0.3969465648854962
48.26,-0.20301774592028643,25.796982254079715,0.0,0.0,10.033746105303297,1.3120225097656248,-0.20350714111328125,9.945513696289062,26.867749970725527,100.95789444994213,65.82044712207592,43.8761795,10.2464715,25.8,-0.7175572519083969,-1.297709923664122,0.3816793893129771
48.26,-0.20301774592028643,25.796982254079715,0.0,0.0,10.033746105303297,1.3120225097656248,-0.20350714111328125,9.945513696289062,26.867749970725527,100.95789444994213,65.82044712207592,43.8761795,10.2464715,25.8,-0.7175572519083969,-1.297709923664122,0.3816793893129771
48.27,-0.20301774592028643,25.796982254079715,0.0,0.0,10.02192939324425,1.3120225097656248,-0.2059013427734375,9.93354268798828,26.867749970725527,100.95789444994213,65.82044712207592,43.8761795,10.2464715,25.8,-1.0229007633587786,-1.3893129770992367,0.3511450381679389
48.28,-0.20301774592028643,25.796982254079715,0.0,0.0,10.063338823919347,1.2880804931640624,-0.17477672119140625,9.97903251953125,26.867749970725527,100.95789444994213,65.82044712207592,43.8761795,10.2464715,25.8,-0.8549618320610687,-1.297709923664122,0.2595419847328244
48.29,-0.20301774592028643,25.796982254079715,0.0,0.0,10.011105099300678,1.3168109130859373,-0.22505495605468748,9.9215716796875,26.867749970725527,100.95789444994213,65.82044712207592,43.8761795,10.2464715,25.8,-0.8091603053435115,-1.450381679389313,0.3511450381679389
48.29,-0.09906872568367309,25.900931274316328,0.0,0.0,10.011105099300678,1.3168109130859373,-0.22505495605468748,9.9215716796875,26.980076106826164,100.95665041803792,65.8594377205425,43.8761795,10.2464715,25.8,-0.8091603053435115,-1.450381679389313,0.3511450381679389
48.31,-0.09906872568367309,25.900931274316328,0.0,0.0,10.01067937382276,1.2856862915039062,-0.16759411621093748,9.926360083007811,26.980076106826164,100.95665041803792,65.8594377205425,43.8761795,10.2464715,25.8,-0.7633587786259542,-1.3435114503816794,0.33587786259541985
48.32,-0.09906872568367309,25.900931274316328,0.0,0.0,9.971287994247229,1.2808978881835937,-0.2442085693359375,9.885658654785155,26.980076106826164,100.95665041803792,65.8594377205425,43.8761795,10.2464715,25.8,-0.9923664122137404,-1.2671755725190839,0.366412213740458
48.33,-0.09906872568367309,25.900931274316328,0.0,0.0,10.065925670510456,1.3024457031249999,-0.21308394775390624,9.97903251953125,26.980076106826164,100.95665041803792,65.8594377205425,43.8761795,10.2464715,25.8,-0.8702290076335878,-1.3282442748091603,0.48854961832061067
48.34,-0.09906872568367309,25.900931274316328,0.0,0.0,9.974187220713967,1.2785036865234374,-0.16998831787109375,9.890447058105469,26.980076106826164,100.95665041803792,65.8594377205425,43.8761795,10.2464715,25.8,-0.7022900763358778,-1.297709923664122,0.48854961832061067
48.35,-0.09906872568367309,25.900931274316328,0.0,0.0,10.037414559292953,1.3192051147460937,-0.22026655273437498,9.947907897949218,26.980076106826164,100.95665041803792,65.8594377205425,43.8761795,10.2464715,25.8,-1.0534351145038168,-1.4198473282442747,0.48854961832061067
48.36,-0.09906872568367309,25.900931274316328,0.0,0.0,10.037414559292953,1.3192051147460937,-0.22026655273437498,9.947907897949218,26.980076106826164,100.95665041803792,65.8594377205425,43.8761795,10.2464715,25.8,-1.0534351145038168,-1.4198473282442747,0.48854961832061067
48.37,-0.09906872568367309,25.900931274316328,0.0,0.0,9.954302481126962,1.3048399047851562,-0.19393033447265623,9.866505041503906,26.980076106826164,100.95665041803792,65.8594377205425,43.8761795,10.2464715,25.8,-0.8854961832061069,-1.3740458015267176,0.366412213740458
48.38,-0.09906872568367309,25.900931274316328,0.0,0.0,10.02311843975627,1.2856862915039062,-0.19871873779296872,9.938331091308592,26.980076106826164,100.95665041803792,65.8594377205425,43.8761795,10.2464715,25.8,-0.9770992366412213,-1.3435114503816794,0.42748091603053434
48.39,-0.09906872568367309,25.900931274316328,0.0,0.0,10.028261628825744,1.2928688964843749,-0.16998831787109375,9.943119494628906,26.980076106826164,100.95665041803792,65.8594377205425,43.8761795,10.2464715,25.8,-1.3129770992366412,-1.3587786259541985,0.4580152671755725
48.4,-0.09906872568367309,25.900931274316328,0.0,0.0,9.98540544857056,1.2737152832031249,-0.16759411621093748,9.90241806640625,26.980076106826164,100.95665041803792,65.8594377205425,43.8761795,10.2464715,25.8,-0.9007633587786259,-1.282442748091603,0.5343511450381679
48.41,-0.09906872568367309,25.900931274316328,0.0,0.0,10.00619369789445,1.2832920898437499,-0.19871873779296872,9.9215716796875,26.980076106826164,100.95665041803792,65.8594377205425,43.8761795,10.2464715,25.8,-1.083969465648855,-1.282442748091603,0.3969465648854962
48.41,-0.056930370436505395,25.943069629563496,0.0,0.0,10.00619369789445,1.2832920898437499,-0.19871873779296872,9.9215716796875,27.02034993740017,100.9561461218872,65.87289580185872,43.8761795,10.2464715,25.8,-1.083969465648855,-1.282442748091603,0.3969465648854962
58.08,-0.056930370436505395,25.943069629563496,0.0,0.0,10.01447905631538,1.3239935180664062,-0.22744915771484372,9.923965881347655,27.02034993740017,100.9561461218872,65.87289580185872,43.8761795,10.2464715,25.8,-0.732824427480916,-1.2671755725190839,0.3511450381679389
58.09,-0.056930370436505395,25.943069629563496,0.0,0.0,9.977097095425712,1.3000515014648437,-0.1771709228515625,9.890447058105469,27.02034993740017,100.9561461218872,65.87289580185872,43.8761795,10.2464715,25.8,-0.9923664122137404,-1.3435114503816794,0.4122137404580153
58.11,-0.056930370436505395,25.943069629563496,0.0,0.0,9.95923803381684,1.2904746948242187,-0.1771709228515625,9.873687646484374,27.02034993740017,100.9561461218872,65.87289580185872,43.8761795,10.2464715,25.8,-1.0534351145038168,-1.4351145038167938,0.4122137404580153
58.12,-0.056930370436505395,25.943069629563496,0.0,0.0,9.94054912844846,1.2952630981445312,-0.1580173095703125,9.854534033203125,27.02034993740017,100.9561461218872,65.87289580185872,43.8761795,10.2464715,25.8,-0.9923664122137404,-1.3587786259541985,0.4580152671755725
58.12,-0.11672758486934498,25.883272415130655,0.0,0.0,9.94054912844846,1.2952630981445312,-0.1580173095703125,9.854534033203125,26.971266208771702,100.95686175329816,65.90698718192868,43.8761795,10.2464715,25.8,-0.9923664122137404,-1.3587786259541985,0.4580152671755725
58.13,-0.11672758486934498,25.883272415130655,0.0,0.0,10.000211481903547,1.3144167114257812,-0.16998831787109375,9.911994873046874,26.971266208771702,100.95686175329816,65.90698718192868,43.8761795,10.2464715,25.8,-1.1297709923664123,-1.3893129770992367,0.3816793893129771
58.14,-0.11672758486934498,25.883272415130655,0.0,0.0,10.033706400411972,1.2952630981445312,-0.19153613281249998,9.947907897949218,26.971266208771702,100.95686175329816,65.90698718192868,43.8761795,10.2464715,25.8,-0.8702290076335878,-1.3435114503816794,0.3053435114503817
58.15,-0.11672758486934498,25.883272415130655,0.0,0.0,10.026892827928634,1.2641384765625,-0.16519991455078123,9.945513696289062,26.971266208771702,100.95686175329816,65.90698718192868,43.8761795,10.2464715,25.8,-0.732824427480916,-1.3129770992366412,0.366412213740458
58.16,-0.11672758486934498,25.883272415130655,0.0,0.0,10.026892827928634,1.2641384765625,-0.16519991455078123,9.945513696289062,26.971266208771702,100.95686175329816,65.90698718192868,43.8761795,10.2464715,25.8,-0.732824427480916,-1.3129770992366412,0.366412213740458
58.17,-0.11672758486934498,25.883272415130655,0.0,0.0,10.053918438512028,1.2832920898437499,-0.21068974609375,9.969455712890625,26.971266208771702,100.95686175329816,65.90698718192868,43.8761795,10.2464715,25.8,-0.9312977099236641,-1.3740458015267176,0.4580152671755725
58.18,-0.11672758486934498,25.883272415130655,0.0,0.0,10.026932845640744,1.2665326782226562,-0.1484405029296875,9.945513696289062,26.971266208771702,100.95686175329816,65.90698718192868,43.8761795,10.2464715,25.8,-0.7022900763358778,-1.3129770992366412,0.4732824427480916
58.19,-0.11672758486934498,25.883272415130655,0.0,0.0,10.037177271304184,1.2856862915039062,-0.18914193115234373,9.952696301269532,26.971266208771702,100.95686175329816,65.90698718192868,43.8761795,10.2464715,25.8,-0.7022900763358778,-1.297709923664122,0.4580152671755725
58.2,-0.11672758486934498,25.883272415130655,0.0,0.0,9.995298455371643,1.3072341064453123,-0.21068974609375,9.907206469726562,26.971266208771702,100.95686175329816,65.90698718192868,43.8761795,10.2464715,25.8,-0.6564885496183206,-1.282442748091603,0.4580152671755725
58.21,-0.11672758486934498,25.883272415130655,0.0,0.0,10.027577680465763,1.2689268798828124,-0.16998831787109375,9.945513696289062,26.971266208771702,100.95686175329816,65.90698718192868,43.8761795,10.2464715,25.8,-1.0076335877862594,-1.3893129770992367,0.44274809160305345
58.23,-0.11672758486934498,25.883272415130655,0.0,0.0,9.967893379638959,1.2976572998046874,-0.20829554443359374,9.880870251464843,26.971266208771702,100.95686175329816,65.90698718192868,43.8761795,10.2464715,25.8,-0.6870229007633588,-1.297709923664122,0.366412213740458
58.23,-0.09139817066086797,25.908601829339133,0.0,0.0,9.967893379638959,1.2976572998046874,-0.20829554443359374,9.880870251464843,27.003674052258976,100.95655861953871,65.93317922482214,43.8761795,10.2464715,25.8,-0.6870229007633588,-1.297709923664122,0.366412213740458
58.24,-0.09139817066086797,25.908601829339133,0.0,0.0,10.006739050840139,1.2928688964843749,-0.16041151123046873,9.9215716796875,27.003674052258976,100.95655861953871,65.93317922482214,43.8761795,10.2464715,25.8,-0.6717557251908397,-1.2671755725190839,0.33587786259541985
58.25,-0.09139817066086797,25.908601829339133,0.0,0.0,10.060459591456832,1.3335703247070312,-0.21068974609375,9.969455712890625,27.003674052258976,100.95655861953871,65.93317922482214,43.8761795,10.2464715,25.8,-0.5648854961832062,-1.2366412213740459,0.3816793893129771
58.26,-0.09139817066086797,25.908601829339133,0.0,0.0,10.060459591456832,1.3335703247070312,-0.21068974609375,9.969455712890625,27.003674052258976,100.95655861953871,65.93317922482214,43.8761795,10.2464715,25.8,-0.5648854961832062,-1.2366412213740459,0.3816793893129771
58.26,-0.09139817066086797,25.908601829339133,0.0,0.0,10.043452807442705,1.2665326782226562,-0.14125789794921875,9.962273107910155,27.003674052258976,100.95655861953871,65.93317922482214,43.8761795,10.2464715,25.8,-1.1145038167938932,-1.3587786259541985,0.4580152671755725
58.27,-0.09139817066086797,25.908601829339133,0.0,0.0,10.023660298483495,1.2713210815429687,-0.19871873779296872,9.94072529296875,27.003674052258976,100.95655861953871,65.93317922482214,43.8761795,10.2464715,25.8,-1.0229007633587786,-1.3282442748091603,0.4122137404580153
58.29,-0.09139817066086797,25.908601829339133,0.0,0.0,9.977525402830208,1.2856862915039062,-0.17238251953125,9.892841259765625,27.003674052258976,100.95655861953871,65.93317922482214,43.8761795,10.2464715,25.8,-1.1297709923664123,-1.3740458015267176,0.3969465648854962
58.3,-0.09139817066086797,25.908601829339133,0.0,0.0,10.103581215887914,1.2832920898437499,-0.201112939453125,10.019733947753906,27.003674052258976,100.95655861953871,65.93317922482214,43.8761795,10.2464715,25.8,-1.1145038167938932,-1.465648854961832,0.44274809160305345
58.31,-0.09139817066086797,25.908601829339133,0.0,0.0,10.020426440218012,1.2808978881835937,-0.21308394775390624,9.935936889648437,27.003674052258976,100.95655861953871,65.93317922482214,43.8761795,10.2464715,25.8,-1.3129770992366412,-1.3893129770992367,0.3816793893129771
58.32,-0.09139817066086797,25.908601829339133,0.0,0.0,10.073114319195708,1.3192051147460937,-0.22505495605468748,9.983820922851562,27.003674052258976,100.95655861953871,65.93317922482214,43.8761795,10.2464715,25.8,-0.8091603053435115,-1.3587786259541985,0.3816793893129771
58.33,-0.09139817066086797,25.908601829339133,0.0,0.0,10.013818781080095,1.2737152832031249,-0.16280571289062498,9.931148486328125,27.003674052258976,100.95655861953871,65.93317922482214,43.8761795,10.2464715,25.8,-0.8091603053435115,-1.3587786259541985,0.366412213740458
58.34,-0.18474794011491324,25.815252059885086,-9.334976945399752,0.0,10.013818781080095,1.2737152832031249,-0.16280571289062498,9.931148486328125,27.000213019877993,100.95767580127462,65.91863066523094,43.8761795,10.2464715,25.8,-0.8091603053435115,-1.3587786259541985,0.366412213740458
58.35,-0.18474794011491324,25.815252059885086,0.0,0.0,10.00907708659423,1.2593500732421874,-0.12449848632812499,9.928754284667969,27.000213019877993,100.95767580127462,65.91863066523094,43.8761795,10.2464715,25.8,-0.8854961832061069,-1.3435114503816794,0.33587786259541985
58.36,-0.18474794011491324,25.815252059885086,0.0,0.0,9.989946649632138,1.3048399047851562,-0.19632453613281248,9.90241806640625,27.000213019877993,100.95767580127462,65.91863066523094,43.8761795,10.2464715,25.8,-0.8702290076335878,-1.3587786259541985,0.44274809160305345
58.36,-0.18474794011491324,25.815252059885086,0.0,0.0,9.989946649632138,1.3048399047851562,-0.19632453613281248,9.90241806640625,27.000213019877993,100.95767580127462,65.91863066523094,43.8761795,10.2464715,25.8,-0.8702290076335878,-1.3587786259541985,0.44274809160305345
58.37,-0.18474794011491324,25.815252059885086,0.0,0.0,10.07813245873589,1.2737152832031249,-0.17477672119140625,9.995791931152343,27.000213019877993,100.95767580127462,65.91863066523094,43.8761795,10.2464715,25.8,-0.9923664122137404,-1.3740458015267176,0.4122137404580153
58.38,-0.18474794011491324,25.815252059885086,0.0,0.0,9.972616719405552,1.3359645263671873,-0.19153613281249998,9.880870251464843,27.000213019877993,100.95767580127462,65.91863066523094,43.8761795,10.2464715,25.8,-1.0687022900763359,-1.297709923664122,0.32061068702290074
58.39,-0.18474794011491324,25.815252059885086,0.0,0.0,10.102705766869484,1.2808978881835937,-0.16998831787109375,10.019733947753906,27.000213019877993,100.95767580127462,65.91863066523094,43.8761795,10.2464715,25.8,-1.2366412213740459,-1.3435114503816794,0.2595419847328244
58.41,-0.18474794011491324,25.815252059885086,0.0,0.0,9.96064145330891,1.2832920898437499,-0.17477672119140625,9.87608184814453,27.000213019877993,100.95767580127462,65.91863066523094,43.8761795,10.2464715,25.8,-1.0229007633587786,-1.3740458015267176,0.366412213740458
58.42,-0.18474794011491324,25.815252059885086,0.0,0.0,10.039344635873954,1.2521674682617188,-0.14604630126953125,9.95987890625,27.000213019877993,100.95767580127462,65.91863066523094,43.8761795,10.2464715,25.8,-1.2671755725190839,-1.3740458015267176,0.44274809160305345
58.43,-0.18474794011491324,25.815252059885086,0.0,0.0,9.979912499192185,1.2976572998046874,-0.2154781494140625,9.892841259765625,27.000213019877993,100.95767580127462,65.91863066523094,43.8761795,10.2464715,25.8,-1.0687022900763359,-1.3129770992366412,0.3969465648854962
58.44,-0.18474794011491324,25.815252059885086,0.0,0.0,10.048349420238592,1.2713210815429687,-0.24181436767578124,9.964667309570311,27.000213019877993,100.95767580127462,65.91863066523094,43.8761795,10.2464715,25.8,-0.7480916030534351,-1.2213740458015268,0.42748091603053434
58.45,-0.13811237487861394,25.861887625121387,4.663556523627545,0.0,10.048349420238592,1.2713210815429687,-0.24181436767578124,9.964667309570311,26.97378332241424,100.95711767971923,65.90039582992696,43.8761795,10.2464715,25.8,-0.7480916030534351,-1.2213740458015268,0.42748091603053434
58.45,-0.13811237487861394,25.861887625121387,4.663556523627545,0.0,10.051534945617206,1.3024457031249999,-0.2059013427734375,9.964667309570311,26.97378332241424,100.95711767971923,65.90039582992696,43.8761795,10.2464715,25.8,-0.5648854961832062,-1.297709923664122,0.44274809160305345
58.46,-0.13811237487861394,25.861887625121387,0.0,0.0,10.051534945617206,1.3024457031249999,-0.2059013427734375,9.964667309570311,26.97378332241424,100.95711767971923,65.90039582992696,43.8761795,10.2464715,25.8,-0.5648854961832062,-1.297709923664122,0.44274809160305345
58.47,-0.13811237487861394,25.861887625121387,0.0,0.0,10.043745592863232,1.24498486328125,-0.17956512451171874,9.964667309570311,26.97378332241424,100.95711767971923,65.90039582992696,43.8761795,10.2464715,25.8,-0.6412213740458015,-1.297709923664122,0.3969465648854962
58.48,-0.13811237487861394,25.861887625121387,0.0,0.0,10.020340346073171,1.2856862915039062,-0.1771709228515625,9.935936889648437,26.97378332241424,100.95711767971923,65.90039582992696,43.8761795,10.2464715,25.8,-0.9465648854961832,-1.282442748091603,0.4732824427480916
58.49,-0.13811237487861394,25.861887625121387,0.0,0.0,10.029129287241462,1.2713210815429687,-0.23223756103515625,9.945513696289062,26.97378332241424,100.95711767971923,65.90039582992696,43.8761795,10.2464715,25.8,-1.0229007633587786,-1.3435114503816794,0.3969465648854962
58.5,-0.13811237487861394,25.861887625121387,0.0,0.0,10.051044776958841,1.2880804931640624,-0.1484405029296875,9.967061511230469,26.97378332241424,100.95711767971923,65.90039582992696,43.8761795,10.2464715,25.8,-1.0534351145038168,-1.297709923664122,0.3053435114503817
58.51,-0.13811237487861394,25.861887625121387,0.0,0.0,10.066140356871637,1.2569558715820313,-0.15083470458984374,9.986215124511718,26.97378332241424,100.95711767971923,65.90039582992696,43.8761795,10.2464715,25.8,-0.8549618320610687,-1.3129770992366412,0.3053435114503817
68.06,-0.13811237487861394,25.861887625121387,0.0,0.0,10.066140356871637,1.2569558715820313,-0.15083470458984374,9.986215124511718,26.97378332241424,100.95711767971923,65.90039582992696,43.8761795,10.2464715,25.8,-0.8549618320610687,-1.3129770992366412,0.3053435114503817
68.07,-0.13811237487861394,25.861887625121387,0.0,0.0,10.05509230064039,1.3144167114257812,-0.1867477294921875,9.967061511230469,26.97378332241424,100.95711767971923,65.90039582992696,43.8761795,10.2464715,25.8,-0.7480916030534351,-1.251908396946565,0.4122137404580153
68.08,-0.13811237487861394,25.861887625121387,0.0,0.0,10.043990144903656,1.3192051147460937,-0.19393033447265623,9.955090502929687,26.97378332241424,100.95711767971923,65.90039582992696,43.8761795,10.2464715,25.8,-1.099236641221374,-1.3129770992366412,0.48854961832061067
68.1,-0.13811237487861394,25.861887625121387,0.0,0.0,10.02175465614689,1.2761094848632812,-0.19153613281249998,9.938331091308592,26.97378332241424,100.95711767971923,65.90039582992696,43.8761795,10.2464715,25.8,-1.1755725190839694,-1.282442748091603,0.44274809160305345
68.11,-0.13811237487861394,25.861887625121387,0.0,0.0,9.993347826266382,1.2785036865234374,-0.17956512451171874,9.909600671386718,26.97378332241424,100.95711767971923,65.90039582992696,43.8761795,10.2464715,25.8,-0.916030534351145,-1.3282442748091603,0.3969465648854962
68.12,-0.13811237487861394,25.861887625121387,0.0,0.0,10.023602825674747,1.2737152832031249,-0.17956512451171874,9.94072529296875,26.97378332241424,100.95711767971923,65.90039582992696,43.8761795,10.2464715,25.8,-0.9770992366412213,-1.3740458015267176,0.366412213740458
68.13,-0.13811237487861394,25.861887625121387,0.0,0.0,10.05336053515149,1.3000515014648437,-0.19393033447265623,9.967061511230469,26.97378332241424,100.95711767971923,65.90039582992696,43.8761795,10.2464715,25.8,-0.7633587786259542,-1.3435114503816794,0.366412213740458
68.14,-0.06957035088068775,25.93042964911931,6.854202399789113,0.0,10.05336053515149,1.3000515014648437,-0.19393033447265623,9.967061511230469,26.914631170281062,100.95629739225413,65.95386370282455,43.8761795,10.2464715,25.8,-0.7633587786259542,-1.3435114503816794,0.366412213740458
68.14,-0.06957035088068775,25.93042964911931,6.854202399789113,0.0,10.052981074757172,1.235408056640625,-0.22505495605468748,9.974244116210937,26.914631170281062,100.95629739225413,65.95386370282455,43.8761795,10.2464715,25.8,-1.0381679389312977,-1.3129770992366412,0.42748091603053434
68.16,-0.06957035088068775,25.93042964911931,0.0,0.0,10.07420031074689,1.2952630981445312,-0.19871873779296872,9.988609326171874,26.914631170281062,100.95629739225413,65.95386370282455,43.8761795,10.2464715,25.8,-1.1603053435114503,-1.3893129770992367,0.3969465648854962
68.16,-0.06957035088068775,25.93042964911931,0.0,0.0,10.07420031074689,1.2952630981445312,-0.19871873779296872,9.988609326171874,26.914631170281062,100.95629739225413,65.95386370282455,43.8761795,10.2464715,25.8,-1.1603053435114503,-1.3893129770992367,0.3969465648854962
68.17,-0.06957035088068775,25.93042964911931,0.0,0.0,10.041002321107257,1.2976572998046874,-0.18435352783203124,9.955090502929687,26.914631170281062,100.95629739225413,65.95386370282455,43.8761795,10.2464715,25.8,-0.6259541984732825,-1.3129770992366412,0.42748091603053434
68.18,-0.06957035088068775,25.93042964911931,0.0,0.0,10.073642108072638,1.2976572998046874,-0.1484405029296875,9.988609326171874,26.914631170281062,100.95629739225413,65.95386370282455,43.8761795,10.2464715,25.8,-1.0534351145038168,-1.3282442748091603,0.3816793893129771
68.19,-0.06957035088068775,25.93042964911931,0.0,0.0,10.050983183394957,1.2832920898437499,-0.181959326171875,9.967061511230469,26.914631170281062,100.95629739225413,65.95386370282455,43.8761795,10.2464715,25.8,-0.732824427480916,-1.251908396946565,0.32061068702290074
68.2,-0.06957035088068775,25.93042964911931,0.0,0.0,9.989817831371237,1.3072341064453123,-0.17238251953125,9.90241806640625,26.914631170281062,100.95629739225413,65.95386370282455,43.8761795,10.2464715,25.8,-1.0381679389312977,-1.3740458015267176,0.3511450381679389
68.22,-0.06957035088068775,25.93042964911931,0.0,0.0,9.99827614429924,1.2808978881835937,-0.17238251953125,9.91438907470703,26.914631170281062,100.95629739225413,65.95386370282455,43.8761795,10.2464715,25.8,-0.9312977099236641,-1.4045801526717556,0.3816793893129771
68.23,-0.06957035088068775,25.93042964911931,0.0,0.0,10.015508735491094,1.2856862915039062,-0.17238251953125,9.931148486328125,26.914631170281062,100.95629739225413,65.95386370282455,43.8761795,10.2464715,25.8,-0.9465648854961832,-1.3587786259541985,0.42748091603053434
68.24,-0.06957035088068775,25.93042964911931,0.0,0.0,10.043469358892919,1.2808978881835937,-0.1771709228515625,9.95987890625,26.914631170281062,100.95629739225413,65.95386370282455,43.8761795,10.2464715,25.8,-1.0229007633587786,-1.2671755725190839,0.4122137404580153
68.25,-0.1463828149862989,25.8536171850137,-7.681246410557186,0.0,10.043469358892919,1.2808978881835937,-0.1771709228515625,9.95987890625,26.88285263639318,100.95721665787829,65.92777496314564,43.8761795,10.2464715,25.8,-1.0229007633587786,-1.2671755725190839,0.4122137404580153
68.25,-0.1463828149862989,25.8536171850137,-7.681246410557186,0.0,10.018965027681228,1.3120225097656248,-0.17477672119140625,9.931148486328125,26.88285263639318,100.95721665787829,65.92777496314564,43.8761795,10.2464715,25.8,-0.9770992366412213,-1.3740458015267176,0.3511450381679389
68.26,-0.1463828149862989,25.8536171850137,0.0,0.0,10.018965027681228,1.3120225097656248,-0.17477672119140625,9.931148486328125,26.88285263639318,100.95721665787829,65.92777496314564,43.8761795,10.2464715,25.8,-0.9770992366412213,-1.3740458015267176,0.3511450381679389
68.26,-0.1463828149862989,25.8536171850137,0.0,0.0,10.016139712244595,1.2689268798828124,-0.19393033447265623,9.93354268798828,26.88285263639318,100.95721665787829,65.92777496314564,43.8761795,10.2464715,25.8,-0.9007633587786259,-1.3129770992366412,0.33587786259541985
68.28,-0.1463828149862989,25.8536171850137,0.0,0.0,10.014115581186426,1.2713210815429687,-0.19632453613281248,9.931148486328125,26.88285263639318,100.95721665787829,65.92777496314564,43.8761795,10.2464715,25.8,-0.9312977099236641,-1.3282442748091603,0.366412213740458
68.29,-0.1463828149862989,25.8536171850137,0.0,0.0,10.00855648847005,1.2808978881835937,-0.21308394775390624,9.923965881347655,26.88285263639318,100.95721665787829,65.92777496314564,43.8761795,10.2464715,25.8,-1.099236641221374,-1.3740458015267176,0.4122137404580153
68.3,-0.1463828149862989,25.8536171850137,0.0,0.0,10.02831535952463,1.2713210815429687,-0.19393033447265623,9.945513696289062,26.88285263639318,100.95721665787829,65.92777496314564,43.8761795,10.2464715,25.8,-0.8244274809160306,-1.3282442748091603,0.3511450381679389
68.31,-0.1463828149862989,25.8536171850137,0.0,0.0,10.03647593971517,1.2808978881835937,-0.18435352783203124,9.952696301269532,26.88285263639318,100.95721665787829,65.92777496314564,43.8761795,10.2464715,25.8,-0.7480916030534351,-1.297709923664122,0.3053435114503817
68.32,-0.1463828149862989,25.8536171850137,0.0,0.0,10.074378121107337,1.2856862915039062,-0.14125789794921875,9.991003527832031,26.88285263639318,100.95721665787829,65.92777496314564,43.8761795,10.2464715,25.8,-0.9770992366412213,-1.3587786259541985,0.366412213740458
68.34,-0.1463828149862989,25.8536171850137,0.0,0.0,10.091201286948808,1.22583125,-0.17477672119140625,10.014945544433592,26.88285263639318,100.95721665787829,65.92777496314564,43.8761795,10.2464715,25.8,-0.5801526717557252,-1.297709923664122,0.4122137404580153
68.35,-0.1463828149862989,25.8536171850137,0.0,0.0,10.042844665419333,1.2785036865234374,-0.1580173095703125,9.95987890625,26.88285263639318,100.95721665787829,65.92777496314564,43.8761795,10.2464715,25.8,-0.5648854961832062,-1.3587786259541985,0.4580152671755725
68.36,-0.1463828149862989,25.8536171850137,0.0,0.0,10.011134301057307,1.2665326782226562,-0.19632453613281248,9.928754284667969,26.88285263639318,100.95721665787829,65.92777496314564,43.8761795,10.2464715,25.8,-0.9465648854961832,-1.4351145038167938,0.4732824427480916
68.36,-0.16797637897671525,25.832023621023286,0.0,0.0,10.011134301057307,1.2665326782226562,-0.19632453613281248,9.928754284667969,26.84918628095402,100.95747508357867,65.92936904666088,43.8761795,10.2464715,25.8,-0.9465648854961832,-1.4351145038167938,0.4732824427480916
68.36,-0.16797637897671525,25.832023621023286,0.0,0.0,10.011134301057307,1.2665326782226562,-0.19632453613281248,9.928754284667969,26.84918628095402,100.95747508357867,65.92936904666088,43.8761795,10.2464715,25.8,-0.9465648854961832,-1.4351145038167938,0.4732824427480916
68.37,-0.16797637897671525,25.832023621023286,0.0,0.0,10.05064669337315,1.2593500732421874,-0.19871873779296872,9.969455712890625,26.84918628095402,100.95747508357867,65.92936904666088,43.8761795,10.2464715,25.8,-1.0076335877862594,-1.450381679389313,0.4122137404580153
68.38,-0.16797637897671525,25.832023621023286,0.0,0.0,10.037140149932084,1.3215993164062498,-0.19153613281249998,9.947907897949218,26.84918628095402,100.95747508357867,65.92936904666088,43.8761795,10.2464715,25.8,-0.9465648854961832,-1.4198473282442747,0.3816793893129771
68.4,-0.16797637897671525,25.832023621023286,0.0,0.0,10.011027513827603,1.2880804931640624,-0.16998831787109375,9.926360083007811,26.84918628095402,100.95747508357867,65.92936904666088,43.8761795,10.2464715,25.8,-0.9770992366412213,-1.3587786259541985,0.33587786259541985
68.41,-0.16797637897671525,25.832023621023286,0.0,0.0,9.99065727196332,1.2569558715820313,-0.181959326171875,9.909600671386718,26.84918628095402,100.95747508357867,65.92936904666088,43.8761795,10.2464715,25.8,-1.0534351145038168,-1.3129770992366412,0.4580152671755725
68.42,-0.16797637897671525,25.832023621023286,0.0,0.0,10.040539898128307,1.3120225097656248,-0.1867477294921875,9.952696301269532,26.84918628095402,100.95747508357867,65.92936904666088,43.8761795,10.2464715,25.8,-0.7786259541984732,-1.3129770992366412,0.3969465648854962
68.43,-0.16797637897671525,25.832023621023286,0.0,0.0,10.00396643599049,1.3215993164062498,-0.19393033447265623,9.91438907470703,26.84918628095402,100.95747508357867,65.92936904666088,43.8761795,10.2464715,25.8,-0.916030534351145,-1.3435114503816794,0.32061068702290074
68.44,-0.16797637897671525,25.832023621023286,0.0,0.0,10.019106057991559,1.2713210815429687,-0.20829554443359374,9.935936889648437,26.84918628095402,100.95747508357867,65.92936904666088,43.8761795,10.2464715,25.8,-0.9923664122137404,-1.3587786259541985,0.3053435114503817
68.46,-0.16797637897671525,25.832023621023286,0.0,0.0,10.040696610523547,1.3287819213867187,-0.20350714111328125,9.950302099609374,26.84918628095402,100.95747508357867,65.92936904666088,43.8761795,10.2464715,25.8,-1.0076335877862594,-1.4351145038167938,0.3816793893129771
68.46,-0.16797637897671525,25.832023621023286,0.0,0.0,10.040696610523547,1.3287819213867187,-0.20350714111328125,9.950302099609374,26.84918628095402,100.95747508357867,65.92936904666088,43.8761795,10.2464715,25.8,-1.0076335877862594,-1.4351145038167938,0.3816793893129771
68.47,-0.16797637897671525,25.832023621023286,0.0,0.0,10.065818895084755,1.2904746948242187,-0.16280571289062498,9.981426721191406,26.84918628095402,100.95747508357867,65.92936904666088,43.8761795,10.2464715,25.8,-0.7022900763358778,-1.3587786259541985,0.44274809160305345
68.48,-0.16797637897671525,25.832023621023286,0.0,0.0,10.009760867412435,1.2713210815429687,-0.2154781494140625,9.926360083007811,26.84918628095402,100.95747508357867,65.92936904666088,43.8761795,10.2464715,25.8,-0.6106870229007634,-1.3129770992366412,0.42748091603053434
68.49,-0.16797637897671525,25.832023621023286,0.0,0.0,10.078581213143751,1.2880804931640624,-0.22505495605468748,9.993397729492187,26.84918628095402,100.95747508357867,65.92936904666088,43.8761795,10.2464715,25.8,-0.6259541984732825,-1.2671755725190839,0.33587786259541985
68.5,-0.16797637897671525,25.832023621023286,0.0,0.0,10.019025959884427,1.3263877197265623,-0.20350714111328125,9.928754284667969,26.84918628095402,100.95747508357867,65.92936904666088,43.8761795,10.2464715,25.8,-0.48854961832061067,-1.297709923664122,0.366412213740458
78.06,-0.16797637897671525,25.832023621023286,0.0,0.0,10.028375663317215,1.3120225097656248,-0.16998831787109375,9.94072529296875,26.84918628095402,100.95747508357867,65.92936904666088,43.8761795,10.2464715,25.8,-0.6259541984732825,-1.3129770992366412,0.5038167938931297
78.08,-0.16797637897671525,25.832023621023286,0.0,0.0,10.032196069648187,1.2808978881835937,-0.20829554443359374,9.947907897949218,26.84918628095402,100.95747508357867,65.92936904666088,43.8761795,10.2464715,25.8,-1.0076335877862594,-1.450381679389313,0.4122137404580153
78.09,-0.16797637897671525,25.832023621023286,0.0,0.0,10.025970089524295,1.2928688964843749,-0.17477672119140625,9.94072529296875,26.84918628095402,100.95747508357867,65.92936904666088,43.8761795,10.2464715,25.8,-0.732824427480916,-1.3893129770992367,0.3511450381679389
78.1,-0.16797637897671525,25.832023621023286,0.0,0.0,10.057987887373246,1.2976572998046874,-0.20350714111328125,9.97184991455078,26.84918628095402,100.95747508357867,65.92936904666088,43.8761795,10.2464715,25.8,-0.9007633587786259,-1.3587786259541985,0.4122137404580153
78.11,-0.16797637897671525,25.832023621023286,0.0,0.0,10.041007744460291,1.2593500732421874,-0.19153613281249998,9.95987890625,26.84918628095402,100.95747508357867,65.92936904666088,43.8761795,10.2464715,25.8,-1.2061068702290076,-1.3893129770992367,0.3816793893129771
78.12,-0.16797637897671525,25.832023621023286,0.0,0.0,10.095165424494372,1.2928688964843749,-0.19393033447265623,10.01015714111328,26.84918628095402,100.95747508357867,65.92936904666088,43.8761795,10.2464715,25.8,-0.9923664122137404,-1.3129770992366412,0.33587786259541985
78.14,-0.16797637897671525,25.832023621023286,0.0,0.0,10.011998863494064,1.2737152832031249,-0.19393033447265623,9.928754284667969,26.84918628095402,100.95747508357867,65.92936904666088,43.8761795,10.2464715,25.8,-0.6106870229007634,-1.3129770992366412,0.366412213740458
78.15,-0.16797637897671525,25.832023621023286,0.0,0.0,10.079035634825097,1.3120225097656248,-0.21308394775390624,9.991003527832031,26.84918628095402,100.95747508357867,65.92936904666088,43.8761795,10.2464715,25.8,-0.9465648854961832,-1.297709923664122,0.32061068702290074
78.16,-0.16797637897671525,25.832023621023286,0.0,0.0,10.015556525144465,1.24498486328125,-0.19632453613281248,9.935936889648437,26.84918628095402,100.95747508357867,65.92936904666088,43.8761795,10.2464715,25.8,-1.1297709923664123,-1.3129770992366412,0.3511450381679389
78.16,-0.16797637897671525,25.832023621023286,0.0,0.0,10.015556525144465,1.24498486328125,-0.19632453613281248,9.935936889648437,26.84918628095402,100.95747508357867,65.92936904666088,43.8761795,10.2464715,25.8,-1.1297709923664123,-1.3129770992366412,0.3511450381679389
78.17,-0.16797637897671525,25.832023621023286,0.0,0.0,10.028626306000586,1.2904746948242187,-0.2059013427734375,9.943119494628906,26.84918628095402,100.95747508357867,65.92936904666088,43.8761795,10.2464715,25.8,-0.8244274809160306,-1.3282442748091603,0.3816793893129771
78.18,-0.16797637897671525,25.832023621023286,0.0,0.0,10.035417852864544,1.2904746948242187,-0.18914193115234373,9.950302099609374,26.84918628095402,100.95747508357867,65.92936904666088,43.8761795,10.2464715,25.8,-0.916030534351145,-1.3587786259541985,0.366412213740458
78.2,-0.16797637897671525,25.832023621023286,0.0,0.0,10.066392621731389,1.2689268798828124,-0.21308394775390624,9.983820922851562,26.84918628095402,100.95747508357867,65.92936904666088,43.8761795,10.2464715,25.8,-0.9618320610687023,-1.3282442748091603,0.366412213740458
78.21,-0.16797637897671525,25.832023621023286,0.0,0.0,10.003765026963942,1.2856862915039062,-0.17956512451171874,9.919177478027343,26.84918628095402,100.95747508357867,65.92936904666088,43.8761795,10.2464715,25.8,-0.6717557251908397,-1.3129770992366412,0.44274809160305345
78.22,-0.16797637897671525,25.832023621023286,0.0,0.0,10.0625151308212,1.3311761230468748,-0.21068974609375,9.97184991455078,26.84918628095402,100.95747508357867,65.92936904666088,43.8761795,10.2464715,25.8,-0.6412213740458015,-1.297709923664122,0.3511450381679389
78.23,-0.16797637897671525,25.832023621023286,0.0,0.0,10.053261893932312,1.3168109130859373,-0.19871873779296872,9.964667309570311,26.84918628095402,100.95747508357867,65.92936904666088,43.8761795,10.2464715,25.8,-0.9465648854961832,-1.3587786259541985,0.32061068702290074
78.24,-0.16797637897671525,25.832023621023286,0.0,0.0,9.979201686136943,1.2976572998046874,-0.17956512451171874,9.892841259765625,26.84918628095402,100.95747508357867,65.92936904666088,43.8761795,10.2464715,25.8,-1.083969465648855,-1.4045801526717556,0.4580152671755725
78.26,-0.16797637897671525,25.832023621023286,0.0,0.0,9.977285541458402,1.2617442749023438,-0.19632453613281248,9.89523546142578,26.84918628095402,100.95747508357867,65.92936904666088,43.8761795,10.2464715,25.8,-0.7175572519083969,-1.2671755725190839,0.42748091603053434
78.26,-0.16797637897671525,25.832023621023286,0.0,0.0,9.977285541458402,1.2617442749023438,-0.19632453613281248,9.89523546142578,26.84918628095402,100.95747508357867,65.92936904666088,43.8761795,10.2464715,25.8,-0.7175572519083969,-1.2671755725190839,0.42748091603053434
78.27,-0.16797637897671525,25.832023621023286,0.0,0.0,10.069506689408158,1.2593500732421874,-0.19153613281249998,9.988609326171874,26.84918628095402,100.95747508357867,65.92936904666088,43.8761795,10.2464715,25.8,-1.0687022900763359,-1.3435114503816794,0.3969465648854962
78.28,-0.16797637897671525,25.832023621023286,0.0,0.0,10.005220352335149,1.3000515014648437,-0.15562310791015624,9.919177478027343,26.84918628095402,100.95747508357867,65.92936904666088,43.8761795,10.2464715,25.8,-1.0534351145038168,-1.3435114503816794,0.44274809160305345
78.29,-0.16797637897671525,25.832023621023286,0.0,0.0,9.992513774547461,1.3239935180664062,-0.19871873779296872,9.90241806640625,26.84918628095402,100.95747508357867,65.92936904666088,43.8761795,10.2464715,25.8,-0.8702290076335878,-1.2671755725190839,0.4580152671755725
78.3,-0.16797637897671525,25.832023621023286,0.0,0.0,10.034634711081118,1.2832920898437499,-0.19632453613281248,9.950302099609374,26.84918628095402,100.95747508357867,65.92936904666088,43.8761795,10.2464715,25.8,-1.1755725190839694,-1.3129770992366412,0.3511450381679389
78.31,-0.12067391246046055,25.87932608753954,4.730246651623049,0.0,10.034634711081118,1.2832920898437499,-0.19632453613281248,9.950302099609374,26.797585536122643,100.95690898166244,65.98405495981834,43.8761795,10.2464715,25.8,-1.1755725190839694,-1.3129770992366412,0.3511450381679389
78.31,-0.12067391246046055,25.87932608753954,4.730246651623049,0.0,10.034634711081118,1.2832920898437499,-0.19632453613281248,9.950302099609374,26.797585536122643,100.95690898166244,65.98405495981834,43.8761795,10.2464715,25.8,-1.1755725190839694,-1.3129770992366412,0.3511450381679389
78.32,-0.12067391246046055,25.87932608753954,0.0,0.0,9.992118808988014,1.2880804931640624,-0.17477672119140625,9.907206469726562,26.797585536122643,100.95690898166244,65.98405495981834,43.8761795,10.2464715,25.8,-0.8244274809160306,-1.297709923664122,0.4122137404580153
78.33,-0.12067391246046055,25.87932608753954,0.0,0.0,9.997747530215605,1.2761094848632812,-0.1771709228515625,9.91438907470703,26.797585536122643,100.95690898166244,65.98405495981834,43.8761795,10.2464715,25.8,-0.9465648854961832,-1.3282442748091603,0.366412213740458
78.34,-0.12067391246046055,25.87932608753954,0.0,0.0,10.054579216035675,1.3072341064453123,-0.20829554443359374,9.967061511230469,26.797585536122643,100.95690898166244,65.98405495981834,43.8761795,10.2464715,25.8,-1.0687022900763359,-1.3129770992366412,0.42748091603053434
78.35,-0.12067391246046055,25.87932608753954,0.0,0.0,10.06834931040698,1.3239935180664062,-0.19393033447265623,9.97903251953125,26.797585536122643,100.95690898166244,65.98405495981834,43.8761795,10.2464715,25.8,-0.8854961832061069,-1.297709923664122,0.4122137404580153
78.36,-0.12067391246046055,25.87932608753954,0.0,0.0,10.06834931040698,1.3239935180664062,-0.19393033447265623,9.97903251953125,26.797585536122643,100.95690898166244,65.98405495981834,43.8761795,10.2464715,25.8,-0.8854961832061069,-1.297709923664122,0.4122137404580153
78.36,-0.12067391246046055,25.87932608753954,0.0,0.0,10.056015501944396,1.2880804931640624,-0.16280571289062498,9.97184991455078,26.797585536122643,100.95690898166244,65.98405495981834,43.8761795,10.2464715,25.8,-1.0381679389312977,-1.297709923664122,0.42748091603053434
78.38,-0.12067391246046055,25.87932608753954,0.0,0.0,10.068423892208212,1.2928688964843749,-0.1580173095703125,9.983820922851562,26.797585536122643,100.95690898166244,65.98405495981834,43.8761795,10.2464715,25.8,-0.7786259541984732,-1.3282442748091603,0.42748091603053434
78.39,-0.12067391246046055,25.87932608753954,0.0,0.0,9.945714844081484,1.3168109130859373,-0.15562310791015624,9.85692823486328,26.797585536122643,100.95690898166244,65.98405495981834,43.8761795,10.2464715,25.8,-0.6564885496183206,-1.251908396946565,0.33587786259541985
78.4,-0.12067391246046055,25.87932608753954,0.0,0.0,10.011574034858237,1.3096283081054687,-0.1771709228515625,9.923965881347655,26.797585536122643,100.95690898166244,65.98405495981834,43.8761795,10.2464715,25.8,-0.9618320610687023,-1.3129770992366412,0.3511450381679389
78.41,-0.12067391246046055,25.87932608753954,0.0,0.0,10.027787757324313,1.2689268798828124,-0.181959326171875,9.945513696289062,26.797585536122643,100.95690898166244,65.98405495981834,43.8761795,10.2464715,25.8,-0.7633587786259542,-1.297709923664122,0.3816793893129771
78.42,-0.12067391246046055,25.87932608753954,0.0,0.0,9.994775705760341,1.254561669921875,-0.16280571289062498,9.91438907470703,26.797585536122643,100.95690898166244,65.98405495981834,43.8761795,10.2464715,25.8,-0.549618320610687,-1.2061068702290076,0.44274809160305345
78.42,-0.05254785718567412,25.947452142814328,0.0,0.0,9.994775705760341,1.254561669921875,-0.16280571289062498,9.91438907470703,26.90739447346623,100.95609367371696,66.02267870063463,43.8761795,10.2464715,25.8,-0.549618320610687,-1.2061068702290076,0.44274809160305345
78.44,-0.05254785718567412,25.947452142814328,0.0,0.0,10.06573489762056,1.3192051147460937,-0.21308394775390624,9.976638317871092,26.90739447346623,100.95609367371696,66.02267870063463,43.8761795,10.2464715,25.8,-0.8702290076335878,-1.297709923664122,0.4580152671755725
78.45,-0.05254785718567412,25.947452142814328,0.0,0.0,9.991694569330129,1.3192051147460937,-0.18914193115234373,9.90241806640625,26.90739447346623,100.95609367371696,66.02267870063463,43.8761795,10.2464715,25.8,-0.8244274809160306,-1.282442748091603,0.3511450381679389
78.46,-0.05254785718567412,25.947452142814328,0.0,0.0,10.033627561456997,1.2976572998046874,-0.16998831787109375,9.947907897949218,26.90739447346623,100.95609367371696,66.02267870063463,43.8761795,10.2464715,25.8,-0.7175572519083969,-1.3129770992366412,0.3969465648854962
78.46,-0.05254785718567412,25.947452142814328,0.0,0.0,10.033627561456997,1.2976572998046874,-0.16998831787109375,9.947907897949218,26.90739447346623,100.95609367371696,66.02267870063463,43.8761795,10.2464715,25.8,-0.7175572519083969,-1.3129770992366412,0.3969465648854962
78.47,-0.05254785718567412,25.947452142814328,0.0,0.0,9.99576440496362,1.3144167114257812,-0.1867477294921875,9.907206469726562,26.90739447346623,100.95609367371696,66.02267870063463,43.8761795,10.2464715,25.8,-0.5954198473282443,-1.2366412213740459,0.3053435114503817
78.48,-0.05254785718567412,25.947452142814328,0.0,0.0,10.031450676044692,1.3144167114257812,-0.19153613281249998,9.943119494628906,26.90739447346623,100.95609367371696,66.02267870063463,43.8761795,10.2464715,25.8,-0.7938931297709924,-1.2366412213740459,0.3053435114503817
78.5,-0.05254785718567412,25.947452142814328,0.0,0.0,10.03279685829466,1.2713210815429687,-0.17956512451171874,9.950302099609374,26.90739447346623,100.95609367371696,66.02267870063463,43.8761795,10.2464715,25.8,-0.7938931297709924,-1.2366412213740459,0.32061068702290074
78.51,-0.05254785718567412,25.947452142814328,0.0,0.0,10.016345736861705,1.2785036865234374,-0.13168109130859373,9.93354268798828,26.90739447346623,100.95609367371696,66.02267870063463,43.8761795,10.2464715,25.8,-0.6870229007633588,-1.251908396946565,0.3053435114503817
88.18,-0.05254785718567412,25.947452142814328,0.0,0.0,9.954345669907632,1.2641384765625,-0.22026655273437498,9.871293444824218,26.90739447346623,100.95609367371696,66.02267870063463,43.8761795,10.2464715,25.8,-1.0229007633587786,-1.282442748091603,0.366412213740458
88.19,-0.05254785718567412,25.947452142814328,0.0,0.0,10.062978252872758,1.2665326782226562,-0.17477672119140625,9.981426721191406,26.90739447346623,100.95609367371696,66.02267870063463,43.8761795,10.2464715,25.8,-0.6259541984732825,-1.297709923664122,0.3511450381679389
88.2,-0.05254785718567412,25.947452142814328,0.0,0.0,10.061699346166792,1.2713210815429687,-0.201112939453125,9.97903251953125,26.90739447346623,100.95609367371696,66.02267870063463,43.8761795,10.2464715,25.8,-0.5801526717557252,-1.2366412213740459,0.4122137404580153
88.21,-0.05254785718567412,25.947452142814328,0.0,0.0,10.038593491892636,1.2952630981445312,-0.19871873779296872,9.952696301269532,26.90739447346623,100.95609367371696,66.02267870063463,43.8761795,10.2464715,25.8,-0.3816793893129771,-1.1908396946564885,0.42748091603053434
88.22,-0.05254785718567412,25.947452142814328,0.0,0.0,9.999972737906413,1.3096283081054687,-0.19153613281249998,9.911994873046874,26.90739447346623,100.95609367371696,66.02267870063463,43.8761795,10.2464715,25.8,-0.8244274809160306,-1.3435114503816794,0.3969465648854962
88.24,-0.05254785718567412,25.947452142814328,0.0,0.0,10.003786228105062,1.2880804931640624,-0.16280571289062498,9.919177478027343,26.90739447346623,100.95609367371696,66.02267870063463,43.8761795,10.2464715,25.8,-0.9312977099236641,-1.3587786259541985,0.366412213740458
88.25,-0.05254785718567412,25.947452142814328,0.0,0.0,9.998402560337539,1.2808978881835937,-0.17956512451171874,9.91438907470703,26.90739447346623,100.95609367371696,66.02267870063463,43.8761795,10.2464715,25.8,-0.8091603053435115,-1.3740458015267176,0.44274809160305345
88.26,-0.05254785718567412,25.947452142814328,0.0,0.0,10.01833909232572,1.3072341064453123,-0.17477672119140625,9.931148486328125,26.90739447346623,100.95609367371696,66.02267870063463,43.8761795,10.2464715,25.8,-0.732824427480916,-1.2061068702290076,0.366412213740458
88.26,-0.05254785718567412,25.947452142814328,0.0,0.0,10.01833909232572,1.3072341064453123,-0.17477672119140625,9.931148486328125,26.90739447346623,100.95609367371696,66.02267870063463,43.8761795,10.2464715,25.8,-0.732824427480916,-1.2061068702290076,0.366412213740458
88.27,-0.08198655148589529,25.918013448514106,-2.9438694300247943,0.0,10.01833909232572,1.3072341064453123,-0.17477672119140625,9.931148486328125,26.96780517762727,100.9564459846897,65.99039364415633,43.8761795,10.2464715,25.8,-0.732824427480916,-1.2061068702290076,0.366412213740458
88.27,-0.08198655148589529,25.918013448514106,-2.9438694300247943,0.0,10.046429061617305,1.3000515014648437,-0.20350714111328125,9.95987890625,26.96780517762727,100.9564459846897,65.99039364415633,43.8761795,10.2464715,25.8,-1.0534351145038168,-1.3587786259541985,0.366412213740458
88.28,-0.08198655148589529,25.918013448514106,0.0,0.0,10.063476953954497,1.2856862915039062,-0.19871873779296872,9.97903251953125,26.96780517762727,100.9564459846897,65.99039364415633,43.8761795,10.2464715,25.8,-0.8396946564885496,-1.3740458015267176,0.42748091603053434
88.3,-0.08198655148589529,25.918013448514106,0.0,0.0,10.053696364184363,1.3120225097656248,-0.24660277099609373,9.964667309570311,26.96780517762727,100.9564459846897,65.99039364415633,43.8761795,10.2464715,25.8,-0.6870229007633588,-1.3282442748091603,0.48854961832061067
88.31,-0.08198655148589529,25.918013448514106,0.0,0.0,10.050048397698287,1.3144167114257812,-0.16998831787109375,9.962273107910155,26.96780517762727,100.9564459846897,65.99039364415633,43.8761795,10.2464715,25.8,-0.9618320610687023,-1.3587786259541985,0.42748091603053434
88.32,-0.08198655148589529,25.918013448514106,0.0,0.0,10.033768956968078,1.254561669921875,-0.2154781494140625,9.952696301269532,26.96780517762727,100.9564459846897,65.99039364415633,43.8761795,10.2464715,25.8,-0.9007633587786259,-1.4198473282442747,0.366412213740458
88.33,-0.08198655148589529,25.918013448514106,0.0,0.0,9.99267439514622,1.3096283081054687,-0.181959326171875,9.904812268066406,26.96780517762727,100.9564459846897,65.99039364415633,43.8761795,10.2464715,25.8,-1.0534351145038168,-1.4045801526717556,0.48854961832061067
88.34,-0.08198655148589529,25.918013448514106,0.0,0.0,10.022325185812566,1.24498486328125,-0.1771709228515625,9.943119494628906,26.96780517762727,100.9564459846897,65.99039364415633,43.8761795,10.2464715,25.8,-1.0381679389312977,-1.3740458015267176,0.33587786259541985
88.36,-0.08198655148589529,25.918013448514106,0.0,0.0,10.061604204962665,1.2856862915039062,-0.22266075439453123,9.976638317871092,26.96780517762727,100.9564459846897,65.99039364415633,43.8761795,10.2464715,25.8,-1.251908396946565,-1.3129770992366412,0.3511450381679389
88.36,-0.08198655148589529,25.918013448514106,0.0,0.0,10.061604204962665,1.2856862915039062,-0.22266075439453123,9.976638317871092,26.96780517762727,100.9564459846897,65.99039364415633,43.8761795,10.2464715,25.8,-1.251908396946565,-1.3129770992366412,0.3511450381679389
88.37,-0.08198655148589529,25.918013448514106,0.0,0.0,10.062410313032391,1.2976572998046874,-0.1867477294921875,9.976638317871092,26.96780517762727,100.9564459846897,65.99039364415633,43.8761795,10.2464715,25.8,-0.7480916030534351,-1.297709923664122,0.44274809160305345
88.38,-0.08198655148589529,25.918013448514106,0.0,0.0,10.030724656856982,1.2689268798828124,-0.21068974609375,9.947907897949218,26.96780517762727,100.9564459846897,65.99039364415633,43.8761795,10.2464715,25.8,-1.0076335877862594,-1.3587786259541985,0.44274809160305345
88.38,-0.06994532824908584,25.930054671750913,0.0,0.0,10.030724656856982,1.2689268798828124,-0.21068974609375,9.947907897949218,26.996122709052543,100.95630187984011,65.97394954557686,43.8761795,10.2464715,25.8,-1.0076335877862594,-1.3587786259541985,0.44274809160305345
88.39,-0.06994532824908584,25.930054671750913,0.0,0.0,10.05385087598157,1.3000515014648437,-0.21787235107421873,9.967061511230469,26.996122709052543,100.95630187984011,65.97394954557686,43.8761795,10.2464715,25.8,-0.6412213740458015,-1.3893129770992367,0.5038167938931297
88.4,-0.06994532824908584,25.930054671750913,0.0,0.0,10.033076528421544,1.3311761230468748,-0.1580173095703125,9.943119494628906,26.996122709052543,100.95630187984011,65.97394954557686,43.8761795,10.2464715,25.8,-0.8244274809160306,-1.3587786259541985,0.366412213740458
88.42,-0.06994532824908584,25.930054671750913,0.0,0.0,9.970617959901675,1.2856862915039062,-0.18435352783203124,9.885658654785155,26.996122709052543,100.95630187984011,65.97394954557686,43.8761795,10.2464715,25.8,-0.8549618320610687,-1.282442748091603,0.3511450381679389
88.43,-0.06994532824908584,25.930054671750913,0.0,0.0,10.013280110778936,1.3048399047851562,-0.17477672119140625,9.926360083007811,26.996122709052543,100.95630187984011,65.97394954557686,43.8761795,10.2464715,25.8,-0.8854961832061069,-1.3435114503816794,0.3816793893129771
88.44,-0.06994532824908584,25.930054671750913,0.0,0.0,10.045295558279694,1.2785036865234374,-0.16280571289062498,9.962273107910155,26.996122709052543,100.95630187984011,65.97394954557686,43.8761795,10.2464715,25.8,-0.7786259541984732,-1.282442748091603,0.4122137404580153
88.45,-0.06994532824908584,25.930054671750913,0.0,0.0,10.044844746171158,1.3072341064453123,-0.19632453613281248,9.957484704589843,26.996122709052543,100.95630187984011,65.97394954557686,43.8761795,10.2464715,25.8,-0.7633587786259542,-1.297709923664122,0.3511450381679389
88.46,-0.06994532824908584,25.930054671750913,0.0,0.0,10.044844746171158,1.3072341064453123,-0.19632453613281248,9.957484704589843,26.996122709052543,100.95630187984011,65.97394954557686,43.8761795,10.2464715,25.8,-0.7633587786259542,-1.297709923664122,0.3511450381679389
88.46,-0.06994532824908584,25.930054671750913,0.0,0.0,10.007708239241783,1.3000515014648437,-0.16280571289062498,9.9215716796875,26.996122709052543,100.95630187984011,65.97394954557686,43.8761795,10.2464715,25.8,-1.0381679389312977,-1.2671755725190839,0.3969465648854962
88.48,-0.06994532824908584,25.930054671750913,0.0,0.0,10.09433041578449,1.2880804931640624,-0.181959326171875,10.01015714111328,26.996122709052543,100.95630187984011,65.97394954557686,43.8761795,10.2464715,25.8,-1.0076335877862594,-1.3129770992366412,0.4122137404580153
88.49,-0.06994532824908584,25.930054671750913,0.0,0.0,10.085595451531523,1.3335703247070312,-0.1580173095703125,9.995791931152343,26.996122709052543,100.95630187984011,65.97394954557686,43.8761795,10.2464715,25.8,-1.099236641221374,-1.3587786259541985,0.4580152671755725
88.49,-0.0831584024744525,25.916841597525547,0.0,0.0,10.085595451531523,1.3335703247070312,-0.1580173095703125,9.995791931152343,26.986998170183504,100.95646000897227,66.00047633800727,43.8761795,10.2464715,25.8,-1.099236641221374,-1.3587786259541985,0.4580152671755725
88.5,-0.0831584024744525,25.916841597525547,0.0,0.0,9.996973191993616,1.2904746948242187,-0.16280571289062498,9.911994873046874,26.986998170183504,100.95646000897227,66.00047633800727,43.8761795,10.2464715,25.8,-0.7175572519083969,-1.251908396946565,0.366412213740458
88.51,-0.0831584024744525,25.916841597525547,0.0,0.0,10.018473265491462,1.3048399047851562,-0.19871873779296872,9.931148486328125,26.986998170183504,100.95646000897227,66.00047633800727,43.8761795,10.2464715,25.8,-0.8396946564885496,-1.3129770992366412,0.3511450381679389
88.52,-0.0831584024744525,25.916841597525547,0.0,0.0,10.02372406146282,1.2928688964843749,-0.181959326171875,9.938331091308592,26.986998170183504,100.95646000897227,66.00047633800727,43.8761795,10.2464715,25.8,-0.7786259541984732,-1.3129770992366412,0.32061068702290074
88.54,-0.0831584024744525,25.916841597525547,0.0,0.0,9.988342184327083,1.2952630981445312,-0.1771709228515625,9.90241806640625,26.986998170183504,100.95646000897227,66.00047633800727,43.8761795,10.2464715,25.8,-0.7938931297709924,-1.2366412213740459,0.3053435114503817
88.55,-0.0831584024744525,25.916841597525547,0.0,0.0,10.015442630864161,1.2665326782226562,-0.17238251953125,9.93354268798828,26.986998170183504,100.95646000897227,66.00047633800727,43.8761795,10.2464715,25.8,-0.7633587786259542,-1.2061068702290076,0.33587786259541985
88.56,-0.0831584024744525,25.916841597525547,0.0,0.0,10.029005830545609,1.2617442749023438,-0.16759411621093748,9.947907897949218,26.986998170183504,100.95646000897227,66.00047633800727,43.8761795,10.2464715,25.8,-0.7175572519083969,-1.2366412213740459,0.4580152671755725
88.56,-0.0831584024744525,25.916841597525547,0.0,0.0,10.029005830545609,1.2617442749023438,-0.16759411621093748,9.947907897949218,26.986998170183504,100.95646000897227,66.00047633800727,43.8761795,10.2464715,25.8,-0.7175572519083969,-1.2366412213740459,0.4580152671755725
88.57,-0.0831584024744525,25.916841597525547,0.0,0.0,10.020620935895195,1.2689268798828124,-0.17956512451171874,9.938331091308592,26.986998170183504,100.95646000897227,66.00047633800727,43.8761795,10.2464715,25.8,-1.099236641221374,-1.4351145038167938,0.4122137404580153
88.58,-0.0831584024744525,25.916841597525547,0.0,0.0,10.035135677529329,1.2689268798828124,-0.19393033447265623,9.952696301269532,26.986998170183504,100.95646000897227,66.00047633800727,43.8761795,10.2464715,25.8,-1.0687022900763359,-1.3740458015267176,0.2595419847328244
88.6,-0.0831584024744525,25.916841597525547,0.0,0.0,9.995377883391656,1.2593500732421874,-0.16280571289062498,9.91438907470703,26.986998170183504,100.95646000897227,66.00047633800727,43.8761795,10.2464715,25.8,-1.0534351145038168,-1.3435114503816794,0.2595419847328244
88.6,-0.041841532307171914,25.95815846769283,0.0,0.0,9.995377883391656,1.2593500732421874,-0.16280571289062498,9.91438907470703,26.959939198244683,100.95596554478475,65.99612804005974,43.8761795,10.2464715,25.8,-1.0534351145038168,-1.3435114503816794,0.2595419847328244
88.61,-0.041841532307171914,25.95815846769283,0.0,0.0,10.014983320434443,1.2785036865234374,-0.19393033447265623,9.931148486328125,26.959939198244683,100.95596554478475,65.99612804005974,43.8761795,10.2464715,25.8,-1.083969465648855,-1.3587786259541985,0.3053435114503817
98.17,-0.041841532307171914,25.95815846769283,0.0,0.0,10.039931294193082,1.2689268798828124,-0.19632453613281248,9.957484704589843,26.959939198244683,100.95596554478475,65.99612804005974,43.8761795,10.2464715,25.8,-0.9923664122137404,-1.3282442748091603,0.3816793893129771
98.18,-0.041841532307171914,25.95815846769283,0.0,0.0,10.025233381450013,1.2832920898437499,-0.201112939453125,9.94072529296875,26.959939198244683,100.95596554478475,65.99612804005974,43.8761795,10.2464715,25.8,-1.2213740458015268,-1.450381679389313,0.44274809160305345
98.19,-0.041841532307171914,25.95815846769283,0.0,0.0,9.99659044436237,1.3407529296874998,-0.16998831787109375,9.904812268066406,26.959939198244683,100.95596554478475,65.99612804005974,43.8761795,10.2464715,25.8,-1.1450381679389312,-1.3893129770992367,0.3511450381679389
98.2,-0.041841532307171914,25.95815846769283,0.0,0.0,10.079292410983495,1.2952630981445312,-0.2154781494140625,9.993397729492187,26.959939198244683,100.95596554478475,65.99612804005974,43.8761795,10.2464715,25.8,-0.9923664122137404,-1.3129770992366412,0.3511450381679389
98.21,-0.041841532307171914,25.95815846769283,0.0,0.0,10.083395676638435,1.3120225097656248,-0.19393033447265623,9.995791931152343,26.959939198244683,100.95596554478475,65.99612804005974,43.8761795,10.2464715,25.8,-1.083969465648855,-1.4045801526717556,0.44274809160305345
98.23,-0.041841532307171914,25.95815846769283,0.0,0.0,10.065089659827905,1.2593500732421874,-0.20829554443359374,9.983820922851562,26.959939198244683,100.95596554478475,65.99612804005974,43.8761795,10.2464715,25.8,-0.7175572519083969,-1.2671755725190839,0.3969465648854962
98.24,-0.041841532307171914,25.95815846769283,0.0,0.0,10.033015967216754,1.2737152832031249,-0.17477672119140625,9.950302099609374,26.959939198244683,100.95596554478475,65.99612804005974,43.8761795,10.2464715,25.8,-0.7175572519083969,-1.3587786259541985,0.4580152671755725
98.25,-0.041841532307171914,25.95815846769283,0.0,0.0,9.988542182706935,1.2808978881835937,-0.1580173095703125,9.904812268066406,26.959939198244683,100.95596554478475,65.99612804005974,43.8761795,10.2464715,25.8,-0.9618320610687023,-1.3282442748091603,0.42748091603053434
98.26,-0.06060150407596998,25.93939849592403,-1.875997176878847,0.0,9.988542182706935,1.2808978881835937,-0.1580173095703125,9.904812268066406,26.965288064150627,100.956190056567,65.98998920966488,43.8761795,10.2464715,25.8,-0.9618320610687023,-1.3282442748091603,0.42748091603053434
98.26,-0.06060150407596998,25.93939849592403,-1.875997176878847,0.0,9.988542182706935,1.2808978881835937,-0.1580173095703125,9.904812268066406,26.965288064150627,100.956190056567,65.98998920966488,43.8761795,10.2464715,25.8,-0.9618320610687023,-1.3282442748091603,0.42748091603053434
98.26,-0.06060150407596998,25.93939849592403,-1.875997176878847,0.0,10.038116681868901,1.2737152832031249,-0.19393033447265623,9.955090502929687,26.965288064150627,100.956190056567,65.98998920966488,43.8761795,10.2464715,25.8,-0.9007633587786259,-1.3587786259541985,0.3053435114503817
98.27,-0.06060150407596998,25.93939849592403,0.0,0.0,10.05877633434331,1.2856862915039062,-0.201112939453125,9.974244116210937,26.965288064150627,100.956190056567,65.98998920966488,43.8761795,10.2464715,25.8,-0.5648854961832062,-1.2671755725190839,0.3511450381679389
98.29,-0.06060150407596998,25.93939849592403,0.0,0.0,10.007818784910196,1.2425906616210938,-0.17956512451171874,9.928754284667969,26.965288064150627,100.956190056567,65.98998920966488,43.8761795,10.2464715,25.8,-0.7175572519083969,-1.3129770992366412,0.3969465648854962
98.3,-0.06060150407596998,25.93939849592403,0.0,0.0,9.999798476984678,1.3144167114257812,-0.143652099609375,9.911994873046874,26.965288064150627,100.956190056567,65.98998920966488,43.8761795,10.2464715,25.8,-0.8244274809160306,-1.3435114503816794,0.3053435114503817
98.31,-0.06060150407596998,25.93939849592403,0.0,0.0,10.007469674091638,1.3024457031249999,-0.12449848632812499,9.9215716796875,26.965288064150627,100.956190056567,65.98998920966488,43.8761795,10.2464715,25.8,-0.9465648854961832,-1.3435114503816794,0.32061068702290074
98.32,-0.06060150407596998,25.93939849592403,0.0,0.0,10.074895602523009,1.2880804931640624,-0.15562310791015624,9.991003527832031,26.965288064150627,100.956190056567,65.98998920966488,43.8761795,10.2464715,25.8,-0.7480916030534351,-1.3587786259541985,0.4122137404580153
98.33,-0.06060150407596998,25.93939849592403,0.0,0.0,9.981314734637612,1.3335703247070312,-0.16519991455078123,9.890447058105469,26.965288064150627,100.956190056567,65.98998920966488,43.8761795,10.2464715,25.8,-0.916030534351145,-1.4045801526717556,0.44274809160305345
98.35,-0.06060150407596998,25.93939849592403,0.0,0.0,10.058354906156085,1.3359645263671873,-0.20829554443359374,9.967061511230469,26.965288064150627,100.956190056567,65.98998920966488,43.8761795,10.2464715,25.8,-1.0534351145038168,-1.3740458015267176,0.4580152671755725
98.36,-0.06060150407596998,25.93939849592403,0.0,0.0,10.012699905834545,1.3096283081054687,-0.23223756103515625,9.923965881347655,26.965288064150627,100.956190056567,65.98998920966488,43.8761795,10.2464715,25.8,-0.7480916030534351,-1.2366412213740459,0.44274809160305345
98.36,-0.06060150407596998,25.93939849592403,0.0,0.0,10.012699905834545,1.3096283081054687,-0.23223756103515625,9.923965881347655,26.965288064150627,100.956190056567,65.98998920966488,43.8761795,10.2464715,25.8,-0.7480916030534351,-1.2366412213740459,0.44274809160305345
98.37,-0.06060150407596998,25.93939849592403,0.0,0.0,9.970222126950087,1.2832920898437499,-0.17956512451171874,9.885658654785155,26.965288064150627,100.956190056567,65.98998920966488,43.8761795,10.2464715,25.8,-0.8702290076335878,-1.3129770992366412,0.3816793893129771
98.37,-0.0803918148821059,25.919608185117895,0.0,0.0,9.970222126950087,1.2832920898437499,-0.17956512451171874,9.885658654785155,26.9234410628349,100.95642689946975,65.9902646768176,43.8761795,10.2464715,25.8,-0.8702290076335878,-1.3129770992366412,0.3816793893129771
98.38,-0.0803918148821059,25.919608185117895,0.0,0.0,10.080402473171143,1.3096283081054687,-0.1771709228515625,9.993397729492187,26.9234410628349,100.95642689946975,65.9902646768176,43.8761795,10.2464715,25.8,-0.6259541984732825,-1.3129770992366412,0.33587786259541985
98.39,-0.0803918148821059,25.919608185117895,0.0,0.0,10.009879121250057,1.2952630981445312,-0.1867477294921875,9.923965881347655,26.9234410628349,100.95642689946975,65.9902646768176,43.8761795,10.2464715,25.8,-0.9007633587786259,-1.2671755725190839,0.3511450381679389
98.41,-0.0803918148821059,25.919608185117895,0.0,0.0,10.047510520837216,1.2880804931640624,-0.2154781494140625,9.962273107910155,26.9234410628349,100.95642689946975,65.9902646768176,43.8761795,10.2464715,25.8,-1.0381679389312977,-1.4045801526717556,0.44274809160305345
98.42,-0.0803918148821059,25.919608185117895,0.0,0.0,9.99354256215594,1.2952630981445312,-0.201112939453125,9.907206469726562,26.9234410628349,100.95642689946975,65.9902646768176,43.8761795,10.2464715,25.8,-0.5954198473282443,-1.2366412213740459,0.42748091603053434
98.43,-0.0803918148821059,25.919608185117895,0.0,0.0,10.074703292577055,1.2856862915039062,-0.16280571289062498,9.991003527832031,26.9234410628349,100.95642689946975,65.9902646768176,43.8761795,10.2464715,25.8,-0.8854961832061069,-1.3282442748091603,0.42748091603053434
98.44,-0.0803918148821059,25.919608185117895,0.0,0.0,9.96335996209085,1.3000515014648437,-0.20350714111328125,9.87608184814453,26.9234410628349,100.95642689946975,65.9902646768176,43.8761795,10.2464715,25.8,-0.9923664122137404,-1.3282442748091603,0.48854961832061067
98.45,-0.0803918148821059,25.919608185117895,0.0,0.0,9.966732827874688,1.3287819213867187,-0.181959326171875,9.87608184814453,26.9234410628349,100.95642689946975,65.9902646768176,43.8761795,10.2464715,25.8,-0.5801526717557252,-1.3282442748091603,0.4122137404580153
98.46,-0.0803918148821059,25.919608185117895,0.0,0.0,9.966732827874688,1.3287819213867187,-0.181959326171875,9.87608184814453,26.9234410628349,100.95642689946975,65.9902646768176,43.8761795,10.2464715,25.8,-0.5801526717557252,-1.3282442748091603,0.4122137404580153
98.47,-0.0803918148821059,25.919608185117895,0.0,0.0,9.949556331996696,1.3048399047851562,-0.19393033447265623,9.861716638183593,26.9234410628349,100.95642689946975,65.9902646768176,43.8761795,10.2464715,25.8,-1.0534351145038168,-1.3893129770992367,0.4580152671755725
98.48,-0.0803918148821059,25.919608185117895,0.0,0.0,10.060398910202181,1.3024457031249999,-0.17238251953125,9.974244116210937,26.9234410628349,100.95642689946975,65.9902646768176,43.8761795,10.2464715,25.8,-1.0076335877862594,-1.3740458015267176,0.42748091603053434
98.48,-0.07697964764306287,25.923020352356936,0.0,0.0,10.060398910202181,1.3024457031249999,-0.17238251953125,9.974244116210937,26.88096480304721,100.9563860639196,65.94845963808145,43.8761795,10.2464715,25.8,-1.0076335877862594,-1.3740458015267176,0.42748091603053434
98.49,-0.07697964764306287,25.923020352356936,0.0,0.0,10.049777755590888,1.2952630981445312,-0.16041151123046873,9.964667309570311,26.88096480304721,100.9563860639196,65.94845963808145,43.8761795,10.2464715,25.8,-0.7022900763358778,-1.4045801526717556,0.3511450381679389
98.5,-0.07697964764306287,25.923020352356936,0.0,0.0,10.033319912218369,1.3072341064453123,-0.21308394775390624,9.945513696289062,26.88096480304721,100.9563860639196,65.94845963808145,43.8761795,10.2464715,25.8,-0.7633587786259542,-1.3435114503816794,0.3969465648854962
98.51,-0.07697964764306287,25.923020352356936,0.0,0.0,10.042211656334278,1.3263877197265623,-0.17477672119140625,9.952696301269532,26.88096480304721,100.9563860639196,65.94845963808145,43.8761795,10.2464715,25.8,-0.8702290076335878,-1.3435114503816794,0.3969465648854962
98.53,-0.07697964764306287,25.923020352356936,0.0,0.0,10.016719717942852,1.3120225097656248,-0.181959326171875,9.928754284667969,26.88096480304721,100.9563860639196,65.94845963808145,43.8761795,10.2464715,25.8,-0.8396946564885496,-1.3587786259541985,0.3816793893129771
98.54,-0.07697964764306287,25.923020352356936,0.0,0.0,10.050982042769844,1.2665326782226562,-0.16759411621093748,9.969455712890625,26.88096480304721,100.9563860639196,65.94845963808145,43.8761795,10.2464715,25.8,-0.8244274809160306,-1.282442748091603,0.42748091603053434
98.55,-0.07697964764306287,25.923020352356936,0.0,0.0,9.998579712096442,1.3335703247070312,-0.201112939453125,9.907206469726562,26.88096480304721,100.9563860639196,65.94845963808145,43.8761795,10.2464715,25.8,-0.8396946564885496,-1.2671755725190839,0.3969465648854962
98.56,-0.07697964764306287,25.923020352356936,0.0,0.0,9.998579712096442,1.3335703247070312,-0.201112939453125,9.907206469726562,26.88096480304721,100.9563860639196,65.94845963808145,43.8761795,10.2464715,25.8,-0.8396946564885496,-1.2671755725190839,0.3969465648854962
98.56,-0.07697964764306287,25.923020352356936,0.0,0.0,10.044580241294748,1.2856862915039062,-0.20350714111328125,9.95987890625,26.88096480304721,100.9563860639196,65.94845963808145,43.8761795,10.2464715,25.8,-0.9465648854961832,-1.3587786259541985,0.33587786259541985
98.57,-0.07697964764306287,25.923020352356936,0.0,0.0,10.028611444807515,1.2952630981445312,-0.17238251953125,9.943119494628906,26.88096480304721,100.9563860639196,65.94845963808145,43.8761795,10.2464715,25.8,-0.5954198473282443,-1.3282442748091603,0.33587786259541985
98.59,-0.07697964764306287,25.923020352356936,0.0,0.0,10.029487931754007,1.2832920898437499,-0.17477672119140625,9.945513696289062,26.88096480304721,100.9563860639196,65.94845963808145,43.8761795,10.2464715,25.8,-0.732824427480916,-1.3435114503816794,0.4122137404580153
98.6,-0.07697964764306287,25.923020352356936,0.0,0.0,10.05762199506951,1.3311761230468748,-0.20350714111328125,9.967061511230469,26.88096480304721,100.9563860639196,65.94845963808145,43.8761795,10.2464715,25.8,-0.916030534351145,-1.3587786259541985,0.366412213740458
98.61,-0.07697964764306287,25.923020352356936,0.0,0.0,10.014904620271878,1.2952630981445312,-0.201112939453125,9.928754284667969,26.88096480304721,100.9563860639196,65.94845963808145,43.8761795,10.2464715,25.8,-0.6870229007633588,-1.3282442748091603,0.44274809160305345
108.17,-0.07697964764306287,25.923020352356936,0.0,0.0,10.012188942706876,1.2737152832031249,-0.20350714111328125,9.928754284667969,26.88096480304721,100.9563860639196,65.94845963808145,43.8761795,10.2464715,25.8,-0.7022900763358778,-1.3435114503816794,0.33587786259541985
108.18,-0.07697964764306287,25.923020352356936,0.0,0.0,10.071490376955856,1.3144167114257812,-0.17477672119140625,9.983820922851562,26.88096480304721,100.9563860639196,65.94845963808145,43.8761795,10.2464715,25.8,-0.7786259541984732,-1.297709923664122,0.3816793893129771
108.19,-0.07697964764306287,25.923020352356936,0.0,0.0,10.012517565122499,1.2785036865234374,-0.18914193115234373,9.928754284667969,26.88096480304721,100.9563860639196,65.94845963808145,43.8761795,10.2464715,25.8,-1.1603053435114503,-1.4351145038167938,0.3969465648854962
108.21,-0.07697964764306287,25.923020352356936,0.0,0.0,9.944141287165229,1.3024457031249999,-0.17477672119140625,9.85692823486328,26.88096480304721,100.9563860639196,65.94845963808145,43.8761795,10.2464715,25.8,-0.9007633587786259,-1.3282442748091603,0.42748091603053434
108.22,-0.07697964764306287,25.923020352356936,0.0,0.0,10.062265047443839,1.3000515014648437,-0.16041151123046873,9.976638317871092,26.88096480304721,100.9563860639196,65.94845963808145,43.8761795,10.2464715,25.8,-1.0229007633587786,-1.297709923664122,0.4580152671755725
108.23,-0.07697964764306287,25.923020352356936,0.0,0.0,10.113348136705094,1.3024457031249999,-0.21068974609375,10.026916552734374,26.88096480304721,100.9563860639196,65.94845963808145,43.8761795,10.2464715,25.8,-0.7786259541984732,-1.3129770992366412,0.4122137404580153
108.24,-0.07697964764306287,25.923020352356936,0.0,0.0,10.039531913495463,1.3192051147460937,-0.20829554443359374,9.950302099609374,26.88096480304721,100.9563860639196,65.94845963808145,43.8761795,10.2464715,25.8,-0.7022900763358778,-1.2671755725190839,0.3053435114503817
108.25,-0.07697964764306287,25.923020352356936,0.0,0.0,10.04453116303272,1.3072341064453123,-0.17956512451171874,9.957484704589843,26.88096480304721,100.9563860639196,65.94845963808145,43.8761795,10.2464715,25.8,-1.0076335877862594,-1.3282442748091603,0.3511450381679389
108.26,-0.07697964764306287,25.923020352356936,0.0,0.0,10.04453116303272,1.3072341064453123,-0.17956512451171874,9.957484704589843,26.88096480304721,100.9563860639196,65.94845963808145,43.8761795,10.2464715,25.8,-1.0076335877862594,-1.3282442748091603,0.3511450381679389
108.27,-0.07697964764306287,25.923020352356936,0.0,0.0,10.004169846396692,1.2737152832031249,-0.15322890625,9.9215716796875,26.88096480304721,100.9563860639196,65.94845963808145,43.8761795,10.2464715,25.8,-1.0381679389312977,-1.3587786259541985,0.366412213740458
108.28,-0.07697964764306287,25.923020352356936,0.0,0.0,10.070044344333256,1.3048399047851562,-0.16280571289062498,9.983820922851562,26.88096480304721,100.9563860639196,65.94845963808145,43.8761795,10.2464715,25.8,-0.5801526717557252,-1.3282442748091603,0.4122137404580153
108.29,-0.07697964764306287,25.923020352356936,0.0,0.0,10.069886096314816,1.2641384765625,-0.17956512451171874,9.988609326171874,26.88096480304721,100.9563860639196,65.94845963808145,43.8761795,10.2464715,25.8,-0.8702290076335878,-1.3282442748091603,0.3816793893129771
108.3,-0.07697964764306287,25.923020352356936,0.0,0.0,10.038035593360053,1.3120225097656248,-0.17956512451171874,9.950302099609374,26.88096480304721,100.9563860639196,65.94845963808145,43.8761795,10.2464715,25.8,-1.0381679389312977,-1.3435114503816794,0.33587786259541985
108.31,-0.07697964764306287,25.923020352356936,0.0,0.0,9.985647124051651,1.2952630981445312,-0.1580173095703125,9.900023864746093,26.88096480304721,100.9563860639196,65.94845963808145,43.8761795,10.2464715,25.8,-1.083969465648855,-1.3282442748091603,0.4122137404580153
108.33,-0.07697964764306287,25.923020352356936,0.0,0.0,10.046796217379672,1.2832920898437499,-0.21068974609375,9.962273107910155,26.88096480304721,100.9563860639196,65.94845963808145,43.8761795,10.2464715,25.8,-0.6412213740458015,-1.2671755725190839,0.4580152671755725
108.34,-0.07697964764306287,25.923020352356936,0.0,0.0,10.008550188436933,1.2976572998046874,-0.22266075439453123,9.9215716796875,26.88096480304721,100.9563860639196,65.94845963808145,43.8761795,10.2464715,25.8,-0.7938931297709924,-1.3435114503816794,0.3969465648854962
108.35,-0.07697964764306287,25.923020352356936,0.0,0.0,10.01686993594604,1.3096283081054687,-0.2059013427734375,9.928754284667969,26.88096480304721,100.9563860639196,65.94845963808145,43.8761795,10.2464715,25.8,-0.7633587786259542,-1.2671755725190839,0.3511450381679389
108.36,-0.07697964764306287,25.923020352356936,0.0,0.0,10.01686993594604,1.3096283081054687,-0.2059013427734375,9.928754284667969,26.88096480304721,100.9563860639196,65.94845963808145,43.8761795,10.2464715,25.8,-0.7633587786259542,-1.2671755725190839,0.3511450381679389
108.36,-0.07697964764306287,25.923020352356936,0.0,0.0,9.95734999745398,1.2928688964843749,-0.1867477294921875,9.871293444824218,26.88096480304721,100.9563860639196,65.94845963808145,43.8761795,10.2464715,25.8,-0.8549618320610687,-1.2671755725190839,0.42748091603053434
108.37,-0.07697964764306287,25.923020352356936,0.0,0.0,10.016318267157603,1.3072341064453123,-0.19393033447265623,9.928754284667969,26.88096480304721,100.9563860639196,65.94845963808145,43.8761795,10.2464715,25.8,-0.9312977099236641,-1.3129770992366412,0.42748091603053434
108.39,-0.07697964764306287,25.923020352356936,0.0,0.0,10.091856499315881,1.3239935180664062,-0.181959326171875,10.002974536132811,26.88096480304721,100.9563860639196,65.94845963808145,43.8761795,10.2464715,25.8,-0.916030534351145,-1.3282442748091603,0.4732824427480916
108.4,-0.07697964764306287,25.923020352356936,0.0,0.0,10.031576959731709,1.3359645263671873,-0.17238251953125,9.94072529296875,26.88096480304721,100.9563860639196,65.94845963808145,43.8761795,10.2464715,25.8,-0.9618320610687023,-1.3282442748091603,0.4580152671755725
108.41,-0.07697964764306287,25.923020352356936,0.0,0.0,10.013655637448617,1.2880804931640624,-0.18435352783203124,9.928754284667969,26.88096480304721,100.9563860639196,65.94845963808145,43.8761795,10.2464715,25.8,-1.1603053435114503,-1.297709923664122,0.366412213740458
108.42,-0.07697964764306287,25.923020352356936,0.0,0.0,9.897148957803964,1.2832920898437499,-0.2059013427734375,9.811438403320311,26.88096480304721,100.9563860639196,65.94845963808145,43.8761795,10.2464715,25.8,-0.8244274809160306,-1.297709923664122,0.42748091603053434
108.43,-0.11445758958493979,25.88554241041506,-3.7477941941857753,0.0,9.897148957803964,1.2832920898437499,-0.2059013427734375,9.811438403320311,26.757941081374884,100.95683458674154,66.00568201317603,43.8761795,10.2464715,25.8,-0.8244274809160306,-1.297709923664122,0.42748091603053434
108.43,-0.11445758958493979,25.88554241041506,-3.7477941941857753,0.0,9.897148957803964,1.2832920898437499,-0.2059013427734375,9.811438403320311,26.757941081374884,100.95683458674154,66.00568201317603,43.8761795,10.2464715,25.8,-0.8244274809160306,-1.297709923664122,0.42748091603053434
108.43,-0.11445758958493979,25.88554241041506,-3.7477941941857753,0.0,10.046683533083273,1.3239935180664062,-0.1771709228515625,9.957484704589843,26.757941081374884,100.95683458674154,66.00568201317603,43.8761795,10.2464715,25.8,-0.8244274809160306,-1.3129770992366412,0.4122137404580153
108.45,-0.11445758958493979,25.88554241041506,0.0,0.0,10.085148714374748,1.254561669921875,-0.16998831787109375,10.005368737792969,26.757941081374884,100.95683458674154,66.00568201317603,43.8761795,10.2464715,25.8,-0.6564885496183206,-1.297709923664122,0.549618320610687
108.46,-0.11445758958493979,25.88554241041506,0.0,0.0,9.99886779199245,1.3215993164062498,-0.17477672119140625,9.909600671386718,26.757941081374884,100.95683458674154,66.00568201317603,43.8761795,10.2464715,25.8,-1.1603053435114503,-1.450381679389313,0.5343511450381679
108.46,-0.11445758958493979,25.88554241041506,0.0,0.0,9.99886779199245,1.3215993164062498,-0.17477672119140625,9.909600671386718,26.757941081374884,100.95683458674154,66.00568201317603,43.8761795,10.2464715,25.8,-1.1603053435114503,-1.450381679389313,0.5343511450381679
108.47,-0.11445758958493979,25.88554241041506,0.0,0.0,9.995565124565646,1.3311761230468748,-0.18435352783203124,9.904812268066406,26.757941081374884,100.95683458674154,66.00568201317603,43.8761795,10.2464715,25.8,-1.1603053435114503,-1.3587786259541985,0.4122137404580153
108.48,-0.11445758958493979,25.88554241041506,0.0,0.0,9.968515294660898,1.2689268798828124,-0.1867477294921875,9.885658654785155,26.757941081374884,100.95683458674154,66.00568201317603,43.8761795,10.2464715,25.8,-0.9465648854961832,-1.4351145038167938,0.4122137404580153
108.49,-0.11445758958493979,25.88554241041506,0.0,0.0,10.116620568665876,1.2569558715820313,-0.1867477294921875,10.036493359375,26.757941081374884,100.95683458674154,66.00568201317603,43.8761795,10.2464715,25.8,-0.7633587786259542,-1.4351145038167938,0.3969465648854962
108.51,-0.11445758958493979,25.88554241041506,0.0,0.0,9.995459317962654,1.2761094848632812,-0.181959326171875,9.911994873046874,26.757941081374884,100.95683458674154,66.00568201317603,43.8761795,10.2464715,25.8,-0.9618320610687023,-1.3435114503816794,0.3511450381679389
108.52,-0.11445758958493979,25.88554241041506,0.0,0.0,9.99472380208525,1.2689268798828124,-0.19153613281249998,9.911994873046874,26.757941081374884,100.95683458674154,66.00568201317603,43.8761795,10.2464715,25.8,-0.9618320610687023,-1.3282442748091603,0.3511450381679389
108.53,-0.11445758958493979,25.88554241041506,0.0,0.0,10.024386543396636,1.2976572998046874,-0.18435352783203124,9.938331091308592,26.757941081374884,100.95683458674154,66.00568201317603,43.8761795,10.2464715,25.8,-1.0687022900763359,-1.3893129770992367,0.4732824427480916
108.54,-0.11445758958493979,25.88554241041506,0.0,0.0,10.083666837612547,1.2593500732421874,-0.1867477294921875,10.002974536132811,26.757941081374884,100.95683458674154,66.00568201317603,43.8761795,10.2464715,25.8,-0.7786259541984732,-1.3282442748091603,0.44274809160305345
108.54,-0.017260758212085392,25.982739241787915,0.0,0.0,10.083666837612547,1.2593500732421874,-0.1867477294921875,10.002974536132811,26.873728108918293,100.95567137259788,66.05926526569434,43.8761795,10.2464715,25.8,-0.7786259541984732,-1.3282442748091603,0.44274809160305345
108.55,-0.017260758212085392,25.982739241787915,0.0,0.0,10.128308977522824,1.3335703247070312,-0.1580173095703125,10.038887561035155,26.873728108918293,100.95567137259788,66.05926526569434,43.8761795,10.2464715,25.8,-0.5343511450381679,-1.3282442748091603,0.42748091603053434
108.56,-0.017260758212085392,25.982739241787915,0.0,0.0,10.128308977522824,1.3335703247070312,-0.1580173095703125,10.038887561035155,26.873728108918293,100.95567137259788,66.05926526569434,43.8761795,10.2464715,25.8,-0.5343511450381679,-1.3282442748091603,0.42748091603053434
108.57,-0.017260758212085392,25.982739241787915,0.0,0.0,9.983647815403453,1.254561669921875,-0.20350714111328125,9.90241806640625,26.873728108918293,100.95567137259788,66.05926526569434,43.8761795,10.2464715,25.8,-1.1603053435114503,-1.3435114503816794,0.366412213740458
108.58,-0.017260758212085392,25.982739241787915,0.0,0.0,9.946465510166082,1.2856862915039062,-0.16041151123046873,9.861716638183593,26.873728108918293,100.95567137259788,66.05926526569434,43.8761795,10.2464715,25.8,-1.099236641221374,-1.3129770992366412,0.366412213740458
108.59,-0.017260758212085392,25.982739241787915,0.0,0.0,10.041121348761012,1.3215993164062498,-0.14604630126953125,9.952696301269532,26.873728108918293,100.95567137259788,66.05926526569434,43.8761795,10.2464715,25.8,-0.5648854961832062,-1.1908396946564885,0.3969465648854962
108.6,-0.017260758212085392,25.982739241787915,0.0,0.0,10.071642623771199,1.2808978881835937,-0.1580173095703125,9.988609326171874,26.873728108918293,100.95567137259788,66.05926526569434,43.8761795,10.2464715,25.8,-0.6412213740458015,-1.3129770992366412,0.42748091603053434
108.61,-0.017260758212085392,25.982739241787915,0.0,0.0,10.02281904667135,1.3359645263671873,-0.21068974609375,9.931148486328125,26.873728108918293,100.95567137259788,66.05926526569434,43.8761795,10.2464715,25.8,-0.7175572519083969,-1.2213740458015268,0.3511450381679389
118.16,-0.017260758212085392,25.982739241787915,0.0,0.0,10.02281904667135,1.3359645263671873,-0.21068974609375,9.931148486328125,26.873728108918293,100.95567137259788,66.05926526569434,43.8761795,10.2464715,25.8,-0.7175572519083969,-1.2213740458015268,0.3511450381679389
118.16,-0.017260758212085392,25.982739241787915,0.0,0.0,9.932836635966382,1.39821376953125,-0.13646949462890623,9.832986218261718,26.873728108918293,100.95567137259788,66.05926526569434,43.8761795,10.2464715,25.8,-0.7786259541984732,-1.282442748091603,0.42748091603053434
118.17,-0.017260758212085392,25.982739241787915,0.0,0.0,10.106713601383857,1.2473790649414063,-0.22505495605468748,10.026916552734374,26.873728108918293,100.95567137259788,66.05926526569434,43.8761795,10.2464715,25.8,-0.6717557251908397,-1.297709923664122,0.4580152671755725
118.18,-0.28219642490422636,25.717803575095772,-26.493566669200543,0.0,10.106713601383857,1.2473790649414063,-0.22505495605468748,10.026916552734374,26.869323164948582,100.9588420458718,66.0655573087439,43.8761795,10.2464715,25.8,-0.6717557251908397,-1.297709923664122,0.4580152671755725
118.19,-0.28219642490422636,25.717803575095772,0.0,0.0,9.991230724831198,1.3120225097656248,-0.21308394775390624,9.90241806640625,26.869323164948582,100.9588420458718,66.0655573087439,43.8761795,10.2464715,25.8,-1.0534351145038168,-1.3435114503816794,0.366412213740458
118.2,-0.28219642490422636,25.717803575095772,0.0,0.0,10.041546069032863,1.24498486328125,-0.18914193115234373,9.962273107910155,26.869323164948582,100.9588420458718,66.0655573087439,43.8761795,10.2464715,25.8,-0.8396946564885496,-1.3587786259541985,0.44274809160305345
118.21,-0.28219642490422636,25.717803575095772,0.0,0.0,9.962651132579042,1.3000515014648437,-0.16519991455078123,9.87608184814453,26.869323164948582,100.9588420458718,66.0655573087439,43.8761795,10.2464715,25.8,-0.48854961832061067,-1.1908396946564885,0.4122137404580153
118.22,-0.28219642490422636,25.717803575095772,0.0,0.0,10.031509818150333,1.2832920898437499,-0.15322890625,9.947907897949218,26.869323164948582,100.9588420458718,66.0655573087439,43.8761795,10.2464715,25.8,-0.8549618320610687,-1.251908396946565,0.33587786259541985
118.23,-0.28219642490422636,25.717803575095772,0.0,0.0,10.030124887086016,1.3024457031249999,-0.20350714111328125,9.943119494628906,26.869323164948582,100.9588420458718,66.0655573087439,43.8761795,10.2464715,25.8,-0.8396946564885496,-1.3435114503816794,0.4580152671755725
118.25,-0.28219642490422636,25.717803575095772,0.0,0.0,10.018549935065112,1.2713210815429687,-0.17956512451171874,9.935936889648437,26.869323164948582,100.9588420458718,66.0655573087439,43.8761795,10.2464715,25.8,-0.9007633587786259,-1.4045801526717556,0.4580152671755725
118.26,-0.28219642490422636,25.717803575095772,0.0,0.0,10.080665185164298,1.3096283081054687,-0.19153613281249998,9.993397729492187,26.869323164948582,100.9588420458718,66.0655573087439,43.8761795,10.2464715,25.8,-0.7633587786259542,-1.297709923664122,0.42748091603053434
118.26,-0.28219642490422636,25.717803575095772,0.0,0.0,10.080665185164298,1.3096283081054687,-0.19153613281249998,9.993397729492187,26.869323164948582,100.9588420458718,66.0655573087439,43.8761795,10.2464715,25.8,-0.7633587786259542,-1.297709923664122,0.42748091603053434
118.27,-0.28219642490422636,25.717803575095772,0.0,0.0,10.059441066513255,1.3479355346679687,-0.181959326171875,9.967061511230469,26.869323164948582,100.9588420458718,66.0655573087439,43.8761795,10.2464715,25.8,-0.7786259541984732,-1.3740458015267176,0.3053435114503817
118.28,-0.28219642490422636,25.717803575095772,0.0,0.0,9.980623835956827,1.2497732666015624,-0.201112939453125,9.900023864746093,26.869323164948582,100.9588420458718,66.0655573087439,43.8761795,10.2464715,25.8,-1.083969465648855,-1.282442748091603,0.24427480916030533
118.29,-0.28219642490422636,25.717803575095772,0.0,0.0,9.971589221958792,1.2761094848632812,-0.17477672119140625,9.888052856445311,26.869323164948582,100.9588420458718,66.0655573087439,43.8761795,10.2464715,25.8,-0.7480916030534351,-1.4351145038167938,0.366412213740458
118.3,-0.20820483950473312,25.791795160495266,7.399158539956054,0.0,9.971589221958792,1.2761094848632812,-0.17477672119140625,9.888052856445311,26.908338390409334,100.95795652790771,66.09283003702123,43.8761795,10.2464715,25.8,-0.7480916030534351,-1.4351145038167938,0.366412213740458
118.32,-0.20820483950473312,25.791795160495266,0.0,0.0,9.966960865684959,1.2904746948242187,-0.20829554443359374,9.880870251464843,26.908338390409334,100.95795652790771,66.09283003702123,43.8761795,10.2464715,25.8,-1.1450381679389312,-1.3282442748091603,0.366412213740458
118.33,-0.20820483950473312,25.791795160495266,0.0,0.0,10.019221340928828,1.254561669921875,-0.201112939453125,9.938331091308592,26.908338390409334,100.95795652790771,66.09283003702123,43.8761795,10.2464715,25.8,-0.5343511450381679,-1.1603053435114503,0.48854961832061067
118.34,-0.20820483950473312,25.791795160495266,0.0,0.0,9.999750612022263,1.3096283081054687,-0.17956512451171874,9.911994873046874,26.908338390409334,100.95795652790771,66.09283003702123,43.8761795,10.2464715,25.8,-0.7175572519083969,-1.3129770992366412,0.4580152671755725
118.35,-0.20820483950473312,25.791795160495266,0.0,0.0,10.032728010826574,1.2976572998046874,-0.24181436767578124,9.945513696289062,26.908338390409334,100.95795652790771,66.09283003702123,43.8761795,10.2464715,25.8,-0.732824427480916,-1.3740458015267176,0.33587786259541985
118.36,-0.20820483950473312,25.791795160495266,0.0,0.0,10.032728010826574,1.2976572998046874,-0.24181436767578124,9.945513696289062,26.908338390409334,100.95795652790771,66.09283003702123,43.8761795,10.2464715,25.8,-0.732824427480916,-1.3740458015267176,0.33587786259541985
118.37,-0.20820483950473312,25.791795160495266,0.0,0.0,10.066974002672993,1.3335703247070312,-0.17956512451171874,9.976638317871092,26.908338390409334,100.95795652790771,66.09283003702123,43.8761795,10.2464715,25.8,-0.7786259541984732,-1.297709923664122,0.3969465648854962
118.38,-0.20820483950473312,25.791795160495266,0.0,0.0,10.07787337785993,1.2282254516601563,-0.20829554443359374,10.000580334472655,26.908338390409334,100.95795652790771,66.09283003702123,43.8761795,10.2464715,25.8,-0.4580152671755725,-1.3129770992366412,0.5038167938931297
118.39,-0.20820483950473312,25.791795160495266,0.0,0.0,10.032326057878489,1.24498486328125,-0.20350714111328125,9.952696301269532,26.908338390409334,100.95795652790771,66.09283003702123,43.8761795,10.2464715,25.8,-0.5954198473282443,-1.2061068702290076,0.3816793893129771
118.4,-0.20820483950473312,25.791795160495266,0.0,0.0,10.021273898917737,1.254561669921875,-0.18435352783203124,9.94072529296875,26.908338390409334,100.95795652790771,66.09283003702123,43.8761795,10.2464715,25.8,-0.4732824427480916,-1.2671755725190839,0.33587786259541985
118.41,-0.20820483950473312,25.791795160495266,0.0,0.0,10.003709445380672,1.3072341064453123,-0.15083470458984374,9.916783276367187,26.908338390409334,100.95795652790771,66.09283003702123,43.8761795,10.2464715,25.8,-0.8091603053435115,-1.3435114503816794,0.366412213740458
118.41,-0.18681590926250546,25.813184090737494,0.0,0.0,10.003709445380672,1.3072341064453123,-0.15083470458984374,9.916783276367187,26.90582127858288,100.95770055021562,66.06442284269187,43.8761795,10.2464715,25.8,-0.8091603053435115,-1.3435114503816794,0.366412213740458
118.43,-0.18681590926250546,25.813184090737494,0.0,0.0,10.028267059069027,1.2737152832031249,-0.17477672119140625,9.945513696289062,26.90582127858288,100.95770055021562,66.06442284269187,43.8761795,10.2464715,25.8,-0.9007633587786259,-1.282442748091603,0.42748091603053434
118.44,-0.18681590926250546,25.813184090737494,0.0,0.0,10.059119390635484,1.2689268798828124,-0.2059013427734375,9.976638317871092,26.90582127858288,100.95770055021562,66.06442284269187,43.8761795,10.2464715,25.8,-0.9618320610687023,-1.3282442748091603,0.42748091603053434
118.45,-0.18681590926250546,25.813184090737494,0.0,0.0,10.062691723539535,1.3024457031249999,-0.16759411621093748,9.976638317871092,26.90582127858288,100.95770055021562,66.06442284269187,43.8761795,10.2464715,25.8,-0.7022900763358778,-1.2671755725190839,0.4580152671755725
118.46,-0.18681590926250546,25.813184090737494,0.0,0.0,10.062691723539535,1.3024457031249999,-0.16759411621093748,9.976638317871092,26.90582127858288,100.95770055021562,66.06442284269187,43.8761795,10.2464715,25.8,-0.7022900763358778,-1.2671755725190839,0.4580152671755725
118.46,-0.18681590926250546,25.813184090737494,0.0,0.0,10.02633256318836,1.2234370483398436,-0.1484405029296875,9.950302099609374,26.90582127858288,100.95770055021562,66.06442284269187,43.8761795,10.2464715,25.8,-0.9007633587786259,-1.3435114503816794,0.4122137404580153
118.47,-0.18681590926250546,25.813184090737494,0.0,0.0,10.042677427041562,1.2904746948242187,-0.19632453613281248,9.957484704589843,26.90582127858288,100.95770055021562,66.06442284269187,43.8761795,10.2464715,25.8,-0.9312977099236641,-1.2671755725190839,0.4122137404580153
118.5,-0.18681590926250546,25.813184090737494,0.0,0.0,10.026084721808068,1.3120225097656248,-0.17477672119140625,9.938331091308592,26.90582127858288,100.95770055021562,66.06442284269187,43.8761795,10.2464715,25.8,-1.1603053435114503,-1.3587786259541985,0.4122137404580153
118.51,-0.18681590926250546,25.813184090737494,0.0,0.0,9.984751288085256,1.35990654296875,-0.1580173095703125,9.890447058105469,26.90582127858288,100.95770055021562,66.06442284269187,43.8761795,10.2464715,25.8,-0.6564885496183206,-1.282442748091603,0.3816793893129771
118.52,-0.18681590926250546,25.813184090737494,0.0,0.0,10.045249051384173,1.2330138549804688,-0.21068974609375,9.967061511230469,26.90582127858288,100.95770055021562,66.06442284269187,43.8761795,10.2464715,25.8,-0.8854961832061069,-1.282442748091603,0.44274809160305345
118.52,-0.17842209699070466,25.821577903009295,0.0,0.0,10.045249051384173,1.2330138549804688,-0.21068974609375,9.967061511230469,26.88411119197899,100.95760009518597,66.01893846529686,43.8761795,10.2464715,25.8,-0.8854961832061069,-1.282442748091603,0.44274809160305345
118.53,-0.17842209699070466,25.821577903009295,0.0,0.0,10.037175558013109,1.3383587280273437,-0.201112939453125,9.945513696289062,26.88411119197899,100.95760009518597,66.01893846529686,43.8761795,10.2464715,25.8,-0.3511450381679389,-1.251908396946565,0.4122137404580153
118.55,-0.17842209699070466,25.821577903009295,0.0,0.0,9.987938158167076,1.254561669921875,-0.17956512451171874,9.907206469726562,26.88411119197899,100.95760009518597,66.01893846529686,43.8761795,10.2464715,25.8,-0.7633587786259542,-1.2671755725190839,0.44274809160305345
118.56,-0.17842209699070466,25.821577903009295,0.0,0.0,10.011257691853269,1.3287819213867187,-0.1484405029296875,9.9215716796875,26.88411119197899,100.95760009518597,66.01893846529686,43.8761795,10.2464715,25.8,-0.9465648854961832,-1.3740458015267176,0.42748091603053434
118.56,-0.17842209699070466,25.821577903009295,0.0,0.0,10.011257691853269,1.3287819213867187,-0.1484405029296875,9.9215716796875,26.88411119197899,100.95760009518597,66.01893846529686,43.8761795,10.2464715,25.8,-0.9465648854961832,-1.3740458015267176,0.42748091603053434
118.57,-0.17842209699070466,25.821577903009295,0.0,0.0,10.035785411468208,1.2689268798828124,-0.22505495605468748,9.952696301269532,26.88411119197899,100.95760009518597,66.01893846529686,43.8761795,10.2464715,25.8,-0.6412213740458015,-1.3740458015267176,0.44274809160305345
118.58,-0.17842209699070466,25.821577903009295,0.0,0.0,10.031914375088,1.2880804931640624,-0.1388636962890625,9.947907897949218,26.88411119197899,100.95760009518597,66.01893846529686,43.8761795,10.2464715,25.8,-0.6259541984732825,-1.297709923664122,0.42748091603053434
118.59,-0.17842209699070466,25.821577903009295,0.0,0.0,9.993303945637791,1.2569558715820313,-0.19632453613281248,9.911994873046874,26.88411119197899,100.95760009518597,66.01893846529686,43.8761795,10.2464715,25.8,-0.3816793893129771,-1.2671755725190839,0.4122137404580153
118.61,-0.17842209699070466,25.821577903009295,0.0,0.0,9.97436623928779,1.2952630981445312,-0.19153613281249998,9.888052856445311,26.88411119197899,100.95760009518597,66.01893846529686,43.8761795,10.2464715,25.8,-0.7633587786259542,-1.3435114503816794,0.44274809160305345
128.26,-0.17842209699070466,25.821577903009295,0.0,0.0,9.97436623928779,1.2952630981445312,-0.19153613281249998,9.888052856445311,26.88411119197899,100.95760009518597,66.01893846529686,43.8761795,10.2464715,25.8,-0.7633587786259542,-1.3435114503816794,0.44274809160305345
128.27,-0.17842209699070466,25.821577903009295,0.0,0.0,9.471313187922448,2.224213342285156,0.4836287353515625,9.193734375,26.88411119197899,100.95760009518597,66.01893846529686,43.8761795,10.2464715,25.8,-7.206106870229007,-21.984732824427482,-3.618320610687023
128.28,-0.17842209699070466,25.821577903009295,0.0,0.0,9.246456096485819,2.090138049316406,0.46686932373046874,8.99501563720703,26.88411119197899,100.95760009518597,66.01893846529686,43.8761795,10.2464715,25.8,-8.717557251908397,-25.770992366412212,-3.0381679389312977
128.3,-0.17842209699070466,25.821577903009295,0.0,0.0,9.279826184679774,2.104503259277344,0.2920926025390625,9.03332286376953,26.88411119197899,100.95760009518597,66.01893846529686,43.8761795,10.2464715,25.8,-9.221374045801527,-24.793893129770993,-2.7786259541984735
128.31,-0.17842209699070466,25.821577903009295,0.0,0.0,9.482955253300675,2.2361843505859373,0.06703764648437499,9.215282189941405,26.88411119197899,100.95760009518597,66.01893846529686,43.8761795,10.2464715,25.8,-8.916030534351146,-19.114503816793892,-2.549618320610687
128.32,-0.17842209699070466,25.821577903009295,0.0,0.0,9.738929028628526,2.3319524169921872,0.13168109130859373,9.45470235595703,26.88411119197899,100.95760009518597,66.01893846529686,43.8761795,10.2464715,25.8,-9.770992366412214,-10.15267175572519,-1.9694656488549618
128.33,-0.17842209699070466,25.821577903009295,0.0,0.0,9.797986773904364,2.530671154785156,0.5434837768554687,9.449913952636718,26.88411119197899,100.95760009518597,66.01893846529686,43.8761795,10.2464715,25.8,-10.580152671755725,-1.0534351145038168,-2.8702290076335877
128.34,-0.14334066042297922,25.85665933957702,3.508143656775735,0.0,9.797986773904364,2.530671154785156,0.5434837768554687,9.449913952636718,26.911799419284762,100.95718025027115,66.13539754618125,43.8761795,10.2464715,25.8,-10.580152671755725,-1.0534351145038168,-2.8702290076335877
128.34,-0.14334066042297922,25.85665933957702,3.508143656775735,0.0,9.844270732842386,1.1276689819335937,-0.277727392578125,9.775525378417969,26.911799419284762,100.95718025027115,66.13539754618125,43.8761795,10.2464715,25.8,-11.206106870229007,6.030534351145038,-8.717557251908397
128.36,-0.14334066042297922,25.85665933957702,0.0,0.0,10.20632751038725,1.8626888916015625,0.2537853759765625,10.031704956054687,26.911799419284762,100.95718025027115,66.13539754618125,43.8761795,10.2464715,25.8,-9.877862595419847,12.213740458015268,-10.854961832061068
128.36,-0.14334066042297922,25.85665933957702,0.0,0.0,10.20632751038725,1.8626888916015625,0.2537853759765625,10.031704956054687,26.911799419284762,100.95718025027115,66.13539754618125,43.8761795,10.2464715,25.8,-9.877862595419847,12.213740458015268,-10.854961832061068
128.37,-0.14334066042297922,25.85665933957702,0.0,0.0,9.895346394657798,2.0925322509765625,0.4070142822265625,9.662997900390625,26.911799419284762,100.95718025027115,66.13539754618125,43.8761795,10.2464715,25.8,-8.625954198473282,15.877862595419847,-9.48091603053435
128.38,-0.14334066042297922,25.85665933957702,0.0,0.0,9.986831019779881,2.262520568847656,0.28969840087890625,9.72285294189453,26.911799419284762,100.95718025027115,66.13539754618125,43.8761795,10.2464715,25.8,-5.984732824427481,14.335877862595419,-3.6946564885496183
128.39,-0.14334066042297922,25.85665933957702,0.0,0.0,10.069571869856215,2.2864625854492187,0.430956298828125,9.797073193359374,26.911799419284762,100.95718025027115,66.13539754618125,43.8761795,10.2464715,25.8,-4.106870229007634,8.351145038167939,0.10687022900763359
128.4,-0.14334066042297922,25.85665933957702,0.0,0.0,10.138421850169868,2.233790148925781,0.3447650390625,9.883264453125,26.911799419284762,100.95718025027115,66.13539754618125,43.8761795,10.2464715,25.8,-3.9389312977099236,0.22900763358778625,3.114503816793893
128.42,-0.14334066042297922,25.85665933957702,0.0,0.0,10.057734556814165,2.2290017456054687,0.45489831542968745,9.797073193359374,26.911799419284762,100.95718025027115,66.13539754618125,43.8761795,10.2464715,25.8,-2.717557251908397,-7.694656488549619,5.358778625954199
128.43,-0.14334066042297922,25.85665933957702,0.0,0.0,10.00645979030842,2.090138049316406,0.32561142578124996,9.78031378173828,26.911799419284762,100.95718025027115,66.13539754618125,43.8761795,10.2464715,25.8,-1.282442748091603,-14.51908396946565,5.786259541984733
128.44,-0.14334066042297922,25.85665933957702,0.0,0.0,9.89509498283303,2.360682836914062,0.507570751953125,9.595960253906249,26.911799419284762,100.95718025027115,66.13539754618125,43.8761795,10.2464715,25.8,-1.6793893129770991,-18.68702290076336,5.557251908396947
128.45,-0.13371029227779108,25.86628970772221,0.9630368145196898,0.0,9.89509498283303,2.360682836914062,0.507570751953125,9.595960253906249,26.870896359198923,100.9570649969403,66.12181704607124,43.8761795,10.2464715,25.8,-1.6793893129770991,-18.68702290076336,5.557251908396947
128.45,-0.13371029227779108,25.86628970772221,0.9630368145196898,0.0,9.825153995425774,2.31758720703125,0.2059013427734375,9.545682019042967,26.870896359198923,100.9570649969403,66.12181704607124,43.8761795,10.2464715,25.8,0.3511450381679389,-19.480916030534353,4.366412213740458
128.46,-0.13371029227779108,25.86628970772221,0.0,0.0,9.825153995425774,2.31758720703125,0.2059013427734375,9.545682019042967,26.870896359198923,100.9570649969403,66.12181704607124,43.8761795,10.2464715,25.8,0.3511450381679389,-19.480916030534353,4.366412213740458
128.46,-0.13371029227779108,25.86628970772221,0.0,0.0,9.557356446409285,2.023100402832031,-0.13646949462890623,9.33978067626953,26.870896359198923,100.9570649969403,66.12181704607124,43.8761795,10.2464715,25.8,2.2595419847328246,-16.625954198473284,2.4580152671755724
128.48,-0.13371029227779108,25.86628970772221,0.0,0.0,9.490686046992414,2.2098481323242187,-0.05746083984375,9.229647399902344,26.870896359198923,100.9570649969403,66.12181704607124,43.8761795,10.2464715,25.8,-0.5343511450381679,-10.854961832061068,0.8244274809160306
128.49,-0.13371029227779108,25.86628970772221,0.0,0.0,9.494170080460833,2.384624853515625,0.12689268798828124,9.188945971679686,26.870896359198923,100.9570649969403,66.12181704607124,43.8761795,10.2464715,25.8,-5.603053435114504,-4.824427480916031,-0.7022900763358778
128.5,-0.13371029227779108,25.86628970772221,0.0,0.0,9.54096330866575,2.2649147705078123,0.0718260498046875,9.267954626464844,26.870896359198923,100.9570649969403,66.12181704607124,43.8761795,10.2464715,25.8,-10.458015267175572,-0.4580152671755725,-1.786259541984733
128.51,-0.13371029227779108,25.86628970772221,0.0,0.0,9.654429907263221,2.118868469238281,0.06943184814453125,9.418789331054686,26.870896359198923,100.9570649969403,66.12181704607124,43.8761795,10.2464715,25.8,-12.885496183206106,2.7786259541984735,-1.1755725190839694
128.52,-0.13371029227779108,25.86628970772221,0.0,0.0,10.158995165152652,2.1715409057617188,0.06703764648437499,9.923965881347655,26.870896359198923,100.9570649969403,66.12181704607124,43.8761795,10.2464715,25.8,-13.297709923664122,5.7251908396946565,1.0229007633587786
128.54,-0.13371029227779108,25.86628970772221,0.0,0.0,10.423788455695384,2.114080065917969,0.11731588134765625,10.206481677246094,26.870896359198923,100.9570649969403,66.12181704607124,43.8761795,10.2464715,25.8,-10.900763358778626,9.206106870229007,3.480916030534351
128.55,-0.13371029227779108,25.86628970772221,0.0,0.0,10.237018929887281,2.114080065917969,0.16759411621093748,10.014945544433592,26.870896359198923,100.9570649969403,66.12181704607124,43.8761795,10.2464715,25.8,-4.396946564885496,13.374045801526718,5.32824427480916
128.56,-0.13371029227779108,25.86628970772221,0.0,0.0,9.922427292567335,2.0374656127929685,-0.04548983154296875,9.710881933593749,26.870896359198923,100.9570649969403,66.12181704607124,43.8761795,10.2464715,25.8,1.450381679389313,16.12213740458015,6.702290076335878
128.56,-0.1631206823687381,25.83687931763126,0.0,0.0,9.922427292567335,2.0374656127929685,-0.04548983154296875,9.710881933593749,26.828734762722707,100.95741697192072,66.10103720058589,43.8761795,10.2464715,25.8,1.450381679389313,16.12213740458015,6.702290076335878
128.56,-0.1631206823687381,25.83687931763126,0.0,0.0,9.922427292567335,2.0374656127929685,-0.04548983154296875,9.710881933593749,26.828734762722707,100.95741697192072,66.10103720058589,43.8761795,10.2464715,25.8,1.450381679389313,16.12213740458015,6.702290076335878
128.57,-0.1631206823687381,25.83687931763126,0.0,0.0,10.289811916714733,2.3127988037109373,0.296881005859375,10.022128149414062,26.828734762722707,100.95741697192072,66.10103720058589,43.8761795,10.2464715,25.8,0.916030534351145,15.312977099236642,6.5038167938931295
128.58,-0.1631206823687381,25.83687931763126,0.0,0.0,10.372913161889603,2.27927998046875,0.35673604736328124,10.1131078125,26.828734762722707,100.95741697192072,66.10103720058589,43.8761795,10.2464715,25.8,-4.870229007633588,11.541984732824428,6.305343511450381
128.6,-0.1631206823687381,25.83687931763126,0.0,0.0,10.43916676867718,2.607285607910156,0.011971008300781249,10.108319409179687,26.828734762722707,100.95741697192072,66.10103720058589,43.8761795,10.2464715,25.8,-8.65648854961832,7.3893129770992365,7.0534351145038165
128.61,-0.1631206823687381,25.83687931763126,0.0,0.0,10.42613330609412,2.6958710693359373,-0.1771709228515625,10.070012182617187,26.828734762722707,100.95741697192072,66.10103720058589,43.8761795,10.2464715,25.8,-14.305343511450381,3.2213740458015265,7.0534351145038165
128.62,-0.1631206823687381,25.83687931763126,0.0,0.0,10.132332991339004,2.849099975585937,0.32561142578124996,9.718064538574218,26.828734762722707,100.95741697192072,66.10103720058589,43.8761795,10.2464715,25.8,-20.610687022900763,-1.3893129770992367,5.251908396946565
128.63,-0.1631206823687381,25.83687931763126,0.0,0.0,10.145887389163804,2.683900061035156,0.28490999755859375,9.78031378173828,26.828734762722707,100.95741697192072,66.10103720058589,43.8761795,10.2464715,25.8,-21.83206106870229,-7.526717557251908,4.305343511450381
128.64,-0.1631206823687381,25.83687931763126,0.0,0.0,10.401816526213356,2.568978381347656,0.0047884033203125,10.079588989257813,26.828734762722707,100.95741697192072,66.10103720058589,43.8761795,10.2464715,25.8,-20.900763358778626,-12.854961832061068,5.709923664122138
128.66,-0.1631206823687381,25.83687931763126,0.0,0.0,10.324622892200559,2.5570073730468748,-0.00718260498046875,10.002974536132811,26.828734762722707,100.95741697192072,66.10103720058589,43.8761795,10.2464715,25.8,-18.931297709923665,-14.67175572519084,6.778625954198473
128.66,-0.1631206823687381,25.83687931763126,0.0,0.0,10.324622892200559,2.5570073730468748,-0.00718260498046875,10.002974536132811,26.828734762722707,100.95741697192072,66.10103720058589,43.8761795,10.2464715,25.8,-18.931297709923665,-14.67175572519084,6.778625954198473
128.67,-0.1631206823687381,25.83687931763126,0.0,0.0,10.162078599438686,2.5905261962890624,-0.10295067138671875,9.82580361328125,26.828734762722707,100.95741697192072,66.10103720058589,43.8761795,10.2464715,25.8,-16.68702290076336,-13.86259541984733,5.526717557251908
128.68,-0.1631206823687381,25.83687931763126,0.0,0.0,10.099580084301921,2.6982652709960937,-0.02633621826171875,9.732429748535155,26.828734762722707,100.95741697192072,66.10103720058589,43.8761795,10.2464715,25.8,-14.458015267175572,-11.893129770992367,3.648854961832061
128.69,-0.1631206823687381,25.83687931763126,0.0,0.0,9.869035738433176,2.6982652709960937,0.0,9.49300958251953,26.828734762722707,100.95741697192072,66.10103720058589,43.8761795,10.2464715,25.8,-11.816793893129772,-8.80916030534351,3.83206106870229
128.7,-0.1631206823687381,25.83687931763126,0.0,0.0,9.959499625255717,2.767697119140625,-0.21308394775390624,9.564835632324218,26.828734762722707,100.95741697192072,66.10103720058589,43.8761795,10.2464715,25.8,-10.67175572519084,-5.6183206106870225,4.625954198473282
131.62,-0.1631206823687381,25.83687931763126,0.0,0.0,9.069046904048044,1.8842367065429686,1.6065093139648436,8.724470849609375,26.828734762722707,100.95741697192072,66.10103720058589,43.8761795,10.2464715,25.8,76.01526717557252,13.816793893129772,25.404580152671755
131.64,-0.1631206823687381,25.83687931763126,0.0,0.0,9.904829919283609,3.0597897216796874,2.4875755249023435,9.085995300292968,26.828734762722707,100.95741697192072,66.10103720058589,43.8761795,10.2464715,25.8,23.49618320610687,6.977099236641221,24.18320610687023
131.65,-0.1631206823687381,25.83687931763126,0.0,0.0,9.323860181235274,3.191470812988281,2.2170307373046874,8.475473876953124,26.828734762722707,100.95741697192072,66.10103720058589,43.8761795,10.2464715,25.8,8.183206106870228,-3.6793893129770994,21.6793893129771
131.66,-0.1631206823687381,25.83687931763126,0.0,0.0,10.259581820459731,3.21780703125,2.4516625,9.428366137695312,26.828734762722707,100.95741697192072,66.10103720058589,43.8761795,10.2464715,25.8,14.442748091603054,-4.183206106870229,21.61832061068702
131.66,-0.1631206823687381,25.83687931763126,0.0,0.0,10.259581820459731,3.21780703125,2.4516625,9.428366137695312,26.828734762722707,100.95741697192072,66.10103720058589,43.8761795,10.2464715,25.8,14.442748091603054,-4.183206106870229,21.61832061068702
131.67,-0.2439620208022908,25.75603797919771,-8.08413384336262,0.0,10.259581820459731,3.21780703125,2.4516625,9.428366137695312,26.86963780379647,100.9583844626265,66.17063262076783,43.8761795,10.2464715,25.8,14.442748091603054,-4.183206106870229,21.61832061068702
131.67,-0.2439620208022908,25.75603797919771,-8.08413384336262,0.0,10.097057779556486,2.925714428710937,2.01112939453125,9.452308154296874,26.86963780379647,100.9583844626265,66.17063262076783,43.8761795,10.2464715,25.8,29.374045801526716,-4.702290076335878,21.893129770992367
131.68,-0.2439620208022908,25.75603797919771,0.0,0.0,10.041628270881526,2.7964275390625,1.9033903198242186,9.45470235595703,26.86963780379647,100.9583844626265,66.17063262076783,43.8761795,10.2464715,25.8,37.12977099236641,-3.282442748091603,22.0
131.7,-0.2439620208022908,25.75603797919771,0.0,0.0,10.165937568169596,2.750937707519531,1.9225439331054686,9.595960253906249,26.86963780379647,100.9583844626265,66.17063262076783,43.8761795,10.2464715,25.8,39.20610687022901,-3.1908396946564888,20.916030534351144
131.71,-0.2439620208022908,25.75603797919771,0.0,0.0,10.275843517624574,2.5522189697265625,1.924938134765625,9.765948571777344,26.86963780379647,100.9583844626265,66.17063262076783,43.8761795,10.2464715,25.8,39.083969465648856,-2.946564885496183,20.045801526717558
131.72,-0.2439620208022908,25.75603797919771,0.0,0.0,10.568162069909476,2.085349645996094,2.195482922363281,10.12507882080078,26.86963780379647,100.9583844626265,66.17063262076783,43.8761795,10.2464715,25.8,37.3587786259542,-1.8015267175572518,18.442748091603054
131.73,-0.2439620208022908,25.75603797919771,0.0,0.0,10.28930858673664,1.8195932617187498,2.24097275390625,9.87608184814453,26.86963780379647,100.9583844626265,66.17063262076783,43.8761795,10.2464715,25.8,28.885496183206108,-0.2748091603053435,18.27480916030534
131.74,-0.2439620208022908,25.75603797919771,0.0,0.0,9.759873134150123,1.5705962890624998,1.9847931762695312,9.425971936035156,26.86963780379647,100.9583844626265,66.17063262076783,43.8761795,10.2464715,25.8,15.908396946564885,-0.48854961832061067,19.374045801526716
131.76,-0.2439620208022908,25.75603797919771,0.0,0.0,9.894136778740696,1.9680337646484374,2.2840683837890623,9.423577734375,26.86963780379647,100.9583844626265,66.17063262076783,43.8761795,10.2464715,25.8,1.2671755725190839,-2.885496183206107,19.16030534351145
131.76,-0.2439620208022908,25.75603797919771,0.0,0.0,9.894136778740696,1.9680337646484374,2.2840683837890623,9.423577734375,26.86963780379647,100.9583844626265,66.17063262076783,43.8761795,10.2464715,25.8,1.2671755725190839,-2.885496183206107,19.16030534351145
131.77,-0.2439620208022908,25.75603797919771,0.0,0.0,9.971024125091654,2.50912333984375,1.944091748046875,9.452308154296874,26.86963780379647,100.9583844626265,66.17063262076783,43.8761795,10.2464715,25.8,-17.419847328244273,-6.99236641221374,18.885496183206108
131.78,-0.2439620208022908,25.75603797919771,0.0,0.0,10.030003442914001,2.9735984619140625,1.6519991455078125,9.435548742675781,26.86963780379647,100.9583844626265,66.17063262076783,43.8761795,10.2464715,25.8,-34.44274809160305,-11.083969465648854,18.50381679389313
131.78,-0.27423269714849985,25.7257673028515,0.0,0.0,10.030003442914001,2.9735984619140625,1.6519991455078125,9.435548742675781,26.826532291803595,100.95874673711076,66.18470890667324,43.8761795,10.2464715,25.8,-34.44274809160305,-11.083969465648854,18.50381679389313
131.79,-0.27423269714849985,25.7257673028515,0.0,0.0,10.205479972293832,3.323151904296875,1.6208745239257811,9.512163195800781,26.826532291803595,100.95874673711076,66.18470890667324,43.8761795,10.2464715,25.8,-42.2442748091603,-13.206106870229007,17.251908396946565
131.8,-0.27423269714849985,25.7257673028515,0.0,0.0,10.17188289847316,3.380612744140625,1.8722656982421875,9.409212524414063,26.826532291803595,100.95874673711076,66.18470890667324,43.8761795,10.2464715,25.8,-43.25190839694657,-13.511450381679388,14.702290076335878
131.82,-0.27423269714849985,25.7257673028515,0.0,0.0,10.196869173946268,3.0262708984374997,2.3870190551757813,9.440337145996093,26.826532291803595,100.95874673711076,66.18470890667324,43.8761795,10.2464715,25.8,-39.69465648854962,-13.16030534351145,12.534351145038167
131.83,-0.27423269714849985,25.7257673028515,0.0,0.0,10.034789230765833,2.887407202148437,2.214636535644531,9.351751684570312,26.826532291803595,100.95874673711076,66.18470890667324,43.8761795,10.2464715,25.8,-31.053435114503817,-11.221374045801527,12.50381679389313
131.84,-0.27423269714849985,25.7257673028515,0.0,0.0,9.843218773203931,3.5721488769531247,1.5203180541992187,9.045293872070312,26.826532291803595,100.95874673711076,66.18470890667324,43.8761795,10.2464715,25.8,-18.595419847328245,-8.610687022900763,14.442748091603054
131.85,-0.27423269714849985,25.7257673028515,0.0,0.0,10.752033386857889,3.1004911499023438,1.3311761230468748,10.20887587890625,26.826532291803595,100.95874673711076,66.18470890667324,43.8761795,10.2464715,25.8,-5.8320610687022905,-5.908396946564886,16.137404580152673
131.86,-0.27423269714849985,25.7257673028515,0.0,0.0,10.752033386857889,3.1004911499023438,1.3311761230468748,10.20887587890625,26.826532291803595,100.95874673711076,66.18470890667324,43.8761795,10.2464715,25.8,-5.8320610687022905,-5.908396946564886,16.137404580152673
131.86,-0.27423269714849985,25.7257673028515,0.0,0.0,10.547947450206133,3.366247534179687,1.467645617675781,9.888052856445311,26.826532291803595,100.95874673711076,66.18470890667324,43.8761795,10.2464715,25.8,9.969465648854962,-1.3893129770992367,18.106870229007633
131.88,-0.27423269714849985,25.7257673028515,0.0,0.0,10.482379223942717,3.5913024902343746,1.608903515625,9.715670336914062,26.826532291803595,100.95874673711076,66.18470890667324,43.8761795,10.2464715,25.8,22.259541984732824,3.282442748091603,18.198473282442748
131.89,-0.27423269714849985,25.7257673028515,0.0,0.008231111111111113,10.482379223942717,3.5913024902343746,1.608903515625,9.715670336914062,26.826532291803595,100.95874673711076,66.18470890667324,43.8761795,10.2464715,25.8,22.259541984732824,3.282442748091603,18.198473282442748
131.89,-0.27423269714849985,25.7257673028515,0.0,0.008231111111111113,9.678572870681212,3.2130186279296873,1.707065783691406,8.968679418945312,26.826532291803595,100.95874673711076,66.18470890667324,43.8761795,10.2464715,25.8,31.6793893129771,6.534351145038168,16.366412213740457
131.9,-0.27423269714849985,25.7257673028515,0.0,0.008231111111111113,8.958358152290291,2.616862414550781,1.8722656982421875,8.360552197265624,26.826532291803595,100.95874673711076,66.18470890667324,43.8761795,10.2464715,25.8,41.20610687022901,6.748091603053435,14.732824427480915
131.91,-0.27423269714849985,25.7257673028515,0.0,0.008231111111111113,8.95669849079789,2.2864625854492187,1.9823989746093749,8.429984045410155,26.826532291803595,100.95874673711076,66.18470890667324,43.8761795,10.2464715,25.8,51.48091603053435,3.6793893129770994,15.83206106870229
131.92,-0.27423269714849985,25.7257673028515,0.0,0.008231111111111113,10.061065814133125,2.7916391357421872,2.3223756103515623,9.382876306152344,26.826532291803595,100.95874673711076,66.18470890667324,43.8761795,10.2464715,25.8,58.534351145038165,-1.5114503816793894,17.893129770992367
131.94,-0.27423269714849985,25.7257673028515,0.0,0.008231111111111113,10.729188073178085,3.31357509765625,2.0542250244140625,9.995791931152343,26.826532291803595,100.95874673711076,66.18470890667324,43.8761795,10.2464715,25.8,56.48854961832061,-5.557251908396947,17.083969465648856
131.95,-0.27423269714849985,25.7257673028515,0.0,0.008231111111111113,10.994746229000322,3.5793314819335937,2.094926452636719,10.182539660644531,26.826532291803595,100.95874673711076,66.18470890667324,43.8761795,10.2464715,25.8,48.595419847328245,-6.732824427480916,12.900763358778626
131.96,-0.27423269714849985,25.7257673028515,0.0,0.008231111111111113,10.459992228799269,3.2632968627929686,1.9871873779296874,9.737218151855469,26.826532291803595,100.95874673711076,66.18470890667324,43.8761795,10.2464715,25.8,46.83969465648855,-3.9083969465648853,8.01526717557252
131.96,-0.27423269714849985,25.7257673028515,0.0,0.008231111111111113,10.459992228799269,3.2632968627929686,1.9871873779296874,9.737218151855469,26.826532291803595,100.95874673711076,66.18470890667324,43.8761795,10.2464715,25.8,46.83969465648855,-3.9083969465648853,8.01526717557252
131.97,-0.27423269714849985,25.7257673028515,0.0,0.008231111111111113,9.803839508285364,2.528276953125,1.8028338500976562,9.299079248046874,26.826532291803595,100.95874673711076,66.18470890667324,43.8761795,10.2464715,25.8,59.6793893129771,0.6870229007633588,5.419847328244275
131.98,-0.27423269714849985,25.7257673028515,0.0,0.008231111111111113,9.417898918598496,1.9680337646484374,1.889025109863281,9.014169250488282,26.826532291803595,100.95874673711076,66.18470890667324,43.8761795,10.2464715,25.8,84.2442748091603,4.488549618320611,5.4961832061068705
132.0,-0.27423269714849985,25.7257673028515,0.0,0.008231111111111113,9.741870927914983,1.9584569580078124,1.8531120849609375,9.361328491210937,26.826532291803595,100.95874673711076,66.18470890667324,43.8761795,10.2464715,25.8,105.92366412213741,5.648854961832061,6.656488549618321
132.01,-0.27423269714849985,25.7257673028515,0.0,0.008231111111111113,10.252928138383782,1.7621324218749999,1.879448303222656,9.923965881347655,26.826532291803595,100.95874673711076,66.18470890667324,43.8761795,10.2464715,25.8,120.93129770992367,5.175572519083969,7.770992366412214
132.02,-0.27423269714849985,25.7257673028515,0.0,0.008231111111111113,10.638170814719482,1.4820108276367188,1.5514426757812498,10.419565624999999,26.826532291803595,100.95874673711076,66.18470890667324,43.8761795,10.2464715,25.8,132.42748091603053,6.152671755725191,7.709923664122138
132.03,-0.27423269714849985,25.7257673028515,0.0,0.008231111111111113,10.835131750298638,-0.51714755859375,1.2737152832031249,10.747571252441405,26.826532291803595,100.95874673711076,66.18470890667324,43.8761795,10.2464715,25.8,144.6412213740458,9.572519083969466,7.038167938931298
132.04,-0.27423269714849985,25.7257673028515,0.0,0.008231111111111113,11.03619896218585,-1.4245499877929686,1.1875240234375,10.87925234375,26.826532291803595,100.95874673711076,66.18470890667324,43.8761795,10.2464715,25.8,125.41984732824427,2.885496183206107,9.786259541984732
132.06,-0.27423269714849985,25.7257673028515,0.0,0.008231111111111113,10.05310566250651,0.8762778076171874,1.7310078002929687,9.86411083984375,26.826532291803595,100.95874673711076,66.18470890667324,43.8761795,10.2464715,25.8,47.19083969465649,1.9083969465648856,11.404580152671755
132.06,-0.23162215538851783,25.768377844611482,0.0,0.008231111111111113,10.05310566250651,0.8762778076171874,1.7310078002929687,9.86411083984375,26.749131204895093,100.95823678144532,66.15125721570234,43.8761795,10.2464715,25.8,47.19083969465649,1.9083969465648856,11.404580152671755
132.06,-0.23162215538851783,25.768377844611482,0.0,0.008231111111111113,10.05310566250651,0.8762778076171874,1.7310078002929687,9.86411083984375,26.749131204895093,100.95823678144532,66.15125721570234,43.8761795,10.2464715,25.8,47.19083969465649,1.9083969465648856,11.404580152671755
132.06,-0.23162215538851783,25.768377844611482,0.0,0.008231111111111113,10.05310566250651,0.8762778076171874,1.7310078002929687,9.86411083984375,26.749131204895093,100.95823678144532,66.15125721570234,43.8761795,10.2464715,25.8,47.19083969465649,1.9083969465648856,11.404580152671755
132.07,-0.23162215538851783,25.768377844611482,0.0,0.008231111111111113,9.713562349377023,4.058171813964844,2.243366955566406,8.535328918457031,26.749131204895093,100.95823678144532,66.15125721570234,43.8761795,10.2464715,25.8,-20.83969465648855,7.022900763358779,8.198473282442748
132.08,-0.23162215538851783,25.768377844611482,0.0,0.008231111111111113,9.004631912121416,1.5442600708007812,2.50912333984375,8.508992700195313,26.749131204895093,100.95823678144532,66.15125721570234,43.8761795,10.2464715,25.8,-18.595419847328245,2.9770992366412212,0.6412213740458015
132.09,-0.23162215538851783,25.768377844611482,0.0,0.008231111111111113,10.114625046661823,-0.41898529052734373,1.9823989746093749,9.909600671386718,26.749131204895093,100.95823678144532,66.15125721570234,43.8761795,10.2464715,25.8,15.84732824427481,-4.488549618320611,-3.3740458015267176
132.1,-0.23162215538851783,25.768377844611482,0.0,0.008231111111111113,10.672715374677855,-0.07900865478515624,1.8243816650390623,10.51533369140625,26.749131204895093,100.95823678144532,66.15125721570234,43.8761795,10.2464715,25.8,18.198473282442748,-7.893129770992366,-1.5877862595419847
132.12,-0.23162215538851783,25.768377844611482,0.0,0.008231111111111113,10.534683736219598,0.814028564453125,1.8411410766601561,10.340556970214843,26.749131204895093,100.95823678144532,66.15125721570234,43.8761795,10.2464715,25.8,15.755725190839694,-6.396946564885496,3.3893129770992365
132.13,-0.23162215538851783,25.768377844611482,0.0,0.008231111111111113,9.970025498203999,1.1468225952148436,2.061407629394531,9.686939916992188,26.749131204895093,100.95823678144532,66.15125721570234,43.8761795,10.2464715,25.8,22.931297709923665,-4.183206106870229,6.824427480916031
132.14,-0.23162215538851783,25.768377844611482,0.0,0.008231111111111113,9.475300427345912,1.0726023437499999,1.9823989746093749,9.203311181640624,26.749131204895093,100.95823678144532,66.15125721570234,43.8761795,10.2464715,25.8,32.961832061068705,-4.748091603053435,7.312977099236641
132.15,-0.23162215538851783,25.768377844611482,0.0,0.008231111111111113,9.625085232556653,0.6464344482421874,2.001552587890625,9.392453112792968,26.749131204895093,100.95823678144532,66.15125721570234,43.8761795,10.2464715,25.8,40.396946564885496,-7.816793893129771,5.938931297709924
132.16,-0.23162215538851783,25.768377844611482,0.0,0.008231111111111113,9.625085232556653,0.6464344482421874,2.001552587890625,9.392453112792968,26.749131204895093,100.95823678144532,66.15125721570234,43.8761795,10.2464715,25.8,40.396946564885496,-7.816793893129771,5.938931297709924
132.16,-0.23162215538851783,25.768377844611482,0.0,0.008231111111111113,9.999886754278501,0.258573779296875,1.8650830932617186,9.821015209960937,26.749131204895093,100.95823678144532,66.15125721570234,43.8761795,10.2464715,25.8,34.94656488549618,-10.549618320610687,3.7251908396946565
132.17,-0.16904329157622966,25.83095670842377,6.257886381234508,0.008231111111111113,9.999886754278501,0.258573779296875,1.8650830932617186,9.821015209960937,26.858310805960173,100.95748785210242,66.20382942354256,43.8761795,10.2464715,25.8,34.94656488549618,-10.549618320610687,3.7251908396946565
132.18,-0.16904329157622966,25.83095670842377,0.0,0.008231111111111113,9.792840884659078,-0.15322890625,1.8004396484374998,9.624690673828125,26.858310805960173,100.95748785210242,66.20382942354256,43.8761795,10.2464715,25.8,18.3206106870229,-9.954198473282442,1.7251908396946565
132.19,-0.16904329157622966,25.83095670842377,0.0,0.008231111111111113,9.799055581341136,0.18914193115234373,1.8052280517578123,9.629479077148437,26.858310805960173,100.95748785210242,66.20382942354256,43.8761795,10.2464715,25.8,0.04580152671755725,-8.244274809160306,1.4351145038167938
132.2,-0.16904329157622966,25.83095670842377,0.0,0.008231111111111113,9.766991246993488,0.74699091796875,1.9512743530273435,9.540893615722656,26.858310805960173,100.95748785210242,66.20382942354256,43.8761795,10.2464715,25.8,-7.00763358778626,-8.534351145038167,2.7938931297709924
132.21,-0.16904329157622966,25.83095670842377,0.0,0.008231111111111113,9.85570314396433,0.7661445312499999,1.85790048828125,9.648632690429688,26.858310805960173,100.95748785210242,66.20382942354256,43.8761795,10.2464715,25.8,-1.5572519083969465,-10.702290076335878,3.66412213740458
132.22,-0.16904329157622966,25.83095670842377,0.0,0.008231111111111113,10.111527708679194,0.63206923828125,1.7932570434570312,9.931148486328125,26.858310805960173,100.95748785210242,66.20382942354256,43.8761795,10.2464715,25.8,7.1603053435114505,-13.34351145038168,3.618320610687023
132.24,-0.16904329157622966,25.83095670842377,0.0,0.008231111111111113,11.122258078642613,0.4740519287109375,1.6472107421875,10.989385620117186,26.858310805960173,100.95748785210242,66.20382942354256,43.8761795,10.2464715,25.8,12.534351145038167,-14.290076335877863,3.2061068702290076
132.25,-0.16904329157622966,25.83095670842377,0.0,0.008231111111111113,11.201962470724832,0.17477672119140625,1.5873557006835937,11.087547888183593,26.858310805960173,100.95748785210242,66.20382942354256,43.8761795,10.2464715,25.8,13.877862595419847,-10.931297709923664,2.7938931297709924
132.26,-0.16904329157622966,25.83095670842377,0.0,0.008231111111111113,10.546508588385716,0.38307226562499996,1.7214309936523438,10.398017810058594,26.858310805960173,100.95748785210242,66.20382942354256,43.8761795,10.2464715,25.8,10.732824427480915,-4.0458015267175576,3.0076335877862594
132.26,-0.16904329157622966,25.83095670842377,0.0,0.008231111111111113,10.546508588385716,0.38307226562499996,1.7214309936523438,10.398017810058594,26.858310805960173,100.95748785210242,66.20382942354256,43.8761795,10.2464715,25.8,10.732824427480915,-4.0458015267175576,3.0076335877862594
132.27,-0.16904329157622966,25.83095670842377,0.0,0.008231111111111113,10.043808086891529,0.44532150878906246,1.7860744384765623,9.873687646484374,26.858310805960173,100.95748785210242,66.20382942354256,43.8761795,10.2464715,25.8,5.969465648854962,1.3893129770992367,2.854961832061069
132.28,-0.16904329157622966,25.83095670842377,0.0,0.008231111111111113,9.63409166211731,0.2753331909179687,1.7669208251953124,9.466673364257812,26.858310805960173,100.95748785210242,66.20382942354256,43.8761795,10.2464715,25.8,0.549618320610687,4.198473282442748,2.0
132.29,-0.15198055888447692,25.84801944111552,1.7062732691768254,0.008231111111111113,9.63409166211731,0.2753331909179687,1.7669208251953124,9.466673364257812,26.897326026684276,100.95728365005142,66.2101089633826,43.8761795,10.2464715,25.8,0.549618320610687,4.198473282442748,2.0
132.3,-0.15198055888447692,25.84801944111552,0.0,0.008231111111111113,9.578369029037137,0.296881005859375,1.8052280517578123,9.402029919433593,26.897326026684276,100.95728365005142,66.2101089633826,43.8761795,10.2464715,25.8,-5.648854961832061,4.6106870229007635,1.4961832061068703
132.31,-0.15198055888447692,25.84801944111552,0.0,0.008231111111111113,9.524805555993439,0.47165772705078124,1.927332336425781,9.315838659667968,26.897326026684276,100.95728365005142,66.2101089633826,43.8761795,10.2464715,25.8,-9.816793893129772,3.1755725190839694,1.6488549618320612
132.32,-0.15198055888447692,25.84801944111552,0.0,0.008231111111111113,9.639552135616125,0.5602431884765625,1.879448303222656,9.437942944335937,26.897326026684276,100.95728365005142,66.2101089633826,43.8761795,10.2464715,25.8,-9.358778625954198,0.33587786259541985,1.7099236641221374
132.33,-0.15198055888447692,25.84801944111552,0.0,0.008231111111111113,9.818051485877652,0.5626373901367188,1.8555062866210936,9.624690673828125,26.897326026684276,100.95728365005142,66.2101089633826,43.8761795,10.2464715,25.8,-5.419847328244275,-3.2213740458015265,1.6793893129770991
132.34,-0.15198055888447692,25.84801944111552,0.0,0.008231111111111113,10.206802078514789,0.5817910034179687,1.7357962036132812,10.041281762695311,26.897326026684276,100.95728365005142,66.2101089633826,43.8761795,10.2464715,25.8,-0.7480916030534351,-5.847328244274809,1.7251908396946565
132.36,-0.15198055888447692,25.84801944111552,0.0,0.008231111111111113,10.420152055870894,0.49320554199218747,1.714248388671875,10.266336718749999,26.897326026684276,100.95728365005142,66.2101089633826,43.8761795,10.2464715,25.8,1.984732824427481,-6.442748091603053,1.3129770992366412
132.36,-0.15198055888447692,25.84801944111552,0.0,0.008231111111111113,10.420152055870894,0.49320554199218747,1.714248388671875,10.266336718749999,26.897326026684276,100.95728365005142,66.2101089633826,43.8761795,10.2464715,25.8,1.984732824427481,-6.442748091603053,1.3129770992366412
132.37,-0.15198055888447692,25.84801944111552,0.0,0.008231111111111113,10.480645866007977,0.28730419921875,1.668758557128906,10.342951171874999,26.897326026684276,100.95728365005142,66.2101089633826,43.8761795,10.2464715,25.8,1.5267175572519085,-4.748091603053435,0.8549618320610687
132.38,-0.15198055888447692,25.84801944111552,0.0,0.008231111111111113,10.181999219875584,0.1867477294921875,1.7190367919921874,10.034099157714843,26.897326026684276,100.95728365005142,66.2101089633826,43.8761795,10.2464715,25.8,-1.5572519083969465,-1.9389312977099236,0.9007633587786259
132.39,-0.15198055888447692,25.84801944111552,0.0,0.008231111111111113,9.855230572359304,0.02154781494140625,1.7214309936523438,9.70369932861328,26.897326026684276,100.95728365005142,66.2101089633826,43.8761795,10.2464715,25.8,-4.595419847328245,0.3511450381679389,1.6946564885496183
132.4,-0.15198055888447692,25.84801944111552,0.0,0.008231111111111113,9.57452349718744,-0.1005564697265625,1.7429788085937499,9.414000927734374,26.897326026684276,100.95728365005142,66.2101089633826,43.8761795,10.2464715,25.8,-7.3893129770992365,0.9618320610687023,3.4198473282442747
132.4,-0.19999455121370247,25.800005448786298,0.0,0.008231111111111113,9.57452349718744,-0.1005564697265625,1.7429788085937499,9.414000927734374,26.896696748797513,100.95785826904425,66.22401779713202,43.8761795,10.2464715,25.8,-7.3893129770992365,0.9618320610687023,3.4198473282442747
132.42,-0.19999455121370247,25.800005448786298,0.0,0.008231111111111113,9.50482529813422,0.15083470458984374,1.8195932617187498,9.327809667968749,26.896696748797513,100.95785826904425,66.22401779713202,43.8761795,10.2464715,25.8,-11.404580152671755,-0.183206106870229,5.984732824427481
132.43,-0.19999455121370247,25.800005448786298,0.0,0.008231111111111113,9.808463311516377,0.7661445312499999,1.8435352783203125,9.603142858886718,26.896696748797513,100.95785826904425,66.22401779713202,43.8761795,10.2464715,25.8,-17.450381679389313,-2.0763358778625953,8.01526717557252
132.44,-0.19999455121370247,25.800005448786298,0.0,0.008231111111111113,10.217707134917074,1.2282254516601563,1.8459294799804686,9.974244116210937,26.896696748797513,100.95785826904425,66.22401779713202,43.8761795,10.2464715,25.8,-24.18320610687023,-3.5267175572519083,7.480916030534351
132.45,-0.19999455121370247,25.800005448786298,0.0,0.008231111111111113,10.511355685925079,1.35990654296875,1.8004396484374998,10.266336718749999,26.896696748797513,100.95785826904425,66.22401779713202,43.8761795,10.2464715,25.8,-28.16793893129771,-3.480916030534351,4.427480916030534
132.46,-0.19999455121370247,25.800005448786298,0.0,0.008231111111111113,10.511355685925079,1.35990654296875,1.8004396484374998,10.266336718749999,26.896696748797513,100.95785826904425,66.22401779713202,43.8761795,10.2464715,25.8,-28.16793893129771,-3.480916030534351,4.427480916030534
132.46,-0.19999455121370247,25.800005448786298,0.0,0.008231111111111113,10.37362959926872,1.2737152832031249,1.7836802368164062,10.139444030761718,26.896696748797513,100.95785826904425,66.22401779713202,43.8761795,10.2464715,25.8,-26.671755725190838,-2.3206106870229006,0.8549618320610687
132.48,-0.19999455121370247,25.800005448786298,0.0,0.008231111111111113,10.004292177142347,0.8978256225585937,1.8028338500976562,9.79946739501953,26.896696748797513,100.95785826904425,66.22401779713202,43.8761795,10.2464715,25.8,-22.244274809160306,-1.3740458015267176,-2.183206106870229
132.49,-0.19999455121370247,25.800005448786298,0.0,0.008231111111111113,9.585571692428829,0.6081272216796875,1.8028338500976562,9.394847314453125,26.896696748797513,100.95785826904425,66.22401779713202,43.8761795,10.2464715,25.8,-17.84732824427481,-1.465648854961832,-3.816793893129771
132.5,-0.19999455121370247,25.800005448786298,0.0,0.008231111111111113,9.110556767984997,0.4213794921875,1.8363526733398436,8.913612780761719,26.896696748797513,100.95785826904425,66.22401779713202,43.8761795,10.2464715,25.8,-13.404580152671755,-3.450381679389313,-3.404580152671756
132.51,-0.19999455121370247,25.800005448786298,0.0,0.008231111111111113,9.006644882965517,0.7445967163085937,1.8555062866210936,8.781931689453124,26.896696748797513,100.95785826904425,66.22401779713202,43.8761795,10.2464715,25.8,-10.412213740458014,-8.106870229007633,-1.5419847328244274
132.51,-0.29032540362540216,25.709674596374597,0.0,0.008231111111111113,9.006644882965517,0.7445967163085937,1.8555062866210936,8.781931689453124,26.87593058098337,100.95893933240808,66.16464168156259,43.8761795,10.2464715,25.8,-10.412213740458014,-8.106870229007633,-1.5419847328244274
132.52,-0.29032540362540216,25.709674596374597,0.0,0.008231111111111113,10.476147751608453,0.9050082275390624,1.656787548828125,10.304643945312499,26.87593058098337,100.95893933240808,66.16464168156259,43.8761795,10.2464715,25.8,-12.82442748091603,-12.870229007633588,-0.7938931297709924
132.54,-0.29032540362540216,25.709674596374597,0.0,0.008231111111111113,10.22842011173148,1.0989385620117187,1.5777788940429687,10.046070166015625,26.87593058098337,100.95893933240808,66.16464168156259,43.8761795,10.2464715,25.8,-13.633587786259541,-13.83206106870229,-1.2671755725190839
132.55,-0.29032540362540216,25.709674596374597,0.0,0.008231111111111113,10.627511660943703,1.0630255371093749,1.5801730957031248,10.455478649902343,26.87593058098337,100.95893933240808,66.16464168156259,43.8761795,10.2464715,25.8,-12.106870229007633,-13.526717557251908,-1.6793893129770991
132.56,-0.29032540362540216,25.709674596374597,0.0,0.008231111111111113,10.931757509977174,0.7829039428710937,1.5155296508789062,10.797849487304687,26.87593058098337,100.95893933240808,66.16464168156259,43.8761795,10.2464715,25.8,-2.8396946564885495,-10.793893129770993,-1.6488549618320612
132.56,-0.29032540362540216,25.709674596374597,0.0,0.008231111111111113,10.931757509977174,0.7829039428710937,1.5155296508789062,10.797849487304687,26.87593058098337,100.95893933240808,66.16464168156259,43.8761795,10.2464715,25.8,-2.8396946564885495,-10.793893129770993,-1.6488549618320612
132.57,-0.29032540362540216,25.709674596374597,0.0,0.008231111111111113,10.483261242422303,0.6392518432617187,1.5538368774414062,10.347739575195313,26.87593058098337,100.95893933240808,66.16464168156259,43.8761795,10.2464715,25.8,1.0687022900763359,-6.244274809160306,-1.4198473282442747
132.58,-0.29032540362540216,25.709674596374597,0.0,0.008231111111111113,9.865985054376313,0.8355763793945312,1.687912170410156,9.68454571533203,26.87593058098337,100.95893933240808,66.16464168156259,43.8761795,10.2464715,25.8,-0.7022900763358778,-2.2595419847328246,-0.7633587786259542
132.6,-0.29032540362540216,25.709674596374597,0.0,0.008231111111111113,9.823122605066242,0.9097966308593749,1.6735469604492186,9.636661682128906,26.87593058098337,100.95893933240808,66.16464168156259,43.8761795,10.2464715,25.8,-1.5877862595419847,-1.297709923664122,-0.183206106870229
132.61,-0.29032540362540216,25.709674596374597,0.0,0.008231111111111113,10.062032048453721,0.842758984375,1.6472107421875,9.890447058105469,26.87593058098337,100.95893933240808,66.16464168156259,43.8761795,10.2464715,25.8,0.9923664122137404,-1.8473282442748091,0.366412213740458
132.62,-0.29032540362540216,25.709674596374597,0.0,0.008231111111111113,10.267811771548667,0.8283937744140625,1.5705962890624998,10.1131078125,26.87593058098337,100.95893933240808,66.16464168156259,43.8761795,10.2464715,25.8,1.4351145038167938,-2.122137404580153,0.6564885496183206
132.62,-0.263023790017467,25.736976209982533,0.0,0.008231111111111113,10.267811771548667,0.8283937744140625,1.5705962890624998,10.1131078125,26.843837421894385,100.95861259062796,66.18749261477093,43.8761795,10.2464715,25.8,1.4351145038167938,-2.122137404580153,0.6564885496183206
132.63,-0.263023790017467,25.736976209982533,0.0,0.008231111111111113,10.21635473890136,0.8547299926757812,1.5897499023437498,10.05564697265625,26.843837421894385,100.95861259062796,66.18749261477093,43.8761795,10.2464715,25.8,0.0,-1.282442748091603,0.6564885496183206
132.64,-0.263023790017467,25.736976209982533,0.0,0.008231111111111113,9.919192214232265,0.9528922607421875,1.675941162109375,9.730035546875,26.843837421894385,100.95861259062796,66.18749261477093,43.8761795,10.2464715,25.8,-1.1297709923664123,-0.32061068702290074,0.7633587786259542
132.66,-0.263023790017467,25.736976209982533,0.0,0.008231111111111113,9.626162221110205,0.8690952026367187,1.6831237670898436,9.437942944335937,26.843837421894385,100.95861259062796,66.18749261477093,43.8761795,10.2464715,25.8,-2.3206106870229006,-0.21374045801526717,0.3053435114503817
132.66,-0.263023790017467,25.736976209982533,0.0,0.008231111111111113,9.626162221110205,0.8690952026367187,1.6831237670898436,9.437942944335937,26.843837421894385,100.95861259062796,66.18749261477093,43.8761795,10.2464715,25.8,-2.3206106870229006,-0.21374045801526717,0.3053435114503817
132.67,-0.263023790017467,25.736976209982533,0.0,0.008231111111111113,9.511772992586005,0.7733271362304687,1.7453730102539062,9.318232861328125,26.843837421894385,100.95861259062796,66.18749261477093,43.8761795,10.2464715,25.8,-1.618320610687023,-1.9083969465648856,0.10687022900763359
132.68,-0.263023790017467,25.736976209982533,0.0,0.008231111111111113,9.559329181379749,0.7445967163085937,1.6831237670898436,9.380482104492186,26.843837421894385,100.95861259062796,66.18749261477093,43.8761795,10.2464715,25.8,-1.7099236641221374,-4.641221374045801,0.2900763358778626
132.69,-0.263023790017467,25.736976209982533,0.0,0.008231111111111113,9.441233638744857,0.8212111694335937,1.656787548828125,9.258377819824219,26.843837421894385,100.95861259062796,66.18749261477093,43.8761795,10.2464715,25.8,-2.8396946564885495,-7.633587786259542,0.6412213740458015
132.7,-0.263023790017467,25.736976209982533,0.0,0.008231111111111113,9.366100064110796,0.8690952026367187,1.446097802734375,9.212887988281249,26.843837421894385,100.95861259062796,66.18749261477093,43.8761795,10.2464715,25.8,-4.213740458015267,-10.992366412213741,1.0534351145038168
132.72,-0.263023790017467,25.736976209982533,0.0,0.008231111111111113,9.391647789180535,0.9888052856445312,1.2808978881835937,9.251195214843749,26.843837421894385,100.95861259062796,66.18749261477093,43.8761795,10.2464715,25.8,-5.770992366412214,-14.885496183206106,0.7633587786259542
132.73,-0.263023790017467,25.736976209982533,0.0,0.008231111111111113,9.850157070140714,0.86191259765625,1.3910311645507811,9.713276135253906,26.843837421894385,100.95861259062796,66.18749261477093,43.8761795,10.2464715,25.8,-5.969465648854962,-19.00763358778626,0.10687022900763359
132.73,-0.26588016872323816,25.73411983127676,0.0,0.008231111111111113,9.850157070140714,0.86191259765625,1.3910311645507811,9.713276135253906,26.809856442294222,100.95864677531684,66.16802072536456,43.8761795,10.2464715,25.8,-5.969465648854962,-19.00763358778626,0.10687022900763359
132.74,-0.26588016872323816,25.73411983127676,0.0,0.008231111111111113,10.344070068102248,0.6655880615234374,1.3766659545898436,10.230423693847655,26.809856442294222,100.95864677531684,66.16802072536456,43.8761795,10.2464715,25.8,-6.0,-21.61832061068702,-0.3511450381679389
132.75,-0.26588016872323816,25.73411983127676,0.0,0.008231111111111113,11.638572828332542,1.2713210815429687,1.24498486328125,11.501744775390625,26.809856442294222,100.95864677531684,66.16802072536456,43.8761795,10.2464715,25.8,-7.633587786259542,-21.557251908396946,0.21374045801526717
132.76,-0.26588016872323816,25.73411983127676,0.0,0.008231111111111113,11.638572828332542,1.2713210815429687,1.24498486328125,11.501744775390625,26.809856442294222,100.95864677531684,66.16802072536456,43.8761795,10.2464715,25.8,-7.633587786259542,-21.557251908396946,0.21374045801526717
132.76,-0.26588016872323816,25.73411983127676,0.0,0.008231111111111113,11.785572882631328,0.7230489013671875,1.484405029296875,11.669338891601562,26.809856442294222,100.95864677531684,66.16802072536456,43.8761795,10.2464715,25.8,5.938931297709924,-14.045801526717558,1.8015267175572518
132.78,-0.26588016872323816,25.73411983127676,0.0,0.008231111111111113,10.83198351399293,1.1875240234375,1.2617442749023438,10.692504614257812,26.809856442294222,100.95864677531684,66.16802072536456,43.8761795,10.2464715,25.8,5.038167938931298,-1.0076335877862594,1.3435114503816794
132.79,-0.26588016872323816,25.73411983127676,0.0,0.008231111111111113,9.915119854559922,0.9935936889648437,1.4125789794921875,9.763554370117188,26.809856442294222,100.95864677531684,66.16802072536456,43.8761795,10.2464715,25.8,-2.564885496183206,6.427480916030534,-0.3511450381679389
132.8,-0.26588016872323816,25.73411983127676,0.0,0.008231111111111113,10.24607013283042,0.5123591552734374,1.4341267944335936,10.13226142578125,26.809856442294222,100.95864677531684,66.16802072536456,43.8761795,10.2464715,25.8,6.122137404580153,9.49618320610687,0.183206106870229
132.81,-0.26588016872323816,25.73411983127676,0.0,0.008231111111111113,10.852894998605505,0.3591302490234375,1.3168109130859373,10.766724865722656,26.809856442294222,100.95864677531684,66.16802072536456,43.8761795,10.2464715,25.8,7.343511450381679,10.992366412213741,1.2213740458015268
132.82,-0.26588016872323816,25.73411983127676,0.0,0.008231111111111113,10.945186308172445,-0.4333505004882812,1.369483349609375,10.850521923828124,26.809856442294222,100.95864677531684,66.16802072536456,43.8761795,10.2464715,25.8,13.98473282442748,14.351145038167939,4.9465648854961835
132.84,-0.26588016872323816,25.73411983127676,0.0,0.008231111111111113,10.338311088228128,0.8451531860351562,1.5442600708007812,10.187328063964843,26.809856442294222,100.95864677531684,66.16802072536456,43.8761795,10.2464715,25.8,24.564885496183205,18.717557251908396,12.198473282442748
132.85,-0.26588016872323816,25.73411983127676,0.0,0.008231111111111113,9.683491202974919,1.429338391113281,1.6831237670898436,9.428366137695312,26.809856442294222,100.95864677531684,66.16802072536456,43.8761795,10.2464715,25.8,23.96946564885496,22.0,15.267175572519085
132.86,-0.26588016872323816,25.73411983127676,0.0,0.008231111111111113,9.122753483216746,1.2569558715820313,1.8507178833007811,8.844180932617187,26.809856442294222,100.95864677531684,66.16802072536456,43.8761795,10.2464715,25.8,13.84732824427481,22.259541984732824,12.15267175572519
132.86,-0.3317892247034382,25.66821077529656,0.0,0.008231111111111113,9.122753483216746,1.2569558715820313,1.8507178833007811,8.844180932617187,26.774302282821736,100.95943556708566,66.1763099728319,43.8761795,10.2464715,25.8,13.84732824427481,22.259541984732824,12.15267175572519
132.86,-0.3317892247034382,25.66821077529656,0.0,0.008231111111111113,9.122753483216746,1.2569558715820313,1.8507178833007811,8.844180932617187,26.774302282821736,100.95943556708566,66.1763099728319,43.8761795,10.2464715,25.8,13.84732824427481,22.259541984732824,12.15267175572519
132.87,-0.3317892247034382,25.66821077529656,0.0,0.008231111111111113,8.936084355666276,0.82360537109375,1.886630908203125,8.695740429687499,26.774302282821736,100.95943556708566,66.1763099728319,43.8761795,10.2464715,25.8,2.8244274809160306,19.053435114503817,7.404580152671755
132.88,-0.3317892247034382,25.66821077529656,0.0,0.008231111111111113,9.52008342236274,0.7852981445312499,1.8219874633789062,9.311050256347656,26.774302282821736,100.95943556708566,66.1763099728319,43.8761795,10.2464715,25.8,-0.2595419847328244,13.19083969465649,4.8396946564885495
132.89,-0.3317892247034382,25.66821077529656,0.0,0.007202222222222224,9.52008342236274,0.7852981445312499,1.8219874633789062,9.311050256347656,26.774302282821736,100.95943556708566,66.1763099728319,43.876179666666665,10.246471833333333,25.9,-0.2595419847328244,13.19083969465649,4.8396946564885495
132.9,-0.3317892247034382,25.66821077529656,0.0,0.007202222222222224,10.43126325002464,1.2401964599609374,1.7884686401367187,10.20169327392578,26.774302282821736,100.95943556708566,66.1763099728319,43.876179666666665,10.246471833333333,25.9,8.106870229007633,7.435114503816794,4.9465648854961835
132.91,-0.3317892247034382,25.66821077529656,0.0,0.007202222222222224,11.20219632160499,1.5298948608398437,1.6424223388671875,10.97502041015625,26.774302282821736,100.95943556708566,66.1763099728319,43.876179666666665,10.246471833333333,25.9,23.81679389312977,5.099236641221374,4.9465648854961835
132.92,-0.3317892247034382,25.66821077529656,0.0,0.007202222222222224,11.070800385431134,1.1085153686523437,1.7549498168945312,10.874463940429687,26.774302282821736,100.95943556708566,66.1763099728319,43.876179666666665,10.246471833333333,25.9,41.66412213740458,6.809160305343512,3.1297709923664123
132.93,-0.3317892247034382,25.66821077529656,0.0,0.007202222222222224,10.414950593460318,0.49799394531249996,1.8076222534179687,10.244788903808594,26.774302282821736,100.95943556708566,66.1763099728319,43.876179666666665,10.246471833333333,25.9,50.13740458015267,10.396946564885496,0.16793893129770993
132.94,-0.3317892247034382,25.66821077529656,0.0,0.007202222222222224,9.846741362318154,0.086191259765625,1.8291700683593748,9.674968908691406,26.774302282821736,100.95943556708566,66.1763099728319,43.876179666666665,10.246471833333333,25.9,42.99236641221374,14.870229007633588,-2.5343511450381677
132.96,-0.3317892247034382,25.66821077529656,0.0,0.007202222222222224,9.321682346184335,-0.11013327636718749,1.8818425048828125,9.129090930175781,26.774302282821736,100.95943556708566,66.1763099728319,43.876179666666665,10.246471833333333,25.9,26.83969465648855,18.03053435114504,-4.3816793893129775
132.96,-0.3317892247034382,25.66821077529656,0.0,0.007202222222222224,9.321682346184335,-0.11013327636718749,1.8818425048828125,9.129090930175781,26.774302282821736,100.95943556708566,66.1763099728319,43.876179666666665,10.246471833333333,25.9,26.83969465648855,18.03053435114504,-4.3816793893129775
132.97,-0.3317892247034382,25.66821077529656,0.0,0.007202222222222224,9.071345738884997,0.12449848632812499,2.013523596191406,8.844180932617187,26.774302282821736,100.95943556708566,66.1763099728319,43.876179666666665,10.246471833333333,25.9,10.305343511450381,18.53435114503817,-4.763358778625954
132.98,-0.3317892247034382,25.66821077529656,0.0,0.007202222222222224,9.04056189970411,0.30406361083984373,2.085349645996094,8.79150849609375,26.774302282821736,100.95943556708566,66.1763099728319,43.876179666666665,10.246471833333333,25.9,-4.1679389312977095,16.30534351145038,-5.068702290076335
132.99,-0.3317892247034382,25.66821077529656,0.0,0.007202222222222224,9.138927413369974,0.7038952880859375,2.133233679199219,8.858546142578124,26.774302282821736,100.95943556708566,66.1763099728319,43.876179666666665,10.246471833333333,25.9,-13.17557251908397,11.740458015267176,-5.7251908396946565
133.0,-0.3317892247034382,25.66821077529656,0.0,0.007202222222222224,9.343909316640843,1.0175357055664063,2.1715409057617188,9.030928662109375,26.774302282821736,100.95943556708566,66.1763099728319,43.876179666666665,10.246471833333333,25.9,-16.671755725190838,6.122137404580153,-7.312977099236641
133.02,-0.3317892247034382,25.66821077529656,0.0,0.007202222222222224,10.11451623505288,1.5897499023437498,2.0757728393554684,9.770736975097655,26.774302282821736,100.95943556708566,66.1763099728319,43.876179666666665,10.246471833333333,25.9,-12.916030534351146,0.21374045801526717,-10.076335877862595
133.03,-0.3317892247034382,25.66821077529656,0.0,0.007202222222222224,11.100310824282746,1.2282254516601563,1.927332336425781,10.862492932128905,26.774302282821736,100.95943556708566,66.1763099728319,43.876179666666665,10.246471833333333,25.9,-2.854961832061069,-3.2061068702290076,-14.412213740458014
133.04,-0.3317892247034382,25.66821077529656,0.0,0.007202222222222224,10.675776344931796,0.612915625,1.8914193115234375,10.488997473144531,26.774302282821736,100.95943556708566,66.1763099728319,43.876179666666665,10.246471833333333,25.9,8.732824427480915,-2.1526717557251906,-18.732824427480917
133.05,-0.3317892247034382,25.66821077529656,0.0,0.007202222222222224,9.897829467448679,-0.07422025146484375,1.9009961181640624,9.713276135253906,26.774302282821736,100.95943556708566,66.1763099728319,43.876179666666665,10.246471833333333,25.9,17.31297709923664,0.9007633587786259,-20.80916030534351
133.06,-0.3317892247034382,25.66821077529656,0.0,0.007202222222222224,9.897829467448679,-0.07422025146484375,1.9009961181640624,9.713276135253906,26.774302282821736,100.95943556708566,66.1763099728319,43.876179666666665,10.246471833333333,25.9,17.31297709923664,0.9007633587786259,-20.80916030534351
133.06,-0.3317892247034382,25.66821077529656,0.0,0.007202222222222224,9.233133705203912,-0.5578489868164063,1.908178723144531,9.016563452148437,26.774302282821736,100.95943556708566,66.1763099728319,43.876179666666665,10.246471833333333,25.9,16.778625954198475,2.6717557251908395,-20.625954198473284
133.08,-0.3317892247034382,25.66821077529656,0.0,0.007202222222222224,9.319723889216954,-0.51714755859375,1.9536685546875,9.09796630859375,26.774302282821736,100.95943556708566,66.1763099728319,43.876179666666665,10.246471833333333,25.9,7.404580152671755,2.2290076335877864,-18.671755725190838
133.09,-0.3317892247034382,25.66821077529656,0.0,0.007202222222222224,9.578520735615898,-0.411802685546875,1.9632453613281249,9.366116894531249,26.774302282821736,100.95943556708566,66.1763099728319,43.876179666666665,10.246471833333333,25.9,-4.061068702290076,0.3969465648854962,-15.954198473282442
133.1,-0.3317892247034382,25.66821077529656,0.0,0.007202222222222224,10.36690258834025,0.4261678955078125,1.9991583862304687,10.16338604736328,26.774302282821736,100.95943556708566,66.1763099728319,43.876179666666665,10.246471833333333,25.9,-10.488549618320612,-1.5114503816793894,-12.80916030534351
133.11,-0.3317892247034382,25.66821077529656,0.0,0.007202222222222224,10.509011305492281,0.46686932373046874,1.946485949707031,10.31661495361328,26.774302282821736,100.95943556708566,66.1763099728319,43.876179666666665,10.246471833333333,25.9,-10.595419847328245,-1.786259541984733,-11.389312977099237
133.12,-0.3317892247034382,25.66821077529656,0.0,0.007202222222222224,10.468623966865657,0.09576806640624999,1.93451494140625,10.287884533691406,26.774302282821736,100.95943556708566,66.1763099728319,43.876179666666665,10.246471833333333,25.9,-6.0458015267175576,-0.3969465648854962,-11.19083969465649
133.14,-0.3317892247034382,25.66821077529656,0.0,0.007202222222222224,10.00750461436105,-0.055066638183593745,1.946485949707031,9.816226806640625,26.774302282821736,100.95943556708566,66.1763099728319,43.876179666666665,10.246471833333333,25.9,0.8549618320610687,1.1297709923664123,-9.84732824427481
133.14,-0.346557356881827,25.653442643118172,0.0,0.007202222222222224,10.00750461436105,-0.055066638183593745,1.946485949707031,9.816226806640625,26.72207230391432,100.95961231102527,66.17491756480811,43.876179666666665,10.246471833333333,25.9,0.8549618320610687,1.1297709923664123,-9.84732824427481
133.14,-0.346557356881827,25.653442643118172,0.0,0.007202222222222224,10.00750461436105,-0.055066638183593745,1.946485949707031,9.816226806640625,26.72207230391432,100.95961231102527,66.17491756480811,43.876179666666665,10.246471833333333,25.9,0.8549618320610687,1.1297709923664123,-9.84732824427481
133.15,-0.346557356881827,25.653442643118172,0.0,0.007202222222222224,9.599229920663005,-0.1580173095703125,1.905784521484375,9.406818322753905,26.72207230391432,100.95961231102527,66.17491756480811,43.876179666666665,10.246471833333333,25.9,3.0839694656488548,1.9694656488549618,-7.877862595419847
133.16,-0.346557356881827,25.653442643118172,0.0,0.007202222222222224,9.310879108448782,-0.26815058593749996,2.1212626708984375,9.062053283691405,26.72207230391432,100.95961231102527,66.17491756480811,43.876179666666665,10.246471833333333,25.9,-7.480916030534351,2.595419847328244,-6.931297709923665
133.16,-0.346557356881827,25.653442643118172,0.0,0.007202222222222224,9.310879108448782,-0.26815058593749996,2.1212626708984375,9.062053283691405,26.72207230391432,100.95961231102527,66.17491756480811,43.876179666666665,10.246471833333333,25.9,-7.480916030534351,2.595419847328244,-6.931297709923665
133.17,-0.346557356881827,25.653442643118172,0.0,0.007202222222222224,9.848242010012886,-0.5698199951171875,1.9129671264648436,9.643844287109374,26.72207230391432,100.95961231102527,66.17491756480811,43.876179666666665,10.246471833333333,25.9,-26.549618320610687,3.1908396946564888,-6.488549618320611
133.18,-0.346557356881827,25.653442643118172,0.0,0.007202222222222224,10.620967311179092,-0.25139117431640623,1.7956512451171873,10.465055456542968,26.72207230391432,100.95961231102527,66.17491756480811,43.876179666666665,10.246471833333333,25.9,-44.58015267175573,3.984732824427481,-4.3816793893129775
133.2,-0.346557356881827,25.653442643118172,0.0,0.007202222222222224,10.484752794832405,0.3806780639648437,2.0350714111328125,10.27830772705078,26.72207230391432,100.95961231102527,66.17491756480811,43.876179666666665,10.246471833333333,25.9,-57.267175572519086,6.656488549618321,-0.9923664122137404
133.21,-0.346557356881827,25.653442643118172,0.0,0.007202222222222224,9.71837361512509,0.5770026000976562,2.1835119140624997,9.452308154296874,26.72207230391432,100.95961231102527,66.17491756480811,43.876179666666665,10.246471833333333,25.9,-67.89312977099236,9.221374045801527,0.6412213740458015
133.22,-0.346557356881827,25.653442643118172,0.0,0.007202222222222224,10.214709797794212,2.152387292480469,2.43250888671875,9.68454571533203,26.72207230391432,100.95961231102527,66.17491756480811,43.876179666666665,10.246471833333333,25.9,-75.34351145038168,8.381679389312977,0.9770992366412213
133.23,-0.346557356881827,25.653442643118172,0.0,0.007202222222222224,10.401212252757826,2.5234885498046875,1.9871873779296874,9.892841259765625,26.72207230391432,100.95961231102527,66.17491756480811,43.876179666666665,10.246471833333333,25.9,-47.083969465648856,2.595419847328244,1.7251908396946565
133.24,-0.346557356881827,25.653442643118172,0.0,0.007202222222222224,10.117337024542245,0.9050082275390624,2.138022082519531,9.847351428222655,26.72207230391432,100.95961231102527,66.17491756480811,43.876179666666665,10.246471833333333,25.9,-10.50381679389313,1.7099236641221374,-1.3587786259541985
133.25,-0.2860564127162246,25.713943587283776,6.050094416565739,0.007202222222222224,10.117337024542245,0.9050082275390624,2.138022082519531,9.847351428222655,26.839432479376228,100.95888824168324,66.21480048074265,43.876179666666665,10.246471833333333,25.9,-10.50381679389313,1.7099236641221374,-1.3587786259541985
133.26,-0.2860564127162246,25.713943587283776,0.0,0.007202222222222224,11.362150839264663,0.3280056274414062,2.0733786376953125,11.166556542968749,26.839432479376228,100.95888824168324,66.21480048074265,43.876179666666665,10.246471833333333,25.9,-9.83206106870229,2.2595419847328246,-5.068702290076335
133.26,-0.2860564127162246,25.713943587283776,0.0,0.007202222222222224,11.362150839264663,0.3280056274414062,2.0733786376953125,11.166556542968749,26.839432479376228,100.95888824168324,66.21480048074265,43.876179666666665,10.246471833333333,25.9,-9.83206106870229,2.2595419847328246,-5.068702290076335
133.27,-0.2860564127162246,25.713943587283776,0.0,0.007202222222222224,10.658266753371425,1.180341418457031,1.9967641845703124,10.402806213378906,26.839432479376228,100.95888824168324,66.21480048074265,43.876179666666665,10.246471833333333,25.9,-9.511450381679388,7.0534351145038165,-3.6030534351145036
133.28,-0.2860564127162246,25.713943587283776,0.0,0.007202222222222224,10.123625154669966,1.68551796875,2.281674182128906,9.718064538574218,26.839432479376228,100.95888824168324,66.21480048074265,43.876179666666665,10.246471833333333,25.9,-0.7938931297709924,13.267175572519085,-1.8931297709923665
133.29,-0.2860564127162246,25.713943587283776,0.0,0.007202222222222224,9.962999512476319,1.3455413330078123,2.205059729003906,9.622296472167967,26.839432479376228,100.95888824168324,66.21480048074265,43.876179666666665,10.246471833333333,25.9,-2.885496183206107,15.068702290076336,-4.9465648854961835
133.3,-0.2860564127162246,25.713943587283776,0.0,0.007202222222222224,9.624953019961938,0.8164227661132812,2.0829554443359375,9.361328491210937,26.839432479376228,100.95888824168324,66.21480048074265,43.876179666666665,10.246471833333333,25.9,-4.3816793893129775,14.977099236641221,-8.427480916030534
133.32,-0.2860564127162246,25.713943587283776,0.0,0.007202222222222224,9.64255972544336,0.5913678100585937,2.398990063476562,9.320627062988281,26.839432479376228,100.95888824168324,66.21480048074265,43.876179666666665,10.246471833333333,25.9,-1.9389312977099236,13.541984732824428,-8.732824427480915
133.33,-0.2860564127162246,25.713943587283776,0.0,0.007202222222222224,9.301119088785871,0.4333505004882812,2.4349030883789062,8.966285217285156,26.839432479376228,100.95888824168324,66.21480048074265,43.876179666666665,10.246471833333333,25.9,0.10687022900763359,11.282442748091603,-7.038167938931298
133.34,-0.2860564127162246,25.713943587283776,0.0,0.007202222222222224,9.282984594176902,0.6416460449218749,2.4253262817382812,8.93755479736328,26.839432479376228,100.95888824168324,66.21480048074265,43.876179666666665,10.246471833333333,25.9,-0.6412213740458015,7.282442748091603,-4.534351145038168
133.35,-0.2860564127162246,25.713943587283776,0.0,0.007202222222222224,9.483311584134357,0.718260498046875,2.365471240234375,9.1554271484375,26.839432479376228,100.95888824168324,66.21480048074265,43.876179666666665,10.246471833333333,25.9,-1.450381679389313,2.732824427480916,-2.3206106870229006
133.36,-0.2860564127162246,25.713943587283776,0.0,0.007202222222222224,9.483311584134357,0.718260498046875,2.365471240234375,9.1554271484375,26.839432479376228,100.95888824168324,66.21480048074265,43.876179666666665,10.246471833333333,25.9,-1.450381679389313,2.732824427480916,-2.3206106870229006
133.36,-0.2860564127162246,25.713943587283776,0.0,0.007202222222222224,9.710397001203708,0.9744400756835937,2.370259643554687,9.366116894531249,26.839432479376228,100.95888824168324,66.21480048074265,43.876179666666665,10.246471833333333,25.9,-1.4351145038167938,-1.3893129770992367,-0.5038167938931297
133.37,-0.2824800037979158,25.717519996202086,0.3576408918312046,0.007202222222222224,9.710397001203708,0.9744400756835937,2.370259643554687,9.366116894531249,26.884425830878172,100.958845439705,66.22904748799901,43.876179666666665,10.246471833333333,25.9,-1.4351145038167938,-1.3893129770992367,-0.5038167938931297
133.38,-0.2824800037979158,25.717519996202086,0.0,0.007202222222222224,9.844104197040377,0.9504980590820312,2.300827795410156,9.524134204101562,26.884425830878172,100.958845439705,66.22904748799901,43.876179666666665,10.246471833333333,25.9,-3.786259541984733,-4.702290076335878,-0.10687022900763359
133.39,-0.2824800037979158,25.717519996202086,0.0,0.007202222222222224,10.16162930164438,0.70868369140625,2.35589443359375,9.859322436523437,26.884425830878172,100.958845439705,66.22904748799901,43.876179666666665,10.246471833333333,25.9,-6.473282442748092,-6.961832061068702,-0.4580152671755725
133.4,-0.2824800037979158,25.717519996202086,0.0,0.007202222222222224,10.598211589322142,0.316034619140625,2.731784094238281,10.235212097167969,26.884425830878172,100.958845439705,66.22904748799901,43.876179666666665,10.246471833333333,25.9,-15.145038167938932,-8.549618320610687,-0.7022900763358778
133.41,-0.2824800037979158,25.717519996202086,0.0,0.007202222222222224,10.617773119601075,-0.16998831787109375,3.1771056030273437,10.129867224121092,26.884425830878172,100.958845439705,66.22904748799901,43.876179666666665,10.246471833333333,25.9,-32.97709923664122,-9.297709923664122,0.8396946564885496
133.42,-0.2824800037979158,25.717519996202086,0.0,0.007202222222222224,10.664114182753098,-0.28490999755859375,3.0693665283203124,10.20887587890625,26.884425830878172,100.958845439705,66.22904748799901,43.876179666666665,10.246471833333333,25.9,-56.412213740458014,-9.923664122137405,6.748091603053435
133.44,-0.2824800037979158,25.717519996202086,0.0,0.007202222222222224,10.523614739087252,0.23702596435546874,2.798821740722656,10.141838232421874,26.884425830878172,100.958845439705,66.22904748799901,43.876179666666665,10.246471833333333,25.9,-83.00763358778626,-10.549618320610687,16.9618320610687
133.45,-0.2824800037979158,25.717519996202086,0.0,0.007202222222222224,10.14364050596983,0.9169792358398436,2.4253262817382812,9.80665,26.884425830878172,100.958845439705,66.22904748799901,43.876179666666665,10.246471833333333,25.9,-109.69465648854961,-11.404580152671755,27.557251908396946
133.46,-0.2824800037979158,25.717519996202086,0.0,0.007202222222222224,10.25486181191429,1.93451494140625,3.327940307617187,9.504980590820312,26.884425830878172,100.958845439705,66.22904748799901,43.876179666666665,10.246471833333333,25.9,-135.29770992366412,-13.282442748091603,36.045801526717554
133.46,-0.2824800037979158,25.717519996202086,0.0,0.007202222222222224,10.25486181191429,1.93451494140625,3.327940307617187,9.504980590820312,26.884425830878172,100.958845439705,66.22904748799901,43.876179666666665,10.246471833333333,25.9,-135.29770992366412,-13.282442748091603,36.045801526717554
133.47,-0.2824800037979158,25.717519996202086,0.0,0.007202222222222224,10.309372576820323,2.133233679199219,2.9544448486328125,9.643844287109374,26.884425830878172,100.958845439705,66.22904748799901,43.876179666666665,10.246471833333333,25.9,-159.49618320610688,-16.885496183206108,40.961832061068705
133.48,-0.2824800037979158,25.717519996202086,0.0,0.007202222222222224,10.209223997977752,2.518700146484375,2.427720483398437,9.591171850585937,26.884425830878172,100.958845439705,66.22904748799901,43.876179666666665,10.246471833333333,25.9,-183.31297709923663,-20.213740458015266,44.396946564885496
133.49,-0.21849422367978155,25.78150577632022,6.398578011801061,0.007202222222222224,10.209223997977752,2.518700146484375,2.427720483398437,9.591171850585937,26.88694294211091,100.95807966902736,66.20143296282407,43.876179666666665,10.246471833333333,25.9,-183.31297709923663,-20.213740458015266,44.396946564885496
133.5,-0.21849422367978155,25.78150577632022,0.0,0.007202222222222224,11.260164581925244,3.4859576171874997,2.0781670410156248,10.503362683105468,26.88694294211091,100.95807966902736,66.20143296282407,43.876179666666665,10.246471833333333,25.9,-195.6946564885496,-21.87786259541985,46.06106870229008
133.51,-0.21849422367978155,25.78150577632022,0.0,0.007202222222222224,9.77469179948784,3.385401147460937,2.3774422485351563,8.856151940917968,26.88694294211091,100.95807966902736,66.20143296282407,43.876179666666665,10.246471833333333,25.9,-188.01526717557252,-16.85496183206107,46.13740458015267
133.52,-0.21849422367978155,25.78150577632022,0.0,0.007202222222222224,9.491874608739453,4.053383410644531,1.637633935546875,8.425195642089843,26.88694294211091,100.95807966902736,66.20143296282407,43.876179666666665,10.246471833333333,25.9,-180.13740458015266,-13.114503816793894,44.93129770992366
133.53,-0.21849422367978155,25.78150577632022,0.0,0.007202222222222224,9.251771750875934,4.525041137695312,1.1516109985351561,7.987056738281249,26.88694294211091,100.95807966902736,66.20143296282407,43.876179666666665,10.246471833333333,25.9,-167.64885496183206,-14.870229007633588,41.587786259541986
133.54,-0.21849422367978155,25.78150577632022,0.0,0.007202222222222224,9.445421709542718,5.03740029296875,0.7110778930664062,7.958326318359375,26.88694294211091,100.95807966902736,66.20143296282407,43.876179666666665,10.246471833333333,25.9,-149.3587786259542,-13.954198473282442,38.900763358778626
133.56,-0.21849422367978155,25.78150577632022,0.0,0.007202222222222224,5.070647881968906,5.061342309570312,-0.30705636291503907,-0.0005985504150390625,26.88694294211091,100.95807966902736,66.20143296282407,43.876179666666665,10.246471833333333,25.9,-0.015267175572519083,-0.015267175572519083,-0.015267175572519083
133.56,-0.21849422367978155,25.78150577632022,0.0,0.007202222222222224,5.070647881968906,5.061342309570312,-0.30705636291503907,-0.0005985504150390625,26.88694294211091,100.95807966902736,66.20143296282407,43.876179666666665,10.246471833333333,25.9,-0.015267175572519083,-0.015267175572519083,-0.015267175572519083
133.57,-0.21849422367978155,25.78150577632022,0.0,0.007202222222222224,10.712895659715757,5.741295581054687,-0.612915625,9.023746057128905,26.88694294211091,100.95807966902736,66.20143296282407,43.876179666666665,10.246471833333333,25.9,-71.26717557251908,0.5801526717557252,39.541984732824424
133.58,-0.21849422367978155,25.78150577632022,0.0,0.007202222222222224,12.155899887237307,6.476315490722656,0.28490999755859375,10.283096130371094,26.88694294211091,100.95807966902736,66.20143296282407,43.876179666666665,10.246471833333333,25.9,-7.8320610687022905,12.351145038167939,34.06106870229008
133.59,-0.21849422367978155,25.78150577632022,0.0,0.007202222222222224,11.642746658832083,6.210559106445312,1.1923124267578125,9.775525378417969,26.88694294211091,100.95807966902736,66.20143296282407,43.876179666666665,10.246471833333333,25.9,33.74045801526717,21.099236641221374,19.435114503816795
133.6,-0.21849422367978155,25.78150577632022,0.0,0.007202222222222224,10.773923698057711,6.110002636718749,1.4867992309570313,8.748412866210938,26.88694294211091,100.95807966902736,66.20143296282407,43.876179666666665,10.246471833333333,25.9,41.63358778625954,25.51145038167939,4.9465648854961835
133.6,-0.18075500047382898,25.81924499952617,0.0,0.007202222222222224,10.773923698057711,6.110002636718749,1.4867992309570313,8.748412866210938,26.866176776529755,100.95762801477876,66.2050952708164,43.876179666666665,10.246471833333333,25.9,41.63358778625954,25.51145038167939,4.9465648854961835
133.62,-0.18075500047382898,25.81924499952617,0.0,0.007202222222222224,10.091934883382022,5.305550878906249,1.6352397338867186,8.427589843749999,26.866176776529755,100.95762801477876,66.2050952708164,43.876179666666665,10.246471833333333,25.9,31.480916030534353,24.12213740458015,-7.3893129770992365
133.63,-0.18075500047382898,25.81924499952617,0.0,0.007202222222222224,9.652462652946477,4.084508032226562,1.5897499023437498,8.59997236328125,26.866176776529755,100.95762801477876,66.2050952708164,43.876179666666665,10.246471833333333,25.9,19.572519083969464,19.404580152671755,-16.18320610687023
133.64,-0.18075500047382898,25.81924499952617,0.0,0.007202222222222224,9.572182320754477,3.845087866210937,2.1452046874999997,8.499415893554687,26.866176776529755,100.95762801477876,66.2050952708164,43.876179666666665,10.246471833333333,25.9,11.908396946564885,15.664122137404581,-18.137404580152673
133.65,-0.18075500047382898,25.81924499952617,0.0,0.007202222222222224,9.419659881945693,3.6104561035156246,2.365471240234375,8.372523205566406,26.866176776529755,100.95762801477876,66.2050952708164,43.876179666666665,10.246471833333333,25.9,1.1297709923664123,10.748091603053435,-16.793893129770993
133.66,-0.18075500047382898,25.81924499952617,0.0,0.007202222222222224,9.419659881945693,3.6104561035156246,2.365471240234375,8.372523205566406,26.866176776529755,100.95762801477876,66.2050952708164,43.876179666666665,10.246471833333333,25.9,1.1297709923664123,10.748091603053435,-16.793893129770993
133.66,-0.18075500047382898,25.81924499952617,0.0,0.007202222222222224,9.600405044330584,3.342305517578125,2.398990063476562,8.674192614746094,26.866176776529755,100.95762801477876,66.2050952708164,43.876179666666665,10.246471833333333,25.9,-13.068702290076336,4.442748091603053,-14.320610687022901
133.68,-0.18075500047382898,25.81924499952617,0.0,0.007202222222222224,9.900949367157867,3.6655227416992187,2.2002713256835937,8.930372192382812,26.866176776529755,100.95762801477876,66.2050952708164,43.876179666666665,10.246471833333333,25.9,-22.80916030534351,-0.7022900763358778,-10.412213740458014
133.69,-0.18075500047382898,25.81924499952617,0.0,0.007202222222222224,10.180128003595122,4.335899206542969,1.9033903198242186,9.011775048828124,26.866176776529755,100.95762801477876,66.2050952708164,43.876179666666665,10.246471833333333,25.9,-30.671755725190838,-3.4198473282442747,-5.770992366412214
133.7,-0.18075500047382898,25.81924499952617,0.0,0.007202222222222224,10.454095875480878,5.121197351074218,1.7956512451171873,8.935160595703124,26.866176776529755,100.95762801477876,66.2050952708164,43.876179666666665,10.246471833333333,25.9,-40.44274809160305,-4.9465648854961835,-2.0
133.71,-0.18075500047382898,25.81924499952617,0.0,0.007202222222222224,10.993228711105049,5.465962390136719,1.6328455322265625,9.397241516113281,26.866176776529755,100.95762801477876,66.2050952708164,43.876179666666665,10.246471833333333,25.9,-50.82442748091603,-6.0,-1.0381679389312977
133.71,-0.17125805682998374,25.828741943170016,0.0,0.007202222222222224,10.993228711105049,5.465962390136719,1.6328455322265625,9.397241516113281,26.835342175800907,100.95751435782297,66.20713788126487,43.876179666666665,10.246471833333333,25.9,-50.82442748091603,-6.0,-1.0381679389312977
133.72,-0.17125805682998374,25.828741943170016,0.0,0.007202222222222224,11.174357303766675,5.145139367675781,1.6831237670898436,9.775525378417969,26.835342175800907,100.95751435782297,66.20713788126487,43.876179666666665,10.246471833333333,25.9,-51.06870229007634,-2.4580152671755724,-1.3435114503816794
133.74,-0.17125805682998374,25.828741943170016,0.0,0.007202222222222224,11.04655846706055,4.829104748535156,1.9847931762695312,9.734823950195311,26.835342175800907,100.95751435782297,66.20713788126487,43.876179666666665,10.246471833333333,25.9,-36.61068702290076,7.206106870229007,-0.732824427480916
133.75,-0.17125805682998374,25.828741943170016,0.0,0.007202222222222224,10.368558766572066,4.453215087890625,2.310404602050781,9.074024291992187,26.835342175800907,100.95751435782297,66.20713788126487,43.876179666666665,10.246471833333333,25.9,-13.053435114503817,19.328244274809162,0.3053435114503817
133.76,-0.17125805682998374,25.828741943170016,0.0,0.007202222222222224,9.626694269133605,4.197035510253906,2.5522189697265625,8.279149340820313,26.835342175800907,100.95751435782297,66.20713788126487,43.876179666666665,10.246471833333333,25.9,13.587786259541986,29.0381679389313,1.9541984732824427
133.76,-0.17125805682998374,25.828741943170016,0.0,0.007202222222222224,9.626694269133605,4.197035510253906,2.5522189697265625,8.279149340820313,26.835342175800907,100.95751435782297,66.20713788126487,43.876179666666665,10.246471833333333,25.9,13.587786259541986,29.0381679389313,1.9541984732824427
133.77,-0.17125805682998374,25.828741943170016,0.0,0.007202222222222224,9.098397884709406,3.9743747558593747,2.616862414550781,7.754819177246094,26.835342175800907,100.95751435782297,66.20713788126487,43.876179666666665,10.246471833333333,25.9,29.740458015267176,31.96946564885496,3.5877862595419847
133.78,-0.17125805682998374,25.828741943170016,0.0,0.007202222222222224,8.8433415611268,4.015076184082031,2.463633508300781,7.484274389648437,26.835342175800907,100.95751435782297,66.20713788126487,43.876179666666665,10.246471833333333,25.9,30.717557251908396,27.19083969465649,4.961832061068702
133.8,-0.17125805682998374,25.828741943170016,0.0,0.007202222222222224,8.941879412243944,4.165910888671875,2.3391350219726563,7.558494641113281,26.835342175800907,100.95751435782297,66.20713788126487,43.876179666666665,10.246471833333333,25.9,15.312977099236642,16.641221374045802,6.488549618320611
133.81,-0.17125805682998374,25.828741943170016,0.0,0.007202222222222224,9.395119129287469,4.292803576660156,2.114080065917969,8.085219006347655,26.835342175800907,100.95751435782297,66.20713788126487,43.876179666666665,10.246471833333333,25.9,-7.32824427480916,3.801526717557252,7.648854961832061
133.82,-0.17125805682998374,25.828741943170016,0.0,0.007202222222222224,9.938667058279135,4.477157104492187,1.8459294799804686,8.678981018066406,26.835342175800907,100.95751435782297,66.20713788126487,43.876179666666665,10.246471833333333,25.9,-28.442748091603054,-6.854961832061068,8.870229007633588
133.83,-0.17125805682998374,25.828741943170016,0.0,0.007202222222222224,10.541710148274534,4.876988781738281,1.70467158203125,9.188945971679686,26.835342175800907,100.95751435782297,66.20713788126487,43.876179666666665,10.246471833333333,25.9,-39.37404580152672,-11.923664122137405,10.916030534351146
133.83,-0.20430143594863726,25.795698564051364,0.0,0.007202222222222224,10.541710148274534,4.876988781738281,1.70467158203125,9.188945971679686,26.7994733677333,100.95790981285181,66.20837161532855,43.876179666666665,10.246471833333333,25.9,-39.37404580152672,-11.923664122137405,10.916030534351146
133.84,-0.20430143594863726,25.795698564051364,0.0,0.007202222222222224,10.844430901445781,5.533000036621093,1.9991583862304687,9.10993731689453,26.7994733677333,100.95790981285181,66.20837161532855,43.876179666666665,10.246471833333333,25.9,-40.76335877862596,-10.961832061068701,12.870229007633588
133.86,-0.20430143594863726,25.795698564051364,0.0,0.007202222222222224,10.4744035118186,5.221753820800781,1.7908628417968748,8.901641772460938,26.7994733677333,100.95790981285181,66.20837161532855,43.876179666666665,10.246471833333333,25.9,-35.89312977099237,-6.8396946564885495,12.427480916030534
133.86,-0.20430143594863726,25.795698564051364,0.0,0.007202222222222224,10.4744035118186,5.221753820800781,1.7908628417968748,8.901641772460938,26.7994733677333,100.95790981285181,66.20837161532855,43.876179666666665,10.246471833333333,25.9,-35.89312977099237,-6.8396946564885495,12.427480916030534
133.87,-0.20430143594863726,25.795698564051364,0.0,0.007202222222222224,10.477327103540443,4.967968444824218,1.8219874633789062,9.042899670410156,26.7994733677333,100.95790981285181,66.20837161532855,43.876179666666665,10.246471833333333,25.9,-26.793893129770993,-2.2595419847328246,11.679389312977099
133.88,-0.20430143594863726,25.795698564051364,0.0,0.02160666666666667,10.477327103540443,4.967968444824218,1.8219874633789062,9.042899670410156,26.7994733677333,100.95790981285181,66.20837161532855,43.8761795,10.246472166666667,25.9,-26.793893129770993,-2.2595419847328246,11.679389312977099
133.88,-0.20430143594863726,25.795698564051364,0.0,0.02160666666666667,10.554706794443087,5.116408947753906,2.2074539306640624,8.963891015625,26.7994733677333,100.95790981285181,66.20837161532855,43.8761795,10.246472166666667,25.9,-13.511450381679388,3.1908396946564888,12.488549618320612
133.89,-0.20430143594863726,25.795698564051364,0.0,0.02160666666666667,10.594473282512622,5.250484240722656,2.6862942626953124,8.801085302734375,26.7994733677333,100.95790981285181,66.20837161532855,43.8761795,10.246472166666667,25.9,3.1908396946564888,9.312977099236642,13.557251908396946
133.9,-0.20430143594863726,25.795698564051364,0.0,0.02160666666666667,10.50852556584099,5.039794494628906,2.849099975585937,8.769960681152343,26.7994733677333,100.95790981285181,66.20837161532855,43.8761795,10.246472166666667,25.9,15.297709923664122,14.274809160305344,12.442748091603054
133.92,-0.20430143594863726,25.795698564051364,0.0,0.02160666666666667,10.269533887171344,4.575319372558593,2.8275521606445313,8.748412866210938,26.7994733677333,100.95790981285181,66.20837161532855,43.8761795,10.246472166666667,25.9,18.65648854961832,16.595419847328245,9.893129770992367
133.93,-0.20430143594863726,25.795698564051364,0.0,0.02160666666666667,9.864295923842485,4.110844250488281,2.31758720703125,8.662221606445312,26.7994733677333,100.95790981285181,66.20837161532855,43.8761795,10.246472166666667,25.9,18.03053435114504,17.114503816793892,8.213740458015268
133.94,-0.20430143594863726,25.795698564051364,0.0,0.02160666666666667,9.91845277646763,4.383783239746093,2.3511060302734372,8.580818749999999,26.7994733677333,100.95790981285181,66.20837161532855,43.8761795,10.246472166666667,25.9,12.931297709923664,15.877862595419847,9.572519083969466
133.95,-0.20430143594863726,25.795698564051364,0.0,0.02160666666666667,10.163101784816307,5.0948611328124995,2.1356278808593747,8.530540515136718,26.7994733677333,100.95790981285181,66.20837161532855,43.8761795,10.246472166666667,25.9,7.404580152671755,14.488549618320612,12.488549618320612
133.95,-0.1990658507480525,25.800934149251948,0.0,0.02160666666666667,10.163101784816307,5.0948611328124995,2.1356278808593747,8.530540515136718,26.76391921233062,100.95784715457307,66.16763819996476,43.8761795,10.246472166666667,25.9,7.404580152671755,14.488549618320612,12.488549618320612
133.96,-0.1990658507480525,25.800934149251948,0.0,0.02160666666666667,10.163101784816307,5.0948611328124995,2.1356278808593747,8.530540515136718,26.76391921233062,100.95784715457307,66.16763819996476,43.8761795,10.246472166666667,25.9,7.404580152671755,14.488549618320612,12.488549618320612
133.96,-0.1990658507480525,25.800934149251948,0.0,0.02160666666666667,10.68990879371445,6.009446166992187,1.946485949707031,8.623914379882812,26.76391921233062,100.95784715457307,66.16763819996476,43.8761795,10.246472166666667,25.9,5.145038167938932,13.557251908396946,12.916030534351146
133.98,-0.1990658507480525,25.800934149251948,0.0,0.02160666666666667,11.060946594419026,6.775590698242187,1.7932570434570312,8.556876733398436,26.76391921233062,100.95784715457307,66.16763819996476,43.8761795,10.246472166666667,25.9,8.702290076335878,14.045801526717558,9.099236641221374
133.99,-0.1990658507480525,25.800934149251948,0.0,0.02160666666666667,10.862462588997378,6.375759020996093,1.9584569580078124,8.573636145019531,26.76391921233062,100.95784715457307,66.16763819996476,43.8761795,10.246472166666667,25.9,14.946564885496183,15.526717557251908,0.8091603053435115
134.0,-0.1990658507480525,25.800934149251948,0.0,0.02160666666666667,10.492660546808148,5.427655163574219,2.1260510742187497,8.724470849609375,26.76391921233062,100.95784715457307,66.16763819996476,43.8761795,10.246472166666667,25.9,22.625954198473284,16.946564885496183,-8.244274809160306
134.01,-0.1990658507480525,25.800934149251948,0.0,0.02160666666666667,10.16141465833513,4.6998178588867185,2.3822306518554686,8.688557824707031,26.76391921233062,100.95784715457307,66.16763819996476,43.8761795,10.246472166666667,25.9,33.06870229007634,19.786259541984734,-13.648854961832061
134.02,-0.1990658507480525,25.800934149251948,0.0,0.02160666666666667,10.107405522302734,4.620809204101562,2.39420166015625,8.664615808105468,26.76391921233062,100.95784715457307,66.16763819996476,43.8761795,10.246472166666667,25.9,42.213740458015266,22.65648854961832,-14.793893129770993
134.04,-0.1990658507480525,25.800934149251948,0.0,0.02160666666666667,10.026373440705196,4.735730883789063,2.47081611328125,8.48505068359375,26.76391921233062,100.95784715457307,66.16763819996476,43.8761795,10.246472166666667,25.9,43.770992366412216,23.19083969465649,-14.885496183206106
134.05,-0.1990658507480525,25.800934149251948,0.0,0.02160666666666667,9.868656741593405,4.65432802734375,2.5665841796874997,8.315062365722655,26.76391921233062,100.95784715457307,66.16763819996476,43.8761795,10.246472166666667,25.9,40.412213740458014,21.72519083969466,-15.954198473282442
134.06,-0.1990658507480525,25.800934149251948,0.0,0.02160666666666667,9.795482488167634,4.350264416503906,2.5546131713867184,8.396465222167969,26.76391921233062,100.95784715457307,66.16763819996476,43.8761795,10.246472166666667,25.9,32.85496183206107,17.96946564885496,-17.81679389312977
134.06,-0.1990658507480525,25.800934149251948,0.0,0.02160666666666667,9.795482488167634,4.350264416503906,2.5546131713867184,8.396465222167969,26.76391921233062,100.95784715457307,66.16763819996476,43.8761795,10.246472166666667,25.9,32.85496183206107,17.96946564885496,-17.81679389312977
134.07,-0.1990658507480525,25.800934149251948,0.0,0.02160666666666667,9.859163422576227,3.9312791259765625,2.7461493041992187,8.614337573242187,26.76391921233062,100.95784715457307,66.16763819996476,43.8761795,10.246472166666667,25.9,23.114503816793892,12.992366412213741,-19.14503816793893
134.08,-0.1990658507480525,25.800934149251948,0.0,0.02160666666666667,9.93174701870693,3.8474820678710935,2.808398547363281,8.71489404296875,26.76391921233062,100.95784715457307,66.16763819996476,43.8761795,10.246472166666667,25.9,13.450381679389313,8.748091603053435,-18.68702290076336
134.1,-0.1990658507480525,25.800934149251948,0.0,0.02160666666666667,10.210796281484985,4.328716601562499,2.710236279296875,8.84178673095703,26.76391921233062,100.95784715457307,66.16763819996476,43.8761795,10.246472166666667,25.9,5.66412213740458,5.938931297709924,-17.068702290076335
134.11,-0.1990658507480525,25.800934149251948,0.0,0.02160666666666667,10.266094671489077,4.951209033203125,2.5426421630859375,8.626308581542968,26.76391921233062,100.95784715457307,66.16763819996476,43.8761795,10.246472166666667,25.9,-0.22900763358778625,4.351145038167939,-16.580152671755727
134.12,-0.1990658507480525,25.800934149251948,0.0,0.02160666666666667,10.515236930761908,5.204994409179688,2.521094348144531,8.781931689453124,26.76391921233062,100.95784715457307,66.16763819996476,43.8761795,10.246472166666667,25.9,-2.4122137404580153,3.2977099236641223,-18.916030534351144
134.13,-0.1990658507480525,25.800934149251948,0.0,0.02160666666666667,10.415636897232144,4.970362646484375,2.6288334228515624,8.767566479492187,26.76391921233062,100.95784715457307,66.16763819996476,43.8761795,10.246472166666667,25.9,2.381679389312977,4.106870229007634,-22.763358778625953
134.14,-0.1990658507480525,25.800934149251948,0.0,0.02160666666666667,10.11446069534292,4.302380383300781,2.7629087158203123,8.726865051269531,26.76391921233062,100.95784715457307,66.16763819996476,43.8761795,10.246472166666667,25.9,12.473282442748092,6.625954198473282,-26.198473282442748
134.16,-0.1990658507480525,25.800934149251948,0.0,0.02160666666666667,10.006354098904993,3.6008792968749996,2.9759926635742184,8.8489693359375,26.76391921233062,100.95784715457307,66.16763819996476,43.8761795,10.246472166666667,25.9,23.389312977099237,9.297709923664122,-27.16030534351145
134.16,-0.1990658507480525,25.800934149251948,0.0,0.02160666666666667,10.006354098904993,3.6008792968749996,2.9759926635742184,8.8489693359375,26.76391921233062,100.95784715457307,66.16763819996476,43.8761795,10.246472166666667,25.9,23.389312977099237,9.297709923664122,-27.16030534351145
134.17,-0.1990658507480525,25.800934149251948,0.0,0.02160666666666667,9.919389272751118,3.1938650146484373,3.124433166503906,8.856151940917968,26.76391921233062,100.95784715457307,66.16763819996476,43.8761795,10.246472166666667,25.9,29.52671755725191,11.038167938931299,-25.053435114503817
134.18,-0.1990658507480525,25.800934149251948,0.0,0.02160666666666667,9.706704463591366,3.0047230834960934,3.2130186279296873,8.652644799804687,26.76391921233062,100.95784715457307,66.16763819996476,43.8761795,10.246472166666667,25.9,25.954198473282442,10.564885496183207,-21.14503816793893
134.19,-0.1990658507480525,25.800934149251948,0.0,0.02160666666666667,9.580154645698782,3.0119056884765625,3.2728736694335936,8.48505068359375,26.76391921233062,100.95784715457307,66.16763819996476,43.8761795,10.246472166666667,25.9,14.427480916030534,7.297709923664122,-16.33587786259542
134.2,-0.1990658507480525,25.800934149251948,0.0,0.02160666666666667,9.56042377020923,3.0789433349609374,3.239354846191406,8.451531860351562,26.76391921233062,100.95784715457307,66.16763819996476,43.8761795,10.246472166666667,25.9,0.6564885496183206,2.381679389312977,-11.587786259541986
134.22,-0.1990658507480525,25.800934149251948,0.0,0.02160666666666667,9.786243274588628,3.438073583984375,3.1411925781249996,8.607154968261717,26.76391921233062,100.95784715457307,66.16763819996476,43.8761795,10.246472166666667,25.9,-11.633587786259541,-2.687022900763359,-6.99236641221374
134.23,-0.1990658507480525,25.800934149251948,0.0,0.02160666666666667,10.214307430074431,4.027047192382812,3.0358477050781247,8.882488159179687,26.76391921233062,100.95784715457307,66.16763819996476,43.8761795,10.246472166666667,25.9,-22.076335877862597,-6.870229007633588,-3.2977099236641223
134.24,-0.20182371400353727,25.798176285996462,-0.27578632554794413,0.02160666666666667,10.214307430074431,4.027047192382812,3.0358477050781247,8.882488159179687,26.729938262669567,100.95788016004187,66.19018716338074,43.8761795,10.246472166666667,25.9,-22.076335877862597,-6.870229007633588,-3.2977099236641223
134.24,-0.20182371400353727,25.798176285996462,-0.27578632554794413,0.02160666666666667,10.426158046691416,4.417302062988281,2.877830395507812,8.99501563720703,26.729938262669567,100.95788016004187,66.19018716338074,43.8761795,10.246472166666667,25.9,-27.083969465648856,-8.488549618320612,-1.618320610687023
134.24,-0.20182371400353727,25.798176285996462,-0.27578632554794413,0.02160666666666667,10.426158046691416,4.417302062988281,2.877830395507812,8.99501563720703,26.729938262669567,100.95788016004187,66.19018716338074,43.8761795,10.246472166666667,25.9,-27.083969465648856,-8.488549618320612,-1.618320610687023
134.25,-0.20182371400353727,25.798176285996462,0.0,0.02160666666666667,10.708337992353641,4.879382983398437,2.7581203125,9.124302526855468,26.729938262669567,100.95788016004187,66.19018716338074,43.8761795,10.246472166666667,25.9,-25.236641221374047,-7.282442748091603,-1.6030534351145038
134.26,-0.20182371400353727,25.798176285996462,0.0,0.02160666666666667,10.708337992353641,4.879382983398437,2.7581203125,9.124302526855468,26.729938262669567,100.95788016004187,66.19018716338074,43.8761795,10.246472166666667,25.9,-25.236641221374047,-7.282442748091603,-1.6030534351145038
134.27,-0.20182371400353727,25.798176285996462,0.0,0.02160666666666667,10.65665882688937,4.695029455566406,2.750937707519531,9.162609753417968,26.729938262669567,100.95788016004187,66.19018716338074,43.8761795,10.246472166666667,25.9,-15.83206106870229,-3.5572519083969465,-3.282442748091603
134.28,-0.20182371400353727,25.798176285996462,0.0,0.02160666666666667,10.400116590375308,4.127603662109375,2.9496564453125,9.0788126953125,26.729938262669567,100.95788016004187,66.19018716338074,43.8761795,10.246472166666667,25.9,-1.5114503816793894,2.030534351145038,-4.778625954198473
134.29,-0.20182371400353727,25.798176285996462,0.0,0.02160666666666667,10.159242021036103,3.744531396484375,3.0789433349609374,8.927977990722656,26.729938262669567,100.95788016004187,66.19018716338074,43.8761795,10.246472166666667,25.9,10.977099236641221,7.297709923664122,-4.412213740458015
134.3,-0.20182371400353727,25.798176285996462,0.0,0.02160666666666667,9.849369673686835,3.5482068603515624,3.1699229980468746,8.623914379882812,26.729938262669567,100.95788016004187,66.19018716338074,43.8761795,10.246472166666667,25.9,15.587786259541986,10.045801526717558,-2.549618320610687
134.31,-0.20182371400353727,25.798176285996462,0.0,0.02160666666666667,9.739478752850818,3.5984850952148437,3.1483751831054687,8.48505068359375,26.729938262669567,100.95788016004187,66.19018716338074,43.8761795,10.246472166666667,25.9,12.82442748091603,9.435114503816793,-0.07633587786259542
134.33,-0.20182371400353727,25.798176285996462,0.0,0.02160666666666667,9.739309542329917,3.794809631347656,3.1292215698242187,8.406042028808594,26.729938262669567,100.95788016004187,66.19018716338074,43.8761795,10.246472166666667,25.9,6.99236641221374,6.809160305343512,2.50381679389313
134.34,-0.20182371400353727,25.798176285996462,0.0,0.02160666666666667,9.761580921098274,3.660734338378906,3.1962592163085937,8.465897070312499,26.729938262669567,100.95788016004187,66.19018716338074,43.8761795,10.246472166666667,25.9,-0.3816793893129771,3.099236641221374,4.2748091603053435
134.35,-0.20182371400353727,25.798176285996462,0.0,0.02160666666666667,9.814348930570379,3.6535517333984373,2.925714428710937,8.626308581542968,26.729938262669567,100.95788016004187,66.19018716338074,43.8761795,10.246472166666667,25.9,-7.694656488549619,-0.8091603053435115,5.9541984732824424
134.35,-0.18123502932022362,25.818764970679776,0.0,0.02160666666666667,9.814348930570379,3.6535517333984373,2.925714428710937,8.626308581542968,26.845095976938865,100.95763375964215,66.22271662150804,43.8761795,10.246472166666667,25.9,-7.694656488549619,-0.8091603053435115,5.9541984732824424
134.36,-0.18123502932022362,25.818764970679776,0.0,0.02160666666666667,9.814348930570379,3.6535517333984373,2.925714428710937,8.626308581542968,26.845095976938865,100.95763375964215,66.22271662150804,43.8761795,10.246472166666667,25.9,-7.694656488549619,-0.8091603053435115,5.9541984732824424
134.36,-0.18123502932022362,25.818764970679776,0.0,0.02160666666666667,9.868118279674704,3.4835634155273434,2.674323254394531,8.836998327636719,26.845095976938865,100.95763375964215,66.22271662150804,43.8761795,10.246472166666667,25.9,-13.709923664122137,-3.66412213740458,8.625954198473282
134.37,-0.18123502932022362,25.818764970679776,0.0,0.02160666666666667,10.174775952244515,3.6152445068359373,2.8945898071289062,9.05965908203125,26.845095976938865,100.95763375964215,66.22271662150804,43.8761795,10.246472166666667,25.9,-17.587786259541986,-5.175572519083969,13.221374045801527
134.39,-0.18123502932022362,25.818764970679776,0.0,0.02160666666666667,10.970253952791664,4.055777612304687,2.959233251953125,9.753977563476562,26.845095976938865,100.95763375964215,66.22271662150804,43.8761795,10.246472166666667,25.9,-18.259541984732824,-4.824427480916031,18.519083969465647
134.4,-0.18123502932022362,25.818764970679776,0.0,0.02160666666666667,10.687877110375565,4.477157104492187,3.1364041748046874,9.184157568359375,26.845095976938865,100.95763375964215,66.22271662150804,43.8761795,10.246472166666667,25.9,-8.885496183206106,0.5801526717557252,22.885496183206108
134.41,-0.18123502932022362,25.818764970679776,0.0,0.02160666666666667,10.140274193976106,4.7189714721679685,2.980781066894531,8.465897070312499,26.845095976938865,100.95763375964215,66.22271662150804,43.8761795,10.246472166666667,25.9,4.916030534351145,8.80916030534351,24.564885496183205
134.42,-0.18123502932022362,25.818764970679776,0.0,0.02160666666666667,10.331618227742439,5.303156677246093,2.6815058593749996,8.451531860351562,26.845095976938865,100.95763375964215,66.22271662150804,43.8761795,10.246472166666667,25.9,14.916030534351146,11.84732824427481,23.251908396946565
134.43,-0.18123502932022362,25.818764970679776,0.0,0.02160666666666667,10.39951194254386,5.453991381835937,2.6791116577148437,8.43956085205078,26.845095976938865,100.95763375964215,66.22271662150804,43.8761795,10.246472166666667,25.9,19.72519083969466,11.969465648854962,18.458015267175572
134.45,-0.18123502932022362,25.818764970679776,0.0,0.02160666666666667,10.135445179846203,4.860229370117187,2.741360900878906,8.461108666992187,26.845095976938865,100.95763375964215,66.22271662150804,43.8761795,10.246472166666667,25.9,19.572519083969464,9.84732824427481,11.389312977099237
134.46,-0.18123502932022362,25.818764970679776,0.0,0.02160666666666667,9.960606924137963,4.50109912109375,3.0813375366210938,8.334215979003906,26.845095976938865,100.95763375964215,66.22271662150804,43.8761795,10.246472166666667,25.9,16.885496183206108,6.870229007633588,5.282442748091603
134.46,-0.18123502932022362,25.818764970679776,0.0,0.02160666666666667,9.960606924137963,4.50109912109375,3.0813375366210938,8.334215979003906,26.845095976938865,100.95763375964215,66.22271662150804,43.8761795,10.246472166666667,25.9,16.885496183206108,6.870229007633588,5.282442748091603
134.47,-0.18123502932022362,25.818764970679776,0.0,0.02160666666666667,10.002502332031817,4.376600634765625,2.9831752685546875,8.48505068359375,26.845095976938865,100.95763375964215,66.22271662150804,43.8761795,10.246472166666667,25.9,13.251908396946565,3.7251908396946565,1.3435114503816794
134.48,-0.18480205480834178,25.81519794519166,-0.35670254881214025,0.02160666666666667,10.002502332031817,4.376600634765625,2.9831752685546875,8.48505068359375,26.892606442639952,100.95767644890573,66.23036460807253,43.8761795,10.246472166666667,25.9,13.251908396946565,3.7251908396946565,1.3435114503816794
134.48,-0.18480205480834178,25.81519794519166,-0.35670254881214025,0.02160666666666667,9.956728536450367,4.113238452148437,2.808398547363281,8.621520178222656,26.892606442639952,100.95767644890573,66.23036460807253,43.8761795,10.246472166666667,25.9,9.297709923664122,0.7022900763358778,-1.465648854961832
134.49,-0.18480205480834178,25.81519794519166,0.0,0.02160666666666667,10.007276354822569,3.9169139160156248,2.9544448486328125,8.722076647949219,26.892606442639952,100.95767644890573,66.23036460807253,43.8761795,10.246472166666667,25.9,6.198473282442748,-1.3435114503816794,-2.564885496183206
134.51,-0.18480205480834178,25.81519794519166,0.0,0.02160666666666667,9.860979575508518,3.6391865234374996,2.8730419921875,8.702923034667968,26.892606442639952,100.95767644890573,66.23036460807253,43.8761795,10.246472166666667,25.9,2.33587786259542,-3.282442748091603,-2.1526717557251906
134.52,-0.18480205480834178,25.81519794519166,0.0,0.02160666666666667,9.71170505310116,3.758896606445312,2.91134921875,8.468291271972657,26.892606442639952,100.95767644890573,66.23036460807253,43.8761795,10.246472166666667,25.9,-4.396946564885496,-5.557251908396947,-0.32061068702290074
134.53,-0.18480205480834178,25.81519794519166,0.0,0.02160666666666667,9.621968224440595,3.8235400512695312,2.9568390502929685,8.319850769042969,26.892606442639952,100.95767644890573,66.23036460807253,43.8761795,10.246472166666667,25.9,-15.282442748091603,-9.98473282442748,1.3893129770992367
134.54,-0.18480205480834178,25.81519794519166,0.0,0.02160666666666667,10.165311660367,4.019864587402344,3.2034418212890623,8.769960681152343,26.892606442639952,100.95767644890573,66.23036460807253,43.8761795,10.246472166666667,25.9,-28.549618320610687,-15.557251908396946,2.687022900763359
134.55,-0.18480205480834178,25.81519794519166,0.0,0.02160666666666667,10.527464511590946,4.2137949218749995,3.1124621582031247,9.131485131835937,26.892606442639952,100.95767644890573,66.23036460807253,43.8761795,10.246472166666667,25.9,-35.725190839694655,-18.702290076335878,3.572519083969466
134.56,-0.18480205480834178,25.81519794519166,0.0,0.02160666666666667,10.527464511590946,4.2137949218749995,3.1124621582031247,9.131485131835937,26.892606442639952,100.95767644890573,66.23036460807253,43.8761795,10.246472166666667,25.9,-35.725190839694655,-18.702290076335878,3.572519083969466
134.57,-0.18480205480834178,25.81519794519166,0.0,0.02160666666666667,10.691527803982575,4.458003491210937,3.2034418212890623,9.17458076171875,26.892606442639952,100.95767644890573,66.23036460807253,43.8761795,10.246472166666667,25.9,-34.2442748091603,-17.17557251908397,3.8931297709923665
134.58,-0.18480205480834178,25.81519794519166,0.0,0.02160666666666667,10.4251768995598,4.484339709472656,3.0693665283203124,8.896853369140624,26.892606442639952,100.95767644890573,66.23036460807253,43.8761795,10.246472166666667,25.9,-26.061068702290076,-12.702290076335878,3.66412213740458
134.59,-0.18480205480834178,25.81519794519166,0.0,0.02160666666666667,10.38730674432797,4.728548278808593,3.0142998901367184,8.743624462890624,26.892606442639952,100.95767644890573,66.23036460807253,43.8761795,10.246472166666667,25.9,-14.763358778625955,-7.679389312977099,3.3893129770992365
134.59,-0.21117004013071927,25.788829959869283,0.0,0.02160666666666667,10.38730674432797,4.728548278808593,3.0142998901367184,8.743624462890624,26.925643536107053,100.9579920147737,66.24269079725161,43.8761795,10.246472166666667,25.9,-14.763358778625955,-7.679389312977099,3.3893129770992365
134.6,-0.21117004013071927,25.788829959869283,0.0,0.02160666666666667,10.289870966542852,4.754884497070313,2.7820623291015623,8.690952026367187,26.925643536107053,100.9579920147737,66.24269079725161,43.8761795,10.246472166666667,25.9,-4.702290076335878,-4.106870229007634,2.366412213740458
134.61,-0.21117004013071927,25.788829959869283,0.0,0.02160666666666667,10.148705954615822,4.647145422363281,2.712630480957031,8.604760766601562,26.925643536107053,100.9579920147737,66.24269079725161,43.8761795,10.246472166666667,25.9,0.5343511450381679,-2.4427480916030535,0.8702290076335878
134.63,-0.21117004013071927,25.788829959869283,0.0,0.02160666666666667,9.943310025827417,4.316745593261719,2.8275521606445313,8.499415893554687,26.925643536107053,100.9579920147737,66.24269079725161,43.8761795,10.246472166666667,25.9,2.6564885496183206,-2.3969465648854964,-0.4580152671755725
134.64,-0.21117004013071927,25.788829959869283,0.0,0.02160666666666667,10.069105635357891,4.043806604003906,3.0621839233398433,8.698134631347656,26.925643536107053,100.9579920147737,66.24269079725161,43.8761795,10.246472166666667,25.9,1.9236641221374047,-3.2213740458015265,-1.1297709923664123
134.65,-0.21117004013071927,25.788829959869283,0.0,0.02160666666666667,10.569788882149386,4.431667272949219,2.9041666137695312,9.145850341796875,26.925643536107053,100.9579920147737,66.24269079725161,43.8761795,10.246472166666667,25.9,-2.16793893129771,-4.641221374045801,-0.8702290076335878
134.66,-0.21117004013071927,25.788829959869283,0.0,0.02160666666666667,10.569788882149386,4.431667272949219,2.9041666137695312,9.145850341796875,26.925643536107053,100.9579920147737,66.24269079725161,43.8761795,10.246472166666667,25.9,-2.16793893129771,-4.641221374045801,-0.8702290076335878
134.66,-0.21117004013071927,25.788829959869283,0.0,0.02160666666666667,10.341283132301488,4.647145422363281,2.91134921875,8.767566479492187,26.925643536107053,100.9579920147737,66.24269079725161,43.8761795,10.246472166666667,25.9,-4.351145038167939,-3.9389312977099236,-0.5954198473282443
134.67,-0.21117004013071927,25.788829959869283,0.0,0.02160666666666667,10.048864819445102,4.65432802734375,2.779668127441406,8.461108666992187,26.925643536107053,100.9579920147737,66.24269079725161,43.8761795,10.246472166666667,25.9,-2.8702290076335877,-1.9236641221374047,-1.6030534351145038
134.69,-0.21117004013071927,25.788829959869283,0.0,0.02160666666666667,10.499939459269061,4.910507604980468,2.729389892578125,8.870517150878905,26.925643536107053,100.9579920147737,66.24269079725161,43.8761795,10.246472166666667,25.9,-1.8473282442748091,-2.198473282442748,-3.312977099236641
134.7,-0.21117004013071927,25.788829959869283,0.0,0.02160666666666667,10.266319689083208,4.651933825683593,2.741360900878906,8.731653454589843,26.925643536107053,100.9579920147737,66.24269079725161,43.8761795,10.246472166666667,25.9,1.816793893129771,-1.2213740458015268,-5.526717557251908
134.7,-0.14613273863363974,25.85386726136636,0.0,0.02160666666666667,10.266319689083208,4.651933825683593,2.741360900878906,8.731653454589843,26.919036116451025,100.95721366503795,66.22060947349853,43.8761795,10.246472166666667,25.9,1.816793893129771,-1.2213740458015268,-5.526717557251908
134.71,-0.14613273863363974,25.85386726136636,0.0,0.02160666666666667,10.135191523046906,4.458003491210937,2.839523168945312,8.647856396484375,26.919036116451025,100.95721366503795,66.22060947349853,43.8761795,10.246472166666667,25.9,4.732824427480916,-0.07633587786259542,-7.6183206106870225
134.72,-0.14613273863363974,25.85386726136636,0.0,0.02160666666666667,10.25152670992442,4.57771357421875,3.071760729980469,8.643067993164061,26.919036116451025,100.95721366503795,66.22060947349853,43.8761795,10.246472166666667,25.9,5.267175572519084,-0.13740458015267176,-8.992366412213741
134.73,-0.14613273863363974,25.85386726136636,0.0,0.02160666666666667,10.358462502342263,4.2497079467773435,2.952050646972656,8.973467822265624,26.919036116451025,100.95721366503795,66.22060947349853,43.8761795,10.246472166666667,25.9,1.1145038167938932,-1.0534351145038168,-10.198473282442748
134.75,-0.14613273863363974,25.85386726136636,0.0,0.02160666666666667,10.238724110491118,3.778050219726562,2.9855694702148434,9.035717065429687,26.919036116451025,100.95721366503795,66.22060947349853,43.8761795,10.246472166666667,25.9,-9.48091603053435,-3.2061068702290076,-11.32824427480916
134.76,-0.14613273863363974,25.85386726136636,0.0,0.02160666666666667,10.468562913727919,4.072537023925781,2.9496564453125,9.181763366699219,26.919036116451025,100.95721366503795,66.22060947349853,43.8761795,10.246472166666667,25.9,-24.3206106870229,-5.175572519083969,-10.931297709923664
134.76,-0.14613273863363974,25.85386726136636,0.0,0.02160666666666667,10.468562913727919,4.072537023925781,2.9496564453125,9.181763366699219,26.919036116451025,100.95721366503795,66.22060947349853,43.8761795,10.246472166666667,25.9,-24.3206106870229,-5.175572519083969,-10.931297709923664
134.77,-0.14613273863363974,25.85386726136636,0.0,0.02160666666666667,10.371520484870647,4.46279189453125,2.863465185546875,8.913612780761719,26.919036116451025,100.95721366503795,66.22060947349853,43.8761795,10.246472166666667,25.9,-38.35114503816794,-6.473282442748092,-9.98473282442748
134.78,-0.14613273863363974,25.85386726136636,0.0,0.02160666666666667,10.508371466313685,4.841075756835937,2.7916391357421872,8.89924757080078,26.919036116451025,100.95721366503795,66.22060947349853,43.8761795,10.246472166666667,25.9,-46.88549618320611,-6.67175572519084,-9.923664122137405
134.79,-0.14613273863363974,25.85386726136636,0.0,0.02160666666666667,10.541076644277414,5.140350964355468,2.712630480957031,8.793902697753905,26.919036116451025,100.95721366503795,66.22060947349853,43.8761795,10.246472166666667,25.9,-47.57251908396947,-5.343511450381679,-10.793893129770993
134.81,-0.14613273863363974,25.85386726136636,0.0,0.02160666666666667,10.377150281849167,5.102043737792968,2.7365724975585937,8.611943371582031,26.919036116451025,100.95721366503795,66.22060947349853,43.8761795,10.246472166666667,25.9,-39.98473282442748,-1.9694656488549618,-12.67175572519084
134.81,-0.23455979124890503,25.765440208751095,0.0,0.02160666666666667,10.377150281849167,5.102043737792968,2.7365724975585937,8.611943371582031,26.890089331250056,100.9582719385012,66.20894403266853,43.8761795,10.246472166666667,25.9,-39.98473282442748,-1.9694656488549618,-12.67175572519084
134.82,-0.23455979124890503,25.765440208751095,0.0,0.02160666666666667,10.451727956697852,5.214571215820312,2.7629087158203123,8.626308581542968,26.890089331250056,100.9582719385012,66.20894403266853,43.8761795,10.246472166666667,25.9,-28.091603053435115,1.7099236641221374,-14.396946564885496
134.83,-0.23455979124890503,25.765440208751095,0.0,0.02160666666666667,10.398317976760792,4.9416322265625,2.8514941772460936,8.693346228027343,26.890089331250056,100.9582719385012,66.20894403266853,43.8761795,10.246472166666667,25.9,-17.251908396946565,4.931297709923665,-15.587786259541986
134.84,-0.23455979124890503,25.765440208751095,0.0,0.02160666666666667,10.36385630985032,4.666299035644531,3.0166940917968748,8.748412866210938,26.890089331250056,100.9582719385012,66.20894403266853,43.8761795,10.246472166666667,25.9,-11.34351145038168,7.129770992366412,-16.442748091603054
134.85,-0.23455979124890503,25.765440208751095,0.0,0.02160666666666667,10.54146327656607,4.975151049804687,2.942473840332031,8.815450512695312,26.890089331250056,100.9582719385012,66.20894403266853,43.8761795,10.246472166666667,25.9,-12.564885496183207,8.076335877862595,-17.435114503816795
134.86,-0.23455979124890503,25.765440208751095,0.0,0.02160666666666667,10.54146327656607,4.975151049804687,2.942473840332031,8.815450512695312,26.890089331250056,100.9582719385012,66.20894403266853,43.8761795,10.246472166666667,25.9,-12.564885496183207,8.076335877862595,-17.435114503816795
134.88,-0.23455979124890503,25.765440208751095,0.0,0.02160666666666667,10.423557488676941,4.881777185058594,2.8562825805664063,8.755595471191405,26.890089331250056,100.9582719385012,66.20894403266853,43.8761795,10.246472166666667,25.9,-18.12213740458015,8.229007633587786,-18.47328244274809
134.89,-0.23455979124890503,25.765440208751095,0.0,0.010803333333333335,10.423557488676941,4.881777185058594,2.8562825805664063,8.755595471191405,26.890089331250056,100.9582719385012,66.20894403266853,43.87617816666667,10.246471,25.7,-18.12213740458015,8.229007633587786,-18.47328244274809
134.89,-0.23455979124890503,25.765440208751095,0.0,0.010803333333333335,9.189741301282728,3.4668040039062498,3.3542765258789062,7.821856823730468,26.890089331250056,100.9582719385012,66.20894403266853,43.87617816666667,10.246471,25.7,-21.83206106870229,8.732824427480915,-15.358778625954198
134.9,-0.23455979124890503,25.765440208751095,0.0,0.010803333333333335,9.482172124665556,4.563348364257812,3.028665100097656,7.740453967285156,26.890089331250056,100.9582719385012,66.20894403266853,43.87617816666667,10.246471,25.7,-22.625954198473284,5.984732824427481,-7.893129770992366
134.91,-0.23455979124890503,25.765440208751095,0.0,0.010803333333333335,10.171389512513398,5.327098693847656,3.1220389648437497,8.0828248046875,26.890089331250056,100.9582719385012,66.20894403266853,43.87617816666667,10.246471,25.7,-29.541984732824428,-0.32061068702290074,-4.198473282442748
134.92,-0.2578996626674668,25.742100337332534,-2.333987141858298,0.010803333333333335,10.171389512513398,5.327098693847656,3.1220389648437497,8.0828248046875,26.854535140329062,100.95855126590513,66.21022627638482,43.87617816666667,10.246471,25.7,-29.541984732824428,-0.32061068702290074,-4.198473282442748
134.93,-0.2578996626674668,25.742100337332534,0.0,0.010803333333333335,10.676754327856186,5.386953735351562,3.0454245117187497,8.700528833007812,26.854535140329062,100.95855126590513,66.21022627638482,43.87617816666667,10.246471,25.7,-37.786259541984734,-5.374045801526718,-5.557251908396947
134.94,-0.2578996626674668,25.742100337332534,0.0,0.010803333333333335,10.447635753274717,5.123591552734375,3.071760729980469,8.571241943359375,26.854535140329062,100.95855126590513,66.21022627638482,43.87617816666667,10.246471,25.7,-41.725190839694655,-6.015267175572519,-7.893129770992366
134.95,-0.2578996626674668,25.742100337332534,0.0,0.010803333333333335,10.433576203608071,5.446808776855469,3.323151904296875,8.25520732421875,26.854535140329062,100.95855126590513,66.21022627638482,43.87617816666667,10.246471,25.7,-42.045801526717554,-4.320610687022901,-9.49618320610687
134.96,-0.2578996626674668,25.742100337332534,0.0,0.010803333333333335,10.433576203608071,5.446808776855469,3.323151904296875,8.25520732421875,26.854535140329062,100.95855126590513,66.21022627638482,43.87617816666667,10.246471,25.7,-42.045801526717554,-4.320610687022901,-9.49618320610687
134.96,-0.2578996626674668,25.742100337332534,0.0,0.010803333333333335,10.297241178304773,5.523423229980469,3.4859576171874997,7.960720520019531,26.854535140329062,100.95855126590513,66.21022627638482,43.87617816666667,10.246471,25.7,-40.76335877862596,-2.854961832061069,-11.435114503816793
134.97,-0.2578996626674668,25.742100337332534,0.0,0.010803333333333335,9.974076589651887,5.310339282226562,3.172317199707031,7.824251025390624,26.854535140329062,100.95855126590513,66.21022627638482,43.87617816666667,10.246471,25.7,-35.86259541984733,-1.3740458015267176,-13.068702290076336
134.99,-0.2578996626674668,25.742100337332534,0.0,0.010803333333333335,9.883999274040441,5.298368273925781,3.248931652832031,7.685387329101562,26.854535140329062,100.95855126590513,66.21022627638482,43.87617816666667,10.246471,25.7,-24.595419847328245,0.22900763358778625,-13.297709923664122
135.0,-0.2578996626674668,25.742100337332534,0.0,0.010803333333333335,10.135842477904877,5.389347937011719,3.229778039550781,7.953537915039062,26.854535140329062,100.95855126590513,66.21022627638482,43.87617816666667,10.246471,25.7,-11.251908396946565,1.1297709923664123,-12.580152671755725
135.01,-0.2578996626674668,25.742100337332534,0.0,0.010803333333333335,10.295436284542252,5.035006091308594,3.2225954345703123,8.382100012207031,26.854535140329062,100.95855126590513,66.21022627638482,43.87617816666667,10.246471,25.7,3.2977099236641223,2.8091603053435112,-11.84732824427481
135.02,-0.2578996626674668,25.742100337332534,0.0,0.010803333333333335,10.480743219468549,5.0948611328124995,3.3159692993164063,8.537723120117187,26.854535140329062,100.95855126590513,66.21022627638482,43.87617816666667,10.246471,25.7,17.404580152671755,6.33587786259542,-10.366412213740459
135.03,-0.2037531672451176,25.796246832754882,5.414649542239842,0.010803333333333335,10.480743219468549,5.0948611328124995,3.3159692993164063,8.537723120117187,26.81551993801022,100.9579032512967,66.19694488697833,43.87617816666667,10.246471,25.7,17.404580152671755,6.33587786259542,-10.366412213740459
135.03,-0.2037531672451176,25.796246832754882,5.414649542239842,0.010803333333333335,10.795194304420276,5.442020373535156,3.4835634155273434,8.647856396484375,26.81551993801022,100.9579032512967,66.19694488697833,43.87617816666667,10.246471,25.7,23.46564885496183,9.908396946564885,-9.557251908396946
135.05,-0.2037531672451176,25.796246832754882,0.0,0.010803333333333335,10.76513952876158,5.3390697021484375,3.287238879394531,8.750807067871094,26.81551993801022,100.9579032512967,66.19694488697833,43.87617816666667,10.246471,25.7,18.290076335877863,11.17557251908397,-11.938931297709924
135.06,-0.2037531672451176,25.796246832754882,0.0,0.010803333333333335,10.425538414499533,4.912901806640625,3.1651345947265623,8.633491186523438,26.81551993801022,100.9579032512967,66.19694488697833,43.87617816666667,10.246471,25.7,6.67175572519084,11.312977099236642,-16.0
135.06,-0.2037531672451176,25.796246832754882,0.0,0.010803333333333335,10.425538414499533,4.912901806640625,3.1651345947265623,8.633491186523438,26.81551993801022,100.9579032512967,66.19694488697833,43.87617816666667,10.246471,25.7,6.67175572519084,11.312977099236642,-16.0
135.07,-0.2037531672451176,25.796246832754882,0.0,0.010803333333333335,10.209024392445865,4.7117888671875,3.2920272827148436,8.437166650390624,26.81551993801022,100.9579032512967,66.19694488697833,43.87617816666667,10.246471,25.7,-6.076335877862595,11.32824427480916,-17.541984732824428
135.08,-0.2037531672451176,25.796246832754882,0.0,0.010803333333333335,10.032201497761829,5.013458276367187,3.3494881225585935,8.01818135986328,26.81551993801022,100.9579032512967,66.19694488697833,43.87617816666667,10.246471,25.7,-15.954198473282442,11.007633587786259,-16.549618320610687
135.09,-0.2037531672451176,25.796246832754882,0.0,0.010803333333333335,10.038442742429222,5.327098693847656,3.5218706420898434,7.745242370605468,26.81551993801022,100.9579032512967,66.19694488697833,43.87617816666667,10.246471,25.7,-18.519083969465647,10.80916030534351,-15.251908396946565
135.11,-0.2037531672451176,25.796246832754882,0.0,0.010803333333333335,10.493432175414993,5.307945080566406,3.7134067749023436,8.25520732421875,26.81551993801022,100.9579032512967,66.19694488697833,43.87617816666667,10.246471,25.7,-12.641221374045802,10.916030534351146,-15.129770992366412
135.12,-0.2037531672451176,25.796246832754882,0.0,0.010803333333333335,10.758593115572022,4.9416322265625,3.900154504394531,8.724470849609375,26.81551993801022,100.9579032512967,66.19694488697833,43.87617816666667,10.246471,25.7,-1.0229007633587786,13.84732824427481,-15.618320610687023
135.13,-0.2037531672451176,25.796246832754882,0.0,0.010803333333333335,10.682227016507783,4.893748193359374,3.9839515624999997,8.619125976562499,26.81551993801022,100.9579032512967,66.19694488697833,43.87617816666667,10.246471,25.7,9.938931297709924,20.0,-14.732824427480915
135.14,-0.2037531672451176,25.796246832754882,0.0,0.010803333333333335,10.318716125271598,4.754884497070313,3.6942531616210936,8.379705810546875,26.81551993801022,100.9579032512967,66.19694488697833,43.87617816666667,10.246471,25.7,14.885496183206106,26.595419847328245,-12.045801526717558
135.15,-0.2037531672451176,25.796246832754882,0.0,0.010803333333333335,10.129431210866352,4.955997436523437,4.055777612304687,7.848193041992187,26.81551993801022,100.9579032512967,66.19694488697833,43.87617816666667,10.246471,25.7,10.946564885496183,29.404580152671755,-9.969465648854962
135.16,-0.2037531672451176,25.796246832754882,0.0,0.010803333333333335,10.129431210866352,4.955997436523437,4.055777612304687,7.848193041992187,26.81551993801022,100.9579032512967,66.19694488697833,43.87617816666667,10.246471,25.7,10.946564885496183,29.404580152671755,-9.969465648854962
135.17,-0.2037531672451176,25.796246832754882,0.0,0.010803333333333335,10.28950496356423,5.142745166015625,4.072537023925781,7.9272016967773435,26.81551993801022,100.9579032512967,66.19694488697833,43.87617816666667,10.246471,25.7,3.6793893129770994,28.229007633587788,-8.549618320610687
135.18,-0.2037531672451176,25.796246832754882,0.0,0.010803333333333335,9.855653415957594,4.996698864746094,3.816357446289062,7.589619262695312,26.81551993801022,100.9579032512967,66.19694488697833,43.87617816666667,10.246471,25.7,0.2748091603053435,25.450381679389313,-7.297709923664122
135.19,-0.2037531672451176,25.796246832754882,0.0,0.010803333333333335,9.57798511388374,4.972756848144531,3.8379052612304685,7.230489013671875,26.81551993801022,100.9579032512967,66.19694488697833,43.87617816666667,10.246471,25.7,1.099236641221374,20.641221374045802,-5.9541984732824424
135.2,-0.2037531672451176,25.796246832754882,0.0,0.010803333333333335,9.653216230571068,4.771643908691406,3.995922570800781,7.378929516601562,26.81551993801022,100.9579032512967,66.19694488697833,43.87617816666667,10.246471,25.7,3.4656488549618323,14.076335877862595,-4.152671755725191
135.21,-0.2037531672451176,25.796246832754882,0.0,0.010803333333333335,9.971605030413718,4.826710546875,4.180276098632812,7.659051110839843,26.81551993801022,100.9579032512967,66.19694488697833,43.87617816666667,10.246471,25.7,4.961832061068702,6.67175572519084,-2.6259541984732824
135.23,-0.2037531672451176,25.796246832754882,0.0,0.010803333333333335,10.527962717055734,5.0014872680664055,4.328716601562499,8.190563879394531,26.81551993801022,100.9579032512967,66.19694488697833,43.87617816666667,10.246471,25.7,7.312977099236641,0.33587786259541985,-2.931297709923664
135.24,-0.2037531672451176,25.796246832754882,0.0,0.010803333333333335,10.879143539807414,4.6998178588867185,4.484339709472656,8.726865051269531,26.81551993801022,100.9579032512967,66.19694488697833,43.87617816666667,10.246471,25.7,10.381679389312977,-2.6564885496183206,-5.022900763358779
135.25,-0.2037531672451176,25.796246832754882,0.0,0.010803333333333335,10.563172141342516,4.534617944335937,4.3239281982421875,8.504204296874999,26.81551993801022,100.9579032512967,66.19694488697833,43.87617816666667,10.246471,25.7,10.641221374045802,-1.297709923664122,-6.33587786259542
135.26,-0.2037531672451176,25.796246832754882,0.0,0.010803333333333335,10.563172141342516,4.534617944335937,4.3239281982421875,8.504204296874999,26.81551993801022,100.9579032512967,66.19694488697833,43.87617816666667,10.246471,25.7,10.641221374045802,-1.297709923664122,-6.33587786259542
135.26,-0.2037531672451176,25.796246832754882,0.0,0.010803333333333335,10.307761387395606,4.932055419921875,4.3071687866210935,7.960720520019531,26.81551993801022,100.9579032512967,66.19694488697833,43.87617816666667,10.246471,25.7,11.48091603053435,1.1297709923664123,-5.679389312977099
135.27,-0.2037531672451176,25.796246832754882,0.0,0.010803333333333335,9.942178891504764,4.824316345214844,3.9240965209960934,7.75721337890625,26.81551993801022,100.9579032512967,66.19694488697833,43.87617816666667,10.246471,25.7,12.01526717557252,0.9770992366412213,-6.0458015267175576
135.29,-0.2037531672451176,25.796246832754882,0.0,0.010803333333333335,9.826682731337245,4.668693237304687,3.967192150878906,7.682993127441406,26.81551993801022,100.9579032512967,66.19694488697833,43.87617816666667,10.246471,25.7,10.992366412213741,-0.8549618320610687,-6.580152671755725
135.3,-0.2037531672451176,25.796246832754882,0.0,0.010803333333333335,9.760261640827474,4.575319372558593,3.84987626953125,7.714117749023437,26.81551993801022,100.9579032512967,66.19694488697833,43.87617816666667,10.246471,25.7,11.770992366412214,-2.7786259541984735,-6.961832061068702
135.31,-0.2037531672451176,25.796246832754882,0.0,0.010803333333333335,9.896847781152694,4.6447512207031245,3.902548706054687,7.819462622070312,26.81551993801022,100.9579032512967,66.19694488697833,43.87617816666667,10.246471,25.7,11.694656488549619,-2.381679389312977,-8.061068702290076
135.31,-0.27776865684804974,25.72223134315195,0.0,0.010803333333333335,9.896847781152694,4.6447512207031245,3.902548706054687,7.819462622070312,26.745355543808547,100.95878905496454,66.1856623910275,43.87617816666667,10.246471,25.7,11.694656488549619,-2.381679389312977,-8.061068702290076
135.31,-0.27776865684804974,25.72223134315195,0.0,0.010803333333333335,9.896847781152694,4.6447512207031245,3.902548706054687,7.819462622070312,26.745355543808547,100.95878905496454,66.1856623910275,43.87617816666667,10.246471,25.7,11.694656488549619,-2.381679389312977,-8.061068702290076
135.32,-0.27776865684804974,25.72223134315195,0.0,0.010803333333333335,9.856384188842833,4.508281726074219,3.9264907226562498,7.8362220336914055,26.745355543808547,100.95878905496454,66.1856623910275,43.87617816666667,10.246471,25.7,12.488549618320612,1.618320610687023,-9.969465648854962
135.33,-0.27776865684804974,25.72223134315195,0.0,0.010803333333333335,10.221497153901462,4.6064439941406246,4.074931225585937,8.164227661132813,26.745355543808547,100.95878905496454,66.1856623910275,43.87617816666667,10.246471,25.7,14.396946564885496,7.938931297709924,-11.648854961832061
135.35,-0.27776865684804974,25.72223134315195,0.0,0.010803333333333335,10.485695020723465,4.560954162597656,4.276044165039062,8.418013037109375,26.745355543808547,100.95878905496454,66.1856623910275,43.87617816666667,10.246471,25.7,17.740458015267176,15.557251908396946,-13.19083969465649
135.36,-0.27776865684804974,25.72223134315195,0.0,0.010803333333333335,10.41960661021895,4.2329485351562495,4.314351391601562,8.487444885253906,26.745355543808547,100.95878905496454,66.1856623910275,43.87617816666667,10.246471,25.7,17.251908396946565,23.114503816793892,-15.267175572519085
135.36,-0.27776865684804974,25.72223134315195,0.0,0.010803333333333335,10.41960661021895,4.2329485351562495,4.314351391601562,8.487444885253906,26.745355543808547,100.95878905496454,66.1856623910275,43.87617816666667,10.246471,25.7,17.251908396946565,23.114503816793892,-15.267175572519085
135.37,-0.27776865684804974,25.72223134315195,0.0,0.010803333333333335,10.3417553874539,4.575319372558593,4.170699291992188,8.283937744140625,26.745355543808547,100.95878905496454,66.1856623910275,43.87617816666667,10.246471,25.7,11.877862595419847,29.419847328244273,-15.86259541984733
135.38,-0.27776865684804974,25.72223134315195,0.0,0.010803333333333335,10.274577438303352,4.800374328613281,4.3454760131835934,7.977479931640625,26.745355543808547,100.95878905496454,66.1856623910275,43.87617816666667,10.246471,25.7,4.900763358778626,29.52671755725191,-14.045801526717558
135.39,-0.27776865684804974,25.72223134315195,0.0,0.010803333333333335,10.141527083169676,4.843469958496094,4.2497079467773435,7.831433630371094,26.745355543808547,100.95878905496454,66.1856623910275,43.87617816666667,10.246471,25.7,-2.381679389312977,20.702290076335878,-9.358778625954198
135.41,-0.27776865684804974,25.72223134315195,0.0,0.010803333333333335,10.120547846109508,4.886565588378906,4.103661645507812,7.8553756469726554,26.745355543808547,100.95878905496454,66.1856623910275,43.87617816666667,10.246471,25.7,-7.099236641221374,6.305343511450381,-3.3587786259541983
135.42,-0.27776865684804974,25.72223134315195,0.0,0.010803333333333335,10.278384689219921,4.69263525390625,4.189852905273438,8.128314636230469,26.745355543808547,100.95878905496454,66.1856623910275,43.87617816666667,10.246471,25.7,-8.732824427480915,-6.015267175572519,-0.2595419847328244
135.42,-0.2749370453712374,25.72506295462876,0.0,0.010803333333333335,10.278384689219921,4.69263525390625,4.189852905273438,8.128314636230469,26.861771832926753,100.95875516664718,66.21139090081827,43.87617816666667,10.246471,25.7,-8.732824427480915,-6.015267175572519,-0.2595419847328244
135.43,-0.2749370453712374,25.72506295462876,0.0,0.010803333333333335,10.393263877449089,4.503493322753906,4.247313745117188,8.348581188964843,26.861771832926753,100.95875516664718,66.21139090081827,43.87617816666667,10.246471,25.7,-8.488549618320612,-10.030534351145038,-0.2595419847328244
135.44,-0.2749370453712374,25.72506295462876,0.0,0.010803333333333335,10.131257474614568,4.503493322753906,4.2688615600585935,8.008604553222655,26.861771832926753,100.95875516664718,66.21139090081827,43.87617816666667,10.246471,25.7,-6.8396946564885495,-4.564885496183206,-2.0
135.45,-0.2749370453712374,25.72506295462876,0.0,0.010803333333333335,10.176093034804946,4.6639048339843745,3.763685009765625,8.224082702636718,26.861771832926753,100.95875516664718,66.21139090081827,43.87617816666667,10.246471,25.7,1.633587786259542,5.648854961832061,-4.137404580152672
135.46,-0.2749370453712374,25.72506295462876,0.0,0.010803333333333335,10.176093034804946,4.6639048339843745,3.763685009765625,8.224082702636718,26.861771832926753,100.95875516664718,66.21139090081827,43.87617816666667,10.246471,25.7,1.633587786259542,5.648854961832061,-4.137404580152672
135.47,-0.2749370453712374,25.72506295462876,0.0,0.010803333333333335,10.194921689643508,4.589684582519531,4.031835595703125,8.161833459472655,26.861771832926753,100.95875516664718,66.21139090081827,43.87617816666667,10.246471,25.7,8.534351145038167,15.954198473282442,-7.709923664122138
135.48,-0.2749370453712374,25.72506295462876,0.0,0.010803333333333335,10.18430827770778,4.486733911132812,4.204218115234375,8.118737829589843,26.861771832926753,100.95875516664718,66.21139090081827,43.87617816666667,10.246471,25.7,10.198473282442748,23.374045801526716,-10.122137404580153
135.49,-0.2749370453712374,25.72506295462876,0.0,0.010803333333333335,10.347910469483391,4.450820886230469,4.290409374999999,8.298302954101562,26.861771832926753,100.95875516664718,66.21139090081827,43.87617816666667,10.246471,25.7,10.366412213740459,27.938931297709924,-9.17557251908397
135.5,-0.2749370453712374,25.72506295462876,0.0,0.010803333333333335,10.382098764545034,4.357447021484375,4.630386010742187,8.207323291015625,26.861771832926753,100.95875516664718,66.21139090081827,43.87617816666667,10.246471,25.7,8.366412213740459,30.229007633587788,-6.625954198473282
135.51,-0.2749370453712374,25.72506295462876,0.0,0.010803333333333335,10.343072266782487,4.266467358398438,4.541800549316406,8.25520732421875,26.861771832926753,100.95875516664718,66.21139090081827,43.87617816666667,10.246471,25.7,5.755725190839694,30.137404580152673,-3.1908396946564888
135.53,-0.2749370453712374,25.72506295462876,0.0,0.010803333333333335,10.203115030592715,4.371812231445312,4.690241052246093,7.936778503417968,26.861771832926753,100.95875516664718,66.21139090081827,43.87617816666667,10.246471,25.7,0.6259541984732825,27.923664122137403,0.1984732824427481
135.54,-0.2749370453712374,25.72506295462876,0.0,0.010803333333333335,10.139007581301794,4.4005426513671875,4.474762902832031,7.963114721679687,26.861771832926753,100.95875516664718,66.21139090081827,43.87617816666667,10.246471,25.7,-5.450381679389313,22.625954198473284,2.7022900763358777
135.55,-0.2749370453712374,25.72506295462876,0.0,0.010803333333333335,9.927235781674161,4.448426684570312,4.491522314453125,7.654262707519531,26.861771832926753,100.95875516664718,66.21139090081827,43.87617816666667,10.246471,25.7,-7.6183206106870225,16.53435114503817,3.2977099236641223
135.55,-0.2348305439712428,25.765169456028758,0.0,0.010803333333333335,9.927235781674161,4.448426684570312,4.491522314453125,7.654262707519531,26.90519200063718,100.95827517881764,66.23939689234113,43.87617816666667,10.246471,25.7,-7.6183206106870225,16.53435114503817,3.2977099236641223
135.56,-0.2348305439712428,25.765169456028758,0.0,0.010803333333333335,9.927235781674161,4.448426684570312,4.491522314453125,7.654262707519531,26.90519200063718,100.95827517881764,66.23939689234113,43.87617816666667,10.246471,25.7,-7.6183206106870225,16.53435114503817,3.2977099236641223
135.56,-0.2348305439712428,25.765169456028758,0.0,0.010803333333333335,9.70420290718614,4.2880151733398435,4.422090466308593,7.498639599609374,26.90519200063718,100.95827517881764,66.23939689234113,43.87617816666667,10.246471,25.7,-7.4961832061068705,10.793893129770993,1.7557251908396947
135.57,-0.2348305439712428,25.765169456028758,0.0,0.010803333333333335,9.958642017099121,4.4005426513671875,4.460397692871093,7.740453967285156,26.90519200063718,100.95827517881764,66.23939689234113,43.87617816666667,10.246471,25.7,-5.190839694656488,6.793893129770993,0.5343511450381679
135.59,-0.2348305439712428,25.765169456028758,0.0,0.010803333333333335,10.18300126442129,4.563348364257812,4.592078784179687,7.860164050292968,26.90519200063718,100.95827517881764,66.23939689234113,43.87617816666667,10.246471,25.7,-5.7251908396946565,6.076335877862595,0.015267175572519083
135.6,-0.2348305439712428,25.765169456028758,0.0,0.010803333333333335,10.517917825173145,4.714183068847656,4.6255976074218745,8.185775476074218,26.90519200063718,100.95827517881764,66.23939689234113,43.87617816666667,10.246471,25.7,-4.0,8.916030534351146,0.10687022900763359
135.61,-0.2348305439712428,25.765169456028758,0.0,0.010803333333333335,10.365103465011478,4.685452648925781,4.891353991699218,7.845798840332031,26.90519200063718,100.95827517881764,66.23939689234113,43.87617816666667,10.246471,25.7,-1.0534351145038168,13.664122137404581,-0.04580152671755725
135.62,-0.2348305439712428,25.765169456028758,0.0,0.010803333333333335,10.339234503602057,4.469974499511719,4.671087438964843,8.068459594726562,26.90519200063718,100.95827517881764,66.23939689234113,43.87617816666667,10.246471,25.7,1.984732824427481,17.374045801526716,-0.10687022900763359
135.63,-0.2348305439712428,25.765169456028758,0.0,0.010803333333333335,10.153051886015367,4.486733911132812,4.958391638183594,7.639897497558593,26.90519200063718,100.95827517881764,66.23939689234113,43.87617816666667,10.246471,25.7,0.5190839694656488,18.83969465648855,-0.5190839694656488
135.65,-0.2348305439712428,25.765169456028758,0.0,0.010803333333333335,10.04774699429938,4.254496350097656,5.054159704589844,7.570465649414062,26.90519200063718,100.95827517881764,66.23939689234113,43.87617816666667,10.246471,25.7,-4.442748091603053,16.610687022900763,-1.5877862595419847
135.66,-0.2348305439712428,25.765169456028758,0.0,0.010803333333333335,10.048446683540261,4.129997863769531,5.125985754394531,7.592013464355468,26.90519200063718,100.95827517881764,66.23939689234113,43.87617816666667,10.246471,25.7,-8.458015267175572,12.65648854961832,-2.3053435114503817
135.66,-0.15616342287454454,25.843836577125455,0.0,0.010803333333333335,10.048446683540261,4.129997863769531,5.125985754394531,7.592013464355468,26.933824151586123,100.95733370937624,66.22999656219213,43.87617816666667,10.246471,25.7,-8.458015267175572,12.65648854961832,-2.3053435114503817
135.66,-0.15616342287454454,25.843836577125455,0.0,0.010803333333333335,10.048446683540261,4.129997863769531,5.125985754394531,7.592013464355468,26.933824151586123,100.95733370937624,66.22999656219213,43.87617816666667,10.246471,25.7,-8.458015267175572,12.65648854961832,-2.3053435114503817
135.67,-0.15616342287454454,25.843836577125455,0.0,0.010803333333333335,10.044163639123378,4.163516687011718,5.118803149414062,7.572859851074218,26.933824151586123,100.95733370937624,66.22999656219213,43.87617816666667,10.246471,25.7,-13.770992366412214,9.389312977099237,-2.366412213740458
135.68,-0.15616342287454454,25.843836577125455,0.0,0.010803333333333335,10.181356564688134,4.675875842285156,5.006275671386718,7.532158422851562,26.933824151586123,100.95733370937624,66.22999656219213,43.87617816666667,10.246471,25.7,-17.84732824427481,6.656488549618321,-2.183206106870229
135.69,-0.15616342287454454,25.843836577125455,0.0,0.010803333333333335,10.27829936156289,4.843469958496094,4.924872814941406,7.611167077636718,26.933824151586123,100.95733370937624,66.22999656219213,43.87617816666667,10.246471,25.7,-14.732824427480915,4.213740458015267,-3.6793893129770994
135.71,-0.15616342287454454,25.843836577125455,0.0,0.010803333333333335,10.316803865451647,4.762067102050781,5.013458276367187,7.656656909179687,26.933824151586123,100.95733370937624,66.22999656219213,43.87617816666667,10.246471,25.7,-6.687022900763359,2.6717557251908395,-6.9465648854961835
135.72,-0.15616342287454454,25.843836577125455,0.0,0.010803333333333335,10.469314417479433,4.661510632324219,5.159504577636718,7.826645227050781,26.933824151586123,100.95733370937624,66.22999656219213,43.87617816666667,10.246471,25.7,0.13740458015267176,2.7480916030534353,-9.816793893129772
135.73,-0.15616342287454454,25.843836577125455,0.0,0.010803333333333335,10.32818164804107,4.398148449707031,5.178658190917968,7.7787611938476555,26.933824151586123,100.95733370937624,66.22999656219213,43.87617816666667,10.246471,25.7,2.931297709923664,5.374045801526718,-10.65648854961832
135.74,-0.15616342287454454,25.843836577125455,0.0,0.010803333333333335,10.222123827158825,4.340687609863281,5.173869787597656,7.673416320800781,26.933824151586123,100.95733370937624,66.22999656219213,43.87617816666667,10.246471,25.7,1.297709923664122,8.870229007633588,-9.236641221374045
135.75,-0.15616342287454454,25.843836577125455,0.0,0.010803333333333335,10.10164298442504,4.390965844726562,5.147533569335937,7.501033801269531,26.933824151586123,100.95733370937624,66.22999656219213,43.87617816666667,10.246471,25.7,-2.9160305343511452,10.030534351145038,-6.748091603053435
135.76,-0.15616342287454454,25.843836577125455,0.0,0.010803333333333335,10.10164298442504,4.390965844726562,5.147533569335937,7.501033801269531,26.933824151586123,100.95733370937624,66.22999656219213,43.87617816666667,10.246471,25.7,-2.9160305343511452,10.030534351145038,-6.748091603053435
135.77,-0.15616342287454454,25.843836577125455,0.0,0.010803333333333335,10.187677481998525,4.575319372558593,5.135562561035156,7.5153990112304685,26.933824151586123,100.95733370937624,66.22999656219213,43.87617816666667,10.246471,25.7,-6.625954198473282,8.091603053435115,-4.091603053435114
135.77,-0.13111389207379087,25.86888610792621,0.0,0.010803333333333335,10.187677481998525,4.575319372558593,5.135562561035156,7.5153990112304685,26.92501425802384,100.95703392402686,66.22157214347166,43.87617816666667,10.246471,25.7,-6.625954198473282,8.091603053435115,-4.091603053435114
135.78,-0.13111389207379087,25.86888610792621,0.0,0.010803333333333335,10.24440730157834,4.716577270507813,5.085284326171875,7.539341027832031,26.92501425802384,100.95703392402686,66.22157214347166,43.87617816666667,10.246471,25.7,-7.816793893129771,5.038167938931298,-2.6106870229007635
135.79,-0.13111389207379087,25.86888610792621,0.0,0.010803333333333335,10.026107590934794,4.575319372558593,4.96078583984375,7.414842541503906,26.92501425802384,100.95703392402686,66.22157214347166,43.87617816666667,10.246471,25.7,-5.679389312977099,3.114503816793893,-2.6106870229007635
135.8,-0.13111389207379087,25.86888610792621,0.0,0.010803333333333335,9.977183275455504,4.474762902832031,4.989516259765625,7.390900524902343,26.92501425802384,100.95703392402686,66.22157214347166,43.87617816666667,10.246471,25.7,-3.6946564885496183,2.9160305343511452,-2.885496183206107
135.81,-0.13111389207379087,25.86888610792621,0.0,0.010803333333333335,9.89925780637803,4.374206433105469,4.987122058105468,7.3478048950195305,26.92501425802384,100.95703392402686,66.22157214347166,43.87617816666667,10.246471,25.7,-3.3740458015267176,4.259541984732825,-2.900763358778626
135.83,-0.13111389207379087,25.86888610792621,0.0,0.010803333333333335,10.138728571705943,4.613626599121093,5.0206408813476555,7.503428002929687,26.92501425802384,100.95703392402686,66.22157214347166,43.87617816666667,10.246471,25.7,-3.1297709923664123,6.198473282442748,-3.66412213740458
135.84,-0.13111389207379087,25.86888610792621,0.0,0.010803333333333335,10.251909165422225,4.587290380859375,5.061342309570312,7.644685900878906,26.92501425802384,100.95703392402686,66.22157214347166,43.87617816666667,10.246471,25.7,-0.3053435114503817,8.580152671755725,-6.427480916030534
135.85,-0.13111389207379087,25.86888610792621,0.0,0.010803333333333335,10.530636561382657,4.534617944335937,5.272032055664062,7.908048083496094,26.92501425802384,100.95703392402686,66.22157214347166,43.87617816666667,10.246471,25.7,1.633587786259542,11.251908396946565,-10.412213740458014
135.86,-0.13111389207379087,25.86888610792621,0.0,0.010803333333333335,10.530636561382657,4.534617944335937,5.272032055664062,7.908048083496094,26.92501425802384,100.95703392402686,66.22157214347166,43.87617816666667,10.246471,25.7,1.633587786259542,11.251908396946565,-10.412213740458014
135.86,-0.13111389207379087,25.86888610792621,0.0,0.010803333333333335,10.40750566679803,4.560954162597656,5.193023400878906,7.781155395507812,26.92501425802384,100.95703392402686,66.22157214347166,43.87617816666667,10.246471,25.7,1.251908396946565,13.816793893129772,-11.389312977099237
135.87,-0.13111389207379087,25.86888610792621,0.0,0.010803333333333335,10.382381447972096,4.568136767578125,5.2433016357421875,7.709329345703124,26.92501425802384,100.95703392402686,66.22157214347166,43.87617816666667,10.246471,25.7,0.3969465648854962,14.458015267175572,-8.687022900763358
135.88,-0.10571146160680112,25.894288538393198,2.5402430467012858,0.010803333333333335,10.382381447972096,4.568136767578125,5.2433016357421875,7.709329345703124,26.896067470915114,100.95672991601504,66.20290164322779,43.87617816666667,10.246471,25.7,0.3969465648854962,14.458015267175572,-8.687022900763358
135.89,-0.10571146160680112,25.894288538393198,0.0,0.007202222222222224,10.382381447972096,4.568136767578125,5.2433016357421875,7.709329345703124,26.896067470915114,100.95672991601504,66.20290164322779,43.87617816666667,10.246471333333334,25.8,0.3969465648854962,14.458015267175572,-8.687022900763358
135.89,-0.10571146160680112,25.894288538393198,0.0,0.007202222222222224,10.437957568818423,4.6447512207031245,5.183446594238281,7.7787611938476555,26.896067470915114,100.95672991601504,66.20290164322779,43.87617816666667,10.246471333333334,25.8,-0.0916030534351145,12.580152671755725,-4.259541984732825
135.9,-0.10571146160680112,25.894288538393198,0.0,0.007202222222222224,10.214286665898706,4.5322237426757805,5.099649536132812,7.601590270996093,26.896067470915114,100.95672991601504,66.20290164322779,43.87617816666667,10.246471333333334,25.8,-1.297709923664122,9.603053435114504,-0.6870229007633588
135.91,-0.10571146160680112,25.894288538393198,0.0,0.007202222222222224,9.78451665137635,4.283226770019531,5.011064074707031,7.230489013671875,26.896067470915114,100.95672991601504,66.20290164322779,43.87617816666667,10.246471333333334,25.8,-3.6946564885496183,7.083969465648855,2.2442748091603053
135.92,-0.10571146160680112,25.894288538393198,0.0,0.007202222222222224,9.692171308469964,4.299986181640625,4.991910461425781,7.108384729003906,26.896067470915114,100.95672991601504,66.20290164322779,43.87617816666667,10.246471333333334,25.8,-7.648854961832061,4.625954198473282,4.213740458015267
135.93,-0.10571146160680112,25.894288538393198,0.0,0.007202222222222224,9.630426115323106,4.412513659667969,4.874594580078124,7.036558679199218,26.896067470915114,100.95672991601504,66.20290164322779,43.87617816666667,10.246471333333334,25.8,-11.48091603053435,2.595419847328244,4.442748091603053
135.95,-0.10571146160680112,25.894288538393198,0.0,0.007202222222222224,9.797050374695278,4.599261389160156,4.817133740234374,7.184999182128906,26.896067470915114,100.95672991601504,66.20290164322779,43.87617816666667,10.246471333333334,25.8,-14.381679389312977,2.1068702290076335,2.854961832061069
135.96,-0.10571146160680112,25.894288538393198,0.0,0.007202222222222224,10.04281669742039,4.661510632324219,4.910507604980468,7.417236743164062,26.896067470915114,100.95672991601504,66.20290164322779,43.87617816666667,10.246471333333334,25.8,-15.312977099236642,4.595419847328245,-0.13740458015267176
135.96,-0.10571146160680112,25.894288538393198,0.0,0.007202222222222224,10.04281669742039,4.661510632324219,4.910507604980468,7.417236743164062,26.896067470915114,100.95672991601504,66.20290164322779,43.87617816666667,10.246471333333334,25.8,-15.312977099236642,4.595419847328245,-0.13740458015267176
135.97,-0.10571146160680112,25.894288538393198,0.0,0.007202222222222224,10.401771337803222,4.84586416015625,5.0206408813476555,7.714117749023437,26.896067470915114,100.95672991601504,66.20290164322779,43.87617816666667,10.246471333333334,25.8,-15.374045801526718,9.541984732824428,-4.183206106870229
135.98,-0.10571146160680112,25.894288538393198,0.0,0.007202222222222224,10.468895553190452,4.92247861328125,5.092466931152344,7.709329345703124,26.896067470915114,100.95672991601504,66.20290164322779,43.87617816666667,10.246471333333334,25.8,-11.465648854961833,14.992366412213741,-7.862595419847328
135.99,-0.1316803595057192,25.86831964049428,-2.5968897898867906,0.007202222222222224,10.468895553190452,4.92247861328125,5.092466931152344,7.709329345703124,26.857681528344074,100.95704070333292,66.21773731796596,43.87617816666667,10.246471333333334,25.8,-11.465648854961833,14.992366412213741,-7.862595419847328
135.99,-0.1316803595057192,25.86831964049428,-2.5968897898867906,0.007202222222222224,10.313030807324017,4.900930798339844,5.070919116210937,7.524975817871093,26.857681528344074,100.95704070333292,66.21773731796596,43.87617816666667,10.246471333333334,25.8,-1.8473282442748091,18.33587786259542,-10.259541984732824
136.01,-0.1316803595057192,25.86831964049428,0.0,0.007202222222222224,10.112940319022412,4.642357019042969,5.166687182617188,7.350199096679687,26.857681528344074,100.95704070333292,66.21773731796596,43.87617816666667,10.246471333333334,25.8,7.511450381679389,18.15267175572519,-10.549618320610687
136.02,-0.1316803595057192,25.86831964049428,0.0,0.007202222222222224,9.93402278623974,4.321533996582031,5.343858105468749,7.173028173828125,26.857681528344074,100.95704070333292,66.21773731796596,43.87617816666667,10.246471333333334,25.8,11.358778625954198,14.854961832061068,-8.351145038167939
136.03,-0.1316803595057192,25.86831964049428,0.0,0.007202222222222224,9.981593550111993,4.187458703613281,5.351040710449219,7.311891870117187,26.857681528344074,100.95704070333292,66.21773731796596,43.87617816666667,10.246471333333334,25.8,8.290076335877863,10.366412213740459,-4.152671755725191
136.04,-0.1316803595057192,25.86831964049428,0.0,0.007202222222222224,10.048746168732706,4.223371728515625,5.444414575195312,7.314286071777343,26.857681528344074,100.95704070333292,66.21773731796596,43.87617816666667,10.246471333333334,25.8,1.0229007633587786,6.625954198473282,-0.3816793893129771
136.05,-0.1316803595057192,25.86831964049428,0.0,0.007202222222222224,10.084576907409481,4.264073156738281,5.456385583496093,7.331045483398437,26.857681528344074,100.95704070333292,66.21773731796596,43.87617816666667,10.246471333333334,25.8,-6.305343511450381,4.2748091603053435,1.4351145038167938
136.06,-0.1316803595057192,25.86831964049428,0.0,0.007202222222222224,10.084576907409481,4.264073156738281,5.456385583496093,7.331045483398437,26.857681528344074,100.95704070333292,66.21773731796596,43.87617816666667,10.246471333333334,25.8,-6.305343511450381,4.2748091603053435,1.4351145038167938
136.07,-0.1316803595057192,25.86831964049428,0.0,0.007202222222222224,10.394626344142523,4.589684582519531,5.561730456542969,7.486668591308593,26.857681528344074,100.95704070333292,66.21773731796596,43.87617816666667,10.246471333333334,25.8,-9.755725190839694,3.6946564885496183,0.7022900763358778
136.08,-0.1316803595057192,25.86831964049428,0.0,0.007202222222222224,10.553549940086121,4.855440966796874,5.475539196777343,7.60398447265625,26.857681528344074,100.95704070333292,66.21773731796596,43.87617816666667,10.246471333333334,25.8,-6.8396946564885495,4.961832061068702,-2.8244274809160306
136.09,-0.1316803595057192,25.86831964049428,0.0,0.007202222222222224,10.326996920031824,4.7764323120117185,5.358223315429687,7.42441934814453,26.857681528344074,100.95704070333292,66.21773731796596,43.87617816666667,10.246471333333334,25.8,-1.5877862595419847,6.977099236641221,-7.236641221374046
136.1,-0.15313825010051518,25.846861749899485,-2.1457890594815487,0.007202222222222224,10.326996920031824,4.7764323120117185,5.358223315429687,7.42441934814453,26.818980963344075,100.95729750496808,66.18349434253375,43.87617816666667,10.246471333333334,25.8,-1.5877862595419847,6.977099236641221,-7.236641221374046
136.1,-0.15313825010051518,25.846861749899485,-2.1457890594815487,0.007202222222222224,10.207522874402686,4.659116430664063,5.432443566894531,7.278373046874999,26.818980963344075,100.95729750496808,66.18349434253375,43.87617816666667,10.246471333333334,25.8,2.2595419847328246,8.610687022900763,-9.618320610687023
136.11,-0.15313825010051518,25.846861749899485,0.0,0.007202222222222224,10.087498977962841,4.529829541015625,5.394136340332031,7.220912207031249,26.818980963344075,100.95729750496808,66.18349434253375,43.87617816666667,10.246471333333334,25.8,3.83206106870229,9.17557251908397,-8.442748091603054
136.13,-0.15313825010051518,25.846861749899485,0.0,0.007202222222222224,9.897983806318466,4.355052819824219,5.418078356933593,7.0461354858398435,26.818980963344075,100.95729750496808,66.18349434253375,43.87617816666667,10.246471333333334,25.8,1.5267175572519085,8.381679389312977,-5.206106870229007
136.14,-0.15313825010051518,25.846861749899485,0.0,0.007202222222222224,9.953266758037433,4.352658618164062,5.604826086425781,6.979097839355468,26.818980963344075,100.95729750496808,66.18349434253375,43.87617816666667,10.246471333333334,25.8,-3.572519083969466,6.229007633587786,-1.083969465648855
136.15,-0.15313825010051518,25.846861749899485,0.0,0.007202222222222224,10.086960264429898,4.467580297851562,5.600037683105469,7.101202124023437,26.818980963344075,100.95729750496808,66.18349434253375,43.87617816666667,10.246471333333334,25.8,-8.961832061068701,3.6030534351145036,1.6641221374045803
136.16,-0.15313825010051518,25.846861749899485,0.0,0.007202222222222224,10.086960264429898,4.467580297851562,5.600037683105469,7.101202124023437,26.818980963344075,100.95729750496808,66.18349434253375,43.87617816666667,10.246471333333334,25.8,-8.961832061068701,3.6030534351145036,1.6641221374045803
136.16,-0.15313825010051518,25.846861749899485,0.0,0.007202222222222224,9.997306041503602,4.426878869628906,5.537788439941406,7.048529687499999,26.818980963344075,100.95729750496808,66.18349434253375,43.87617816666667,10.246471333333334,25.8,-12.946564885496183,2.1068702290076335,2.198473282442748
136.17,-0.15313825010051518,25.846861749899485,0.0,0.007202222222222224,10.018576826493,4.496310717773437,5.592855078125,6.9910688476562495,26.818980963344075,100.95729750496808,66.18349434253375,43.87617816666667,10.246471333333334,25.8,-15.801526717557252,1.3587786259541985,1.2671755725190839
136.19,-0.15313825010051518,25.846861749899485,0.0,0.007202222222222224,10.264646177152436,4.764461303710937,5.626373901367187,7.141903552246093,26.818980963344075,100.95729750496808,66.18349434253375,43.87617816666667,10.246471333333334,25.8,-15.893129770992367,1.251908396946565,-0.4122137404580153
136.2,-0.15313825010051518,25.846861749899485,0.0,0.007202222222222224,10.375230559897702,4.876988781738281,5.65031591796875,7.206546997070312,26.818980963344075,100.95729750496808,66.18349434253375,43.87617816666667,10.246471333333334,25.8,-9.725190839694656,1.8015267175572518,-3.5114503816793894
136.21,-0.15313825010051518,25.846861749899485,0.0,0.007202222222222224,10.185749062662277,4.659116430664063,5.628768103027343,7.096413720703125,26.818980963344075,100.95729750496808,66.18349434253375,43.87617816666667,10.246471333333334,25.8,-0.3816793893129771,2.6564885496183206,-8.106870229007633
136.22,-0.15313825010051518,25.846861749899485,0.0,0.007202222222222224,9.946017710805332,4.395754248046875,5.6383449096679685,6.9144543945312495,26.818980963344075,100.95729750496808,66.18349434253375,43.87617816666667,10.246471333333334,25.8,5.816793893129771,2.9770992366412212,-12.045801526717558
136.23,-0.15313825010051518,25.846861749899485,0.0,0.007202222222222224,9.800737532326536,4.2137949218749995,5.592855078125,6.8569935546875,26.818980963344075,100.95729750496808,66.18349434253375,43.87617816666667,10.246471333333334,25.8,5.8320610687022905,2.3969465648854964,-12.870229007633588
136.25,-0.15313825010051518,25.846861749899485,0.0,0.007202222222222224,9.866264514551892,4.338293408203125,5.595249279785156,6.871358764648437,26.818980963344075,100.95729750496808,66.18349434253375,43.87617816666667,10.246471333333334,25.8,1.618320610687023,1.099236641221374,-10.641221374045802
136.26,-0.15313825010051518,25.846861749899485,0.0,0.007202222222222224,10.041965633920777,4.491522314453125,5.65031591796875,6.981492041015625,26.818980963344075,100.95729750496808,66.18349434253375,43.87617816666667,10.246471333333334,25.8,-3.3893129770992365,-0.5954198473282443,-7.236641221374046
136.26,-0.15313825010051518,25.846861749899485,0.0,0.007202222222222224,10.041965633920777,4.491522314453125,5.65031591796875,6.981492041015625,26.818980963344075,100.95729750496808,66.18349434253375,43.87617816666667,10.246471333333334,25.8,-3.3893129770992365,-0.5954198473282443,-7.236641221374046
136.27,-0.15313825010051518,25.846861749899485,0.0,0.007202222222222224,10.156963948264865,4.541800549316406,5.681440539550781,7.089231115722656,26.818980963344075,100.95729750496808,66.18349434253375,43.87617816666667,10.246471333333334,25.8,-7.450381679389313,-1.6488549618320612,-4.061068702290076
136.28,-0.15313825010051518,25.846861749899485,0.0,0.007202222222222224,10.153487731778393,4.582501977539062,5.719747766113281,7.0269818725585935,26.818980963344075,100.95729750496808,66.18349434253375,43.87617816666667,10.246471333333334,25.8,-8.885496183206106,-2.2900763358778624,-2.16793893129771
136.29,-0.15313825010051518,25.846861749899485,0.0,0.007202222222222224,10.105306360329232,4.393360046386719,5.753266589355468,7.050923889160156,26.818980963344075,100.95729750496808,66.18349434253375,43.87617816666667,10.246471333333334,25.8,-8.183206106870228,-2.8396946564885495,-2.3969465648854964
136.31,-0.15313825010051518,25.846861749899485,0.0,0.007202222222222224,10.08253808916461,4.319139794921875,5.772420202636718,7.048529687499999,26.818980963344075,100.95729750496808,66.18349434253375,43.87617816666667,10.246471333333334,25.8,-6.870229007633588,-2.549618320610687,-4.152671755725191
136.32,-0.15313825010051518,25.846861749899485,0.0,0.007202222222222224,9.86503448192534,4.340687609863281,5.600037683105469,6.864176159667968,26.818980963344075,100.95729750496808,66.18349434253375,43.87617816666667,10.246471333333334,25.8,-6.809160305343512,-1.3893129770992367,-7.099236641221374
136.33,-0.15313825010051518,25.846861749899485,0.0,0.007202222222222224,9.894743053478253,4.350264416503906,5.559336254882812,6.9336080078124995,26.818980963344075,100.95729750496808,66.18349434253375,43.87617816666667,10.246471333333334,25.8,-7.908396946564886,-0.12213740458015267,-10.564885496183207
136.34,-0.15313825010051518,25.846861749899485,0.0,0.007202222222222224,9.94548977729812,4.474762902832031,5.521029028320312,6.957550024414062,26.818980963344075,100.95729750496808,66.18349434253375,43.87617816666667,10.246471333333334,25.8,-9.877862595419847,1.1297709923664123,-12.641221374045802
136.35,-0.15313825010051518,25.846861749899485,0.0,0.007202222222222224,10.117763644391339,4.568136767578125,5.506663818359375,7.153874560546875,26.818980963344075,100.95729750496808,66.18349434253375,43.87617816666667,10.246471333333334,25.8,-12.427480916030534,2.045801526717557,-12.67175572519084
136.36,-0.15313825010051518,25.846861749899485,0.0,0.007202222222222224,10.117763644391339,4.568136767578125,5.506663818359375,7.153874560546875,26.818980963344075,100.95729750496808,66.18349434253375,43.87617816666667,10.246471333333334,25.8,-12.427480916030534,2.045801526717557,-12.67175572519084
136.37,-0.15313825010051518,25.846861749899485,0.0,0.007202222222222224,10.223887278612091,4.5968671875,5.568913061523437,7.237671618652343,26.818980963344075,100.95729750496808,66.18349434253375,43.87617816666667,10.246471333333334,25.8,-14.564885496183207,2.6106870229007635,-10.625954198473282
136.38,-0.15313825010051518,25.846861749899485,0.0,0.007202222222222224,10.405906917429453,4.6351744140625,5.681440539550781,7.3837179199218745,26.818980963344075,100.95729750496808,66.18349434253375,43.87617816666667,10.246471333333334,25.8,-12.885496183206106,3.0076335877862594,-6.763358778625954
136.38,-0.24844928771412977,25.75155071228587,0.0,0.007202222222222224,10.405906917429453,4.6351744140625,5.681440539550781,7.3837179199218745,26.746299459065447,100.95843816543365,66.17881127999864,43.87617816666667,10.246471333333334,25.8,-12.885496183206106,3.0076335877862594,-6.763358778625954
136.38,-0.24844928771412977,25.75155071228587,0.0,0.007202222222222224,10.405906917429453,4.6351744140625,5.681440539550781,7.3837179199218745,26.746299459065447,100.95843816543365,66.17881127999864,43.87617816666667,10.246471333333334,25.8,-12.885496183206106,3.0076335877862594,-6.763358778625954
136.39,-0.24844928771412977,25.75155071228587,0.0,0.007202222222222224,10.406502105022659,4.709394665527343,5.717353564453124,7.3094976684570305,26.746299459065447,100.95843816543365,66.17881127999864,43.87617816666667,10.246471333333334,25.8,-8.030534351145038,2.687022900763359,-2.213740458015267
136.4,-0.24844928771412977,25.75155071228587,0.0,0.007202222222222224,10.322431851613628,4.620809204101562,5.743689782714843,7.225700610351562,26.746299459065447,100.95843816543365,66.17881127999864,43.87617816666667,10.246471333333334,25.8,-3.4656488549618323,1.5419847328244274,0.9923664122137404
136.41,-0.24844928771412977,25.75155071228587,0.0,0.007202222222222224,10.1318161804818,4.489128112792969,5.61200869140625,7.141903552246093,26.746299459065447,100.95843816543365,66.17881127999864,43.87617816666667,10.246471333333334,25.8,-2.9770992366412212,-0.24427480916030533,2.2900763358778624
136.43,-0.24844928771412977,25.75155071228587,0.0,0.007202222222222224,9.99510891519968,4.5322237426757805,5.542576843261719,6.974309436035155,26.746299459065447,100.95843816543365,66.17881127999864,43.87617816666667,10.246471333333334,25.8,-4.1679389312977095,-1.7251908396946565,1.9694656488549618
136.44,-0.24844928771412977,25.75155071228587,0.0,0.007202222222222224,10.081581211739799,4.661510632324219,5.609614489746093,6.959944226074218,26.746299459065447,100.95843816543365,66.17881127999864,43.87617816666667,10.246471333333334,25.8,-4.442748091603053,-2.351145038167939,-0.07633587786259542
136.45,-0.24844928771412977,25.75155071228587,0.0,0.007202222222222224,10.363536339203199,4.764461303710937,6.019022973632812,6.962338427734375,26.746299459065447,100.95843816543365,66.17881127999864,43.87617816666667,10.246471333333334,25.8,-2.045801526717557,-1.1450381679389312,-4.1679389312977095
136.46,-0.24844928771412977,25.75155071228587,0.0,0.007202222222222224,10.363536339203199,4.764461303710937,6.019022973632812,6.962338427734375,26.746299459065447,100.95843816543365,66.17881127999864,43.87617816666667,10.246471333333334,25.8,-2.045801526717557,-1.1450381679389312,-4.1679389312977095
136.46,-0.24844928771412977,25.75155071228587,0.0,0.007202222222222224,10.142480565760378,4.472368701171875,5.334281298828125,7.376535314941406,26.746299459065447,100.95843816543365,66.17881127999864,43.87617816666667,10.246471333333334,25.8,-3.312977099236641,2.8702290076335877,-10.106870229007633
136.47,-0.24844928771412977,25.75155071228587,0.0,0.007202222222222224,9.951212557408022,4.534617944335937,5.518634826660156,6.928819604492187,26.746299459065447,100.95843816543365,66.17881127999864,43.87617816666667,10.246471333333334,25.8,-1.0076335877862594,8.366412213740459,-13.98473282442748
136.49,-0.24844928771412977,25.75155071228587,0.0,0.007202222222222224,9.934159252240836,4.510675927734375,5.576095666503906,6.873752966308594,26.746299459065447,100.95843816543365,66.17881127999864,43.87617816666667,10.246471333333334,25.8,3.2977099236641223,11.297709923664122,-14.442748091603054
136.5,-0.24844928771412977,25.75155071228587,0.0,0.007202222222222224,9.877384788312476,4.431667272949219,5.585672473144531,6.835445739746094,26.746299459065447,100.95843816543365,66.17881127999864,43.87617816666667,10.246471333333334,25.8,2.595419847328244,10.549618320610687,-12.442748091603054
136.51,-0.24844928771412977,25.75155071228587,0.0,0.007202222222222224,10.179567162901149,4.4819455078125,5.815515832519531,7.050923889160156,26.746299459065447,100.95843816543365,66.17881127999864,43.87617816666667,10.246471333333334,25.8,0.8549618320610687,7.969465648854962,-8.580152671755725
136.51,-0.19217732071360905,25.807822679286392,0.0,0.007202222222222224,10.179567162901149,4.4819455078125,5.815515832519531,7.050923889160156,26.858940083580638,100.95776471427892,66.23194997917302,43.87617816666667,10.246471333333334,25.8,0.8549618320610687,7.969465648854962,-8.580152671755725
136.52,-0.19217732071360905,25.807822679286392,0.0,0.007202222222222224,10.225300904050792,4.371812231445312,5.923254907226562,7.096413720703125,26.858940083580638,100.95776471427892,66.23194997917302,43.87617816666667,10.246471333333334,25.8,-0.3511450381679389,6.137404580152672,-3.984732824427481
136.53,-0.19217732071360905,25.807822679286392,0.0,0.007202222222222224,10.100546606884295,4.347870214843749,5.928043310546875,6.926425402832031,26.858940083580638,100.95776471427892,66.23194997917302,43.87617816666667,10.246471333333334,25.8,-2.6106870229007635,5.465648854961832,-0.4732824427480916
136.55,-0.19217732071360905,25.807822679286392,0.0,0.007202222222222224,10.028601156276336,4.283226770019531,5.983109948730468,6.813897924804687,26.858940083580638,100.95776471427892,66.23194997917302,43.87617816666667,10.246471333333334,25.8,-2.8396946564885495,4.809160305343512,1.3587786259541985
136.56,-0.19217732071360905,25.807822679286392,0.0,0.007202222222222224,10.066765882403939,4.3430818115234375,6.009446166992187,6.809109521484374,26.858940083580638,100.95776471427892,66.23194997917302,43.87617816666667,10.246471333333334,25.8,-3.633587786259542,2.7786259541984735,0.9770992366412213
136.56,-0.19217732071360905,25.807822679286392,0.0,0.007202222222222224,10.066765882403939,4.3430818115234375,6.009446166992187,6.809109521484374,26.858940083580638,100.95776471427892,66.23194997917302,43.87617816666667,10.246471333333334,25.8,-3.633587786259542,2.7786259541984735,0.9770992366412213
136.57,-0.19217732071360905,25.807822679286392,0.0,0.007202222222222224,10.100478788733827,4.491522314453125,5.9974751586914055,6.773196496582031,26.858940083580638,100.95776471427892,66.23194997917302,43.87617816666667,10.246471333333334,25.8,-5.557251908396947,0.42748091603053434,-1.099236641221374
136.58,-0.19217732071360905,25.807822679286392,0.0,0.007202222222222224,10.120044593931752,4.467580297851562,5.928043310546875,6.8785413696289055,26.858940083580638,100.95776471427892,66.23194997917302,43.87617816666667,10.246471333333334,25.8,-5.4961832061068705,-0.9923664122137404,-3.969465648854962
136.59,-0.19217732071360905,25.807822679286392,0.0,0.007202222222222224,10.099347094823658,4.505887524414062,5.863399865722656,6.8785413696289055,26.858940083580638,100.95776471427892,66.23194997917302,43.87617816666667,10.246471333333334,25.8,-2.6564885496183206,-0.6259541984732825,-6.595419847328245
136.61,-0.19217732071360905,25.807822679286392,0.0,0.007202222222222224,10.12664577219071,4.548983154296875,5.80354482421875,6.940790612792968,26.858940083580638,100.95776471427892,66.23194997917302,43.87617816666667,10.246471333333334,25.8,3.267175572519084,1.1297709923664123,-8.82442748091603
136.62,-0.19217732071360905,25.807822679286392,0.0,0.007202222222222224,10.093177587092113,4.515464331054687,5.853823059082031,6.871358764648437,26.858940083580638,100.95776471427892,66.23194997917302,43.87617816666667,10.246471333333334,25.8,10.473282442748092,3.7557251908396947,-11.206106870229007
136.62,-0.10464939678198837,25.895350603218013,0.0,0.007202222222222224,10.093177587092113,4.515464331054687,5.853823059082031,6.871358764648437,26.938229098688133,100.95671720558538,66.21669487232917,43.87617816666667,10.246471333333334,25.8,10.473282442748092,3.7557251908396947,-11.206106870229007
136.63,-0.10464939678198837,25.895350603218013,0.0,0.007202222222222224,10.100235604425263,4.299986181640625,5.95677373046875,6.931213806152344,26.938229098688133,100.95671720558538,66.21669487232917,43.87617816666667,10.246471333333334,25.8,15.465648854961833,6.6106870229007635,-12.641221374045802
136.64,-0.10464939678198837,25.895350603218013,0.0,0.007202222222222224,10.006489292045584,4.185064501953125,5.985504150390625,6.8402341430664055,26.938229098688133,100.95671720558538,66.21669487232917,43.87617816666667,10.246471333333334,25.8,16.33587786259542,9.465648854961833,-11.86259541984733
136.65,-0.10464939678198837,25.895350603218013,0.0,0.007202222222222224,10.064324489736192,4.273649963378906,6.100425830078125,6.768408093261718,26.938229098688133,100.95671720558538,66.21669487232917,43.87617816666667,10.246471333333334,25.8,12.793893129770993,11.435114503816793,-9.86259541984733
136.66,-0.10464939678198837,25.895350603218013,0.0,0.007202222222222224,10.064324489736192,4.273649963378906,6.100425830078125,6.768408093261718,26.938229098688133,100.95671720558538,66.21669487232917,43.87617816666667,10.246471333333334,25.8,12.793893129770993,11.435114503816793,-9.86259541984733
136.67,-0.10464939678198837,25.895350603218013,0.0,0.007202222222222224,10.073121147907624,4.199429711914062,6.083666418457031,6.842628344726562,26.938229098688133,100.95671720558538,66.21669487232917,43.87617816666667,10.246471333333334,25.8,7.862595419847328,11.938931297709924,-8.83969465648855
136.68,-0.10464939678198837,25.895350603218013,0.0,0.007202222222222224,10.092592319969265,4.165910888671875,6.138733056640625,6.842628344726562,26.938229098688133,100.95671720558538,66.21669487232917,43.87617816666667,10.246471333333334,25.8,5.099236641221374,11.145038167938932,-9.16030534351145
136.69,-0.10464939678198837,25.895350603218013,0.0,0.007202222222222224,10.329340435321612,4.316745593261719,6.246472131347656,7.003039855957031,26.938229098688133,100.95671720558538,66.21669487232917,43.87617816666667,10.246471333333334,25.8,3.5877862595419847,9.206106870229007,-10.702290076335878
136.7,-0.10464939678198837,25.895350603218013,0.0,0.007202222222222224,10.573026033269157,4.273649963378906,6.318298181152343,7.321468676757812,26.938229098688133,100.95671720558538,66.21669487232917,43.87617816666667,10.246471333333334,25.8,5.022900763358779,7.190839694656488,-13.083969465648854
136.71,-0.10464939678198837,25.895350603218013,0.0,0.007202222222222224,10.511804486378434,4.276044165039062,6.3709706176757805,7.184999182128906,26.938229098688133,100.95671720558538,66.21669487232917,43.87617816666667,10.246471333333334,25.8,8.061068702290076,5.816793893129771,-14.442748091603054
136.73,-0.10464939678198837,25.895350603218013,0.0,0.007202222222222224,10.367585161543659,4.197035510253906,6.256048937988281,7.122749938964843,26.938229098688133,100.95671720558538,66.21669487232917,43.87617816666667,10.246471333333334,25.8,9.053435114503817,4.687022900763359,-13.572519083969466
136.73,-0.08453520281491711,25.915464797185084,0.0,0.007202222222222224,10.367585161543659,4.197035510253906,6.256048937988281,7.122749938964843,26.959939198244683,100.95647648601556,66.23420323770807,43.87617816666667,10.246471333333334,25.8,9.053435114503817,4.687022900763359,-13.572519083969466
136.74,-0.08453520281491711,25.915464797185084,0.0,0.007202222222222224,10.228970428444635,4.2305543334960936,6.268019946289062,6.888118176269531,26.959939198244683,100.95647648601556,66.23420323770807,43.87617816666667,10.246471333333334,25.8,8.977099236641221,3.3435114503816794,-11.007633587786259
136.75,-0.08453520281491711,25.915464797185084,0.0,0.007202222222222224,10.082621378119923,4.153939880371094,6.141127258300781,6.833051538085937,26.959939198244683,100.95647648601556,66.23420323770807,43.87617816666667,10.246471333333334,25.8,7.923664122137405,2.122137404580153,-8.458015267175572
136.76,-0.08453520281491711,25.915464797185084,0.0,0.007202222222222224,10.082621378119923,4.153939880371094,6.141127258300781,6.833051538085937,26.959939198244683,100.95647648601556,66.23420323770807,43.87617816666667,10.246471333333334,25.8,7.923664122137405,2.122137404580153,-8.458015267175572
136.76,-0.08453520281491711,25.915464797185084,0.0,0.007202222222222224,10.058504502361604,4.158728283691406,6.169857678222656,6.768408093261718,26.959939198244683,100.95647648601556,66.23420323770807,43.87617816666667,10.246471333333334,25.8,6.488549618320611,1.5725190839694656,-6.8396946564885495
136.78,-0.08453520281491711,25.915464797185084,0.0,0.007202222222222224,9.974147566084755,4.0222587890625,6.1626750732421876,6.732495068359374,26.959939198244683,100.95647648601556,66.23420323770807,43.87617816666667,10.246471333333334,25.8,6.198473282442748,2.015267175572519,-5.847328244274809
136.79,-0.08453520281491711,25.915464797185084,0.0,0.007202222222222224,10.073128261144277,3.9528269409179684,6.303932971191406,6.789955908203124,26.959939198244683,100.95647648601556,66.23420323770807,43.87617816666667,10.246471333333334,25.8,5.786259541984733,2.366412213740458,-5.633587786259542
136.8,-0.08453520281491711,25.915464797185084,0.0,0.007202222222222224,10.211331830012202,4.046200805664062,6.289567761230469,6.9527616210937495,26.959939198244683,100.95647648601556,66.23420323770807,43.87617816666667,10.246471333333334,25.8,5.00763358778626,3.1297709923664123,-7.129770992366412
136.81,-0.08453520281491711,25.915464797185084,0.0,0.007202222222222224,10.29697146644756,4.07971962890625,6.330269189453125,7.022193469238281,26.959939198244683,100.95647648601556,66.23420323770807,43.87617816666667,10.246471333333334,25.8,6.290076335877862,4.3816793893129775,-9.32824427480916
136.82,-0.08453520281491711,25.915464797185084,0.0,0.007202222222222224,10.1933944757833,4.029441394042968,6.263231542968749,6.959944226074218,26.959939198244683,100.95647648601556,66.23420323770807,43.87617816666667,10.246471333333334,25.8,8.305343511450381,4.977099236641221,-10.778625954198473
136.83,-0.08453520281491711,25.915464797185084,0.0,0.007202222222222224,10.196465258945942,3.9264907226562498,6.354211206054687,6.940790612792968,26.959939198244683,100.95647648601556,66.23420323770807,43.87617816666667,10.246471333333334,25.8,9.526717557251908,4.2748091603053435,-10.580152671755725
136.84,-0.0585402810403024,25.9414597189597,2.5994921774638353,0.007202222222222224,10.196465258945942,3.9264907226562498,6.354211206054687,6.940790612792968,26.947038993533898,100.95616538866054,66.21811371332633,43.87617816666667,10.246471333333334,25.8,9.526717557251908,4.2748091603053435,-10.580152671755725
136.85,-0.0585402810403024,25.9414597189597,0.0,0.007202222222222224,10.12943545508323,3.8666356811523435,6.299144567871093,6.926425402832031,26.947038993533898,100.95616538866054,66.21811371332633,43.87617816666667,10.246471333333334,25.8,9.206106870229007,3.145038167938931,-9.083969465648854
136.86,-0.0585402810403024,25.9414597189597,0.0,0.007202222222222224,10.027790329666734,3.816357446289062,6.229712719726562,6.868964562988281,26.947038993533898,100.95616538866054,66.21811371332633,43.87617816666667,10.246471333333334,25.8,6.8396946564885495,2.6564885496183206,-6.488549618320611
136.86,-0.0585402810403024,25.9414597189597,0.0,0.007202222222222224,10.027790329666734,3.816357446289062,6.229712719726562,6.868964562988281,26.947038993533898,100.95616538866054,66.21811371332633,43.87617816666667,10.246471333333334,25.8,6.8396946564885495,2.6564885496183206,-6.488549618320611
136.87,-0.0585402810403024,25.9414597189597,0.0,0.007202222222222224,9.931615425481858,3.763685009765625,6.217741711425781,6.768408093261718,26.947038993533898,100.95616538866054,66.21811371332633,43.87617816666667,10.246471333333334,25.8,3.7709923664122136,2.8244274809160306,-3.954198473282443
136.88,-0.0585402810403024,25.9414597189597,0.0,0.012861111111111113,9.931615425481858,3.763685009765625,6.217741711425781,6.768408093261718,26.947038993533898,100.95616538866054,66.21811371332633,43.87617816666667,10.246471666666666,25.8,3.7709923664122136,2.8244274809160306,-3.954198473282443
136.88,-0.0585402810403024,25.9414597189597,0.0,0.012861111111111113,10.023047238199887,3.9432501342773434,6.260837341308593,6.76122548828125,26.947038993533898,100.95616538866054,66.21811371332633,43.87617816666667,10.246471666666666,25.8,1.2213740458015268,3.2213740458015265,-2.5343511450381677
136.89,-0.0585402810403024,25.9414597189597,0.0,0.012861111111111113,10.153277432887874,3.967192150878906,6.277596752929687,6.924031201171875,26.947038993533898,100.95616538866054,66.21811371332633,43.87617816666667,10.246471666666666,25.8,0.6870229007633588,3.7251908396946565,-2.8244274809160306
136.91,-0.0585402810403024,25.9414597189597,0.0,0.012861111111111113,10.229694425294532,4.019864587402344,6.299144567871093,6.986280444335937,26.947038993533898,100.95616538866054,66.21811371332633,43.87617816666667,10.246471666666666,25.8,1.5725190839694656,4.564885496183206,-4.1679389312977095
136.92,-0.0585402810403024,25.9414597189597,0.0,0.012861111111111113,10.355707393191725,4.168305090332031,6.323086584472656,7.062894897460937,26.947038993533898,100.95616538866054,66.21811371332633,43.87617816666667,10.246471666666666,25.8,4.33587786259542,5.694656488549619,-5.694656488549619
136.93,-0.0585402810403024,25.9414597189597,0.0,0.012861111111111113,10.456118162342658,4.103661645507812,6.461950280761719,7.122749938964843,26.947038993533898,100.95616538866054,66.21811371332633,43.87617816666667,10.246471666666666,25.8,8.748091603053435,6.9465648854961835,-7.8320610687022905
136.94,-0.0585402810403024,25.9414597189597,0.0,0.012861111111111113,10.27706314645667,3.8283284545898435,6.4667386840820305,7.0102224609374995,26.947038993533898,100.95616538866054,66.21811371332633,43.87617816666667,10.246471666666666,25.8,13.32824427480916,8.01526717557252,-9.49618320610687
136.95,-0.11313415700352492,25.886865842996475,-5.4593875963272165,0.012861111111111113,10.27706314645667,3.8283284545898435,6.4667386840820305,7.0102224609374995,26.913687253272474,100.95681874833862,66.18472463192916,43.87617816666667,10.246471666666666,25.8,13.32824427480916,8.01526717557252,-9.49618320610687
136.96,-0.11313415700352492,25.886865842996475,0.0,0.012861111111111113,10.13956755611619,3.603273498535156,6.4667386840820305,6.928819604492187,26.913687253272474,100.95681874833862,66.18472463192916,43.87617816666667,10.246471666666666,25.8,14.625954198473282,8.473282442748092,-9.297709923664122
136.96,-0.11313415700352492,25.886865842996475,0.0,0.012861111111111113,10.13956755611619,3.603273498535156,6.4667386840820305,6.928819604492187,26.913687253272474,100.95681874833862,66.18472463192916,43.87617816666667,10.246471666666666,25.8,14.625954198473282,8.473282442748092,-9.297709923664122
136.97,-0.11313415700352492,25.886865842996475,0.0,0.012861111111111113,9.999278255675263,3.450044592285156,6.426037255859375,6.8402341430664055,26.913687253272474,100.95681874833862,66.18472463192916,43.87617816666667,10.246471666666666,25.8,11.801526717557252,7.816793893129771,-7.572519083969466
136.98,-0.11313415700352492,25.886865842996475,0.0,0.012861111111111113,10.010955367386906,3.706224169921875,6.3901242309570305,6.756437084960937,26.913687253272474,100.95681874833862,66.18472463192916,43.87617816666667,10.246471666666666,25.8,6.656488549618321,5.938931297709924,-5.0534351145038165
136.99,-0.11313415700352492,25.886865842996475,0.0,0.012861111111111113,10.204623937923714,3.840299462890625,6.4092778442382805,6.950367419433594,26.913687253272474,100.95681874833862,66.18472463192916,43.87617816666667,10.246471666666666,25.8,3.7557251908396947,3.9083969465648853,-3.83206106870229
137.0,-0.11313415700352492,25.886865842996475,0.0,0.012861111111111113,10.323962464023705,3.907337109375,6.423643054199219,7.074865905761718,26.913687253272474,100.95681874833862,66.18472463192916,43.87617816666667,10.246471666666666,25.8,4.8396946564885495,3.3282442748091605,-3.969465648854962
137.02,-0.11313415700352492,25.886865842996475,0.0,0.012861111111111113,10.187350852462794,3.9815573608398434,6.37815322265625,6.873752966308594,26.913687253272474,100.95681874833862,66.18472463192916,43.87617816666667,10.246471666666666,25.8,6.916030534351145,4.564885496183206,-4.9465648854961835
137.03,-0.11313415700352492,25.886865842996475,0.0,0.012861111111111113,10.021031366590067,3.768473413085937,6.318298181152343,6.804321118164062,26.913687253272474,100.95681874833862,66.18472463192916,43.87617816666667,10.246471666666666,25.8,10.030534351145038,5.877862595419847,-5.4961832061068705
137.04,-0.11313415700352492,25.886865842996475,0.0,0.012861111111111113,9.93192939941674,3.5338416503906247,6.457161877441406,6.667851623535156,26.913687253272474,100.95681874833862,66.18472463192916,43.87617816666667,10.246471666666666,25.8,13.374045801526718,6.137404580152672,-4.824427480916031
137.05,-0.11313415700352492,25.886865842996475,0.0,0.012861111111111113,9.8659757582677,3.201047619628906,6.519411120605469,6.677428430175781,26.913687253272474,100.95681874833862,66.18472463192916,43.87617816666667,10.246471666666666,25.8,13.84732824427481,5.129770992366412,-3.2977099236641223
137.06,-0.11948110252256727,25.880518897477433,-0.6346945519048129,0.012861111111111113,9.8659757582677,3.201047619628906,6.519411120605469,6.677428430175781,26.870896359198923,100.95689470649938,66.19184624812647,43.87617816666667,10.246471666666666,25.8,13.84732824427481,5.129770992366412,-3.2977099236641223
137.06,-0.11948110252256727,25.880518897477433,-0.6346945519048129,0.012861111111111113,9.8659757582677,3.201047619628906,6.519411120605469,6.677428430175781,26.870896359198923,100.95689470649938,66.19184624812647,43.87617816666667,10.246471666666666,25.8,13.84732824427481,5.129770992366412,-3.2977099236641223
137.06,-0.11948110252256727,25.880518897477433,-0.6346945519048129,0.012861111111111113,9.777060408508088,3.1603461914062496,6.500257507324219,6.584054565429687,26.870896359198923,100.95689470649938,66.19184624812647,43.87617816666667,10.246471666666666,25.8,9.251908396946565,4.458015267175573,-1.1450381679389312
137.08,-0.11948110252256727,25.880518897477433,0.0,0.012861111111111113,9.965716802820522,3.42849677734375,6.552929943847656,6.679822631835937,26.870896359198923,100.95689470649938,66.19184624812647,43.87617816666667,10.246471666666666,25.8,3.9389312977099236,3.801526717557252,0.3511450381679389
137.09,-0.11948110252256727,25.880518897477433,0.0,0.012861111111111113,10.063429961474915,3.5960908935546874,6.53138212890625,6.758831286621094,26.870896359198923,100.95689470649938,66.19184624812647,43.87617816666667,10.246471666666666,25.8,0.3969465648854962,3.053435114503817,-0.732824427480916
137.1,-0.11948110252256727,25.880518897477433,0.0,0.012861111111111113,10.188750699977096,3.6367923217773437,6.610390783691406,6.847416748046874,26.870896359198923,100.95689470649938,66.19184624812647,43.87617816666667,10.246471666666666,25.8,1.3587786259541985,3.3282442748091605,-3.4198473282442747
137.11,-0.11948110252256727,25.880518897477433,0.0,0.012861111111111113,10.14017639823232,3.6535517333984373,6.5409589355468745,6.833051538085937,26.870896359198923,100.95689470649938,66.19184624812647,43.87617816666667,10.246471666666666,25.8,3.786259541984733,4.809160305343512,-5.8320610687022905
137.12,-0.11948110252256727,25.880518897477433,0.0,0.012861111111111113,10.196163928497208,3.7229835815429686,6.593631372070312,6.828263134765624,26.870896359198923,100.95689470649938,66.19184624812647,43.87617816666667,10.246471666666666,25.8,6.396946564885496,6.763358778625954,-6.427480916030534
137.14,-0.11948110252256727,25.880518897477433,0.0,0.012861111111111113,10.080851126528112,3.622427111816406,6.533776330566406,6.768408093261718,26.870896359198923,100.95689470649938,66.19184624812647,43.87617816666667,10.246471666666666,25.8,9.816793893129772,8.65648854961832,-5.893129770992366
137.15,-0.11948110252256727,25.880518897477433,0.0,0.012861111111111113,10.13381765049678,3.4548329956054684,6.6702458251953125,6.801926916503906,26.870896359198923,100.95689470649938,66.19184624812647,43.87617816666667,10.246471666666666,25.8,12.916030534351146,10.213740458015268,-4.99236641221374
137.16,-0.11948110252256727,25.880518897477433,0.0,0.012861111111111113,10.111941818953932,3.4524387939453125,6.696582043457031,6.744466076660156,26.870896359198923,100.95689470649938,66.19184624812647,43.87617816666667,10.246471666666666,25.8,13.648854961832061,11.282442748091603,-3.7404580152671754
137.16,-0.11948110252256727,25.880518897477433,0.0,0.012861111111111113,10.111941818953932,3.4524387939453125,6.696582043457031,6.744466076660156,26.870896359198923,100.95689470649938,66.19184624812647,43.87617816666667,10.246471666666666,25.8,13.648854961832061,11.282442748091603,-3.7404580152671754
137.17,-0.14628218161585105,25.853717818384148,-2.680107909330815,0.012861111111111113,10.111941818953932,3.4524387939453125,6.696582043457031,6.744466076660156,26.831566511125857,100.95721545352768,66.17851521107187,43.87617816666667,10.246471666666666,25.8,13.648854961832061,11.282442748091603,-3.7404580152671754
137.17,-0.14628218161585105,25.853717818384148,-2.680107909330815,0.012861111111111113,10.119038580968125,3.418919970703125,6.6319385986328125,6.835445739746094,26.831566511125857,100.95721545352768,66.17851521107187,43.87617816666667,10.246471666666666,25.8,11.648854961832061,11.725190839694656,-2.4122137404580153
137.18,-0.14628218161585105,25.853717818384148,0.0,0.012861111111111113,10.022585702592965,3.404554760742187,6.713341455078124,6.617573388671874,26.831566511125857,100.95721545352768,66.17851521107187,43.87617816666667,10.246471666666666,25.8,8.488549618320612,11.48091603053435,-1.2366412213740459
137.2,-0.14628218161585105,25.853717818384148,0.0,0.012861111111111113,9.995762397842727,3.478775012207031,6.68461103515625,6.567295153808593,26.831566511125857,100.95721545352768,66.17851521107187,43.87617816666667,10.246471666666666,25.8,5.694656488549619,9.374045801526718,-0.732824427480916
137.21,-0.14628218161585105,25.853717818384148,0.0,0.012861111111111113,10.11937987754372,3.478775012207031,6.694187841796874,6.744466076660156,26.831566511125857,100.95721545352768,66.17851521107187,43.87617816666667,10.246471666666666,25.8,4.687022900763359,7.3893129770992365,-1.0687022900763359
137.22,-0.14628218161585105,25.853717818384148,0.0,0.012861111111111113,10.15671506169934,3.706224169921875,6.579266162109374,6.792350109863281,26.831566511125857,100.95721545352768,66.17851521107187,43.87617816666667,10.246471666666666,25.8,5.66412213740458,7.206106870229007,-2.198473282442748
137.23,-0.14628218161585105,25.853717818384148,0.0,0.012861111111111113,10.091453209351325,3.754108203125,6.600813977050781,6.64630380859375,26.831566511125857,100.95721545352768,66.17851521107187,43.87617816666667,10.246471666666666,25.8,8.992366412213741,8.67175572519084,-4.320610687022901
137.24,-0.14628218161585105,25.853717818384148,0.0,0.012861111111111113,10.291066931165437,3.5984850952148437,6.79953271484375,6.835445739746094,26.831566511125857,100.95721545352768,66.17851521107187,43.87617816666667,10.246471666666666,25.8,12.793893129770993,10.091603053435115,-6.442748091603053
137.26,-0.14628218161585105,25.853717818384148,0.0,0.012861111111111113,10.309715356509837,3.366247534179687,6.8785413696289055,6.902483386230468,26.831566511125857,100.95721545352768,66.17851521107187,43.87617816666667,10.246471666666666,25.8,15.572519083969466,11.099236641221374,-6.809160305343512
137.26,-0.14628218161585105,25.853717818384148,0.0,0.012861111111111113,10.309715356509837,3.366247534179687,6.8785413696289055,6.902483386230468,26.831566511125857,100.95721545352768,66.17851521107187,43.87617816666667,10.246471666666666,25.8,15.572519083969466,11.099236641221374,-6.809160305343512
137.27,-0.14628218161585105,25.853717818384148,0.0,0.012861111111111113,10.19644164755323,3.1842882080078123,6.950367419433594,6.746860278320312,26.831566511125857,100.95721545352768,66.17851521107187,43.87617816666667,10.246471666666666,25.8,15.49618320610687,11.664122137404581,-4.824427480916031
137.28,-0.14628218161585105,25.853717818384148,0.0,0.012861111111111113,10.183824218271509,3.0550013183593747,7.017405065917968,6.718129858398437,26.831566511125857,100.95721545352768,66.17851521107187,43.87617816666667,10.246471666666666,25.8,11.48091603053435,10.778625954198473,-1.3740458015267176
137.29,-0.14628218161585105,25.853717818384148,0.0,0.012861111111111113,10.47920295981922,3.258508459472656,7.173028173828125,6.909665991210937,26.831566511125857,100.95721545352768,66.17851521107187,43.87617816666667,10.246471666666666,25.8,5.9541984732824424,8.870229007633588,1.83206106870229
137.3,-0.14628218161585105,25.853717818384148,0.0,0.012861111111111113,10.518230647048947,3.2321722412109373,7.151480358886718,7.003039855957031,26.831566511125857,100.95721545352768,66.17851521107187,43.87617816666667,10.246471666666666,25.8,2.8396946564885495,7.8320610687022905,2.9770992366412212
137.32,-0.14628218161585105,25.853717818384148,0.0,0.012861111111111113,10.492827168762188,3.3351229125976563,7.127538342285156,6.940790612792968,26.831566511125857,100.95721545352768,66.17851521107187,43.87617816666667,10.246471666666666,25.8,1.0076335877862594,7.709923664122138,2.4732824427480917
137.33,-0.14628218161585105,25.853717818384148,0.0,0.012861111111111113,10.522144766384654,3.4907460205078125,7.0844427124023435,6.9527616210937495,26.831566511125857,100.95721545352768,66.17851521107187,43.87617816666667,10.246471666666666,25.8,0.6717557251908397,7.740458015267175,1.3587786259541985
137.34,-0.14628218161585105,25.853717818384148,0.0,0.012861111111111113,10.677848177365748,3.5122938354492184,7.194575988769531,7.0652890991210935,26.831566511125857,100.95721545352768,66.17851521107187,43.87617816666667,10.246471666666666,25.8,1.786259541984733,7.465648854961832,0.7938931297709924
137.35,-0.14628218161585105,25.853717818384148,0.0,0.012861111111111113,10.731367642318343,3.450044592285156,7.259219433593749,7.110778930664062,26.831566511125857,100.95721545352768,66.17851521107187,43.87617816666667,10.246471666666666,25.8,3.5877862595419847,7.893129770992366,1.3129770992366412
137.36,-0.14628218161585105,25.853717818384148,0.0,0.012861111111111113,10.731367642318343,3.450044592285156,7.259219433593749,7.110778930664062,26.831566511125857,100.95721545352768,66.17851521107187,43.87617816666667,10.246471666666666,25.8,3.5877862595419847,7.893129770992366,1.3129770992366412
137.36,-0.14628218161585105,25.853717818384148,0.0,0.012861111111111113,10.794947919610957,3.5218706420898434,7.307103466796875,7.122749938964843,26.831566511125857,100.95721545352768,66.17851521107187,43.87617816666667,10.246471666666666,25.8,4.1679389312977095,9.19083969465649,2.366412213740458
137.38,-0.14628218161585105,25.853717818384148,0.0,0.012861111111111113,11.052755402810728,3.5577836669921874,7.4579381713867186,7.340622290039062,26.831566511125857,100.95721545352768,66.17851521107187,43.87617816666667,10.246471666666666,25.8,4.320610687022901,10.992366412213741,3.1603053435114505
137.39,-0.14628218161585105,25.853717818384148,0.0,0.012861111111111113,11.153837289435206,3.5984850952148437,7.503428002929687,7.426813549804687,26.831566511125857,100.95721545352768,66.17851521107187,43.87617816666667,10.246471666666666,25.8,4.748091603053435,13.664122137404581,2.7022900763358777
137.4,-0.14628218161585105,25.853717818384148,0.0,0.012861111111111113,11.09676982042493,3.6080619018554687,7.5153990112304685,7.323862878417969,26.831566511125857,100.95721545352768,66.17851521107187,43.87617816666667,10.246471666666666,25.8,6.2748091603053435,16.977099236641223,1.9083969465648856
137.41,-0.14628218161585105,25.853717818384148,0.0,0.012861111111111113,11.054160778954538,3.5051112304687497,7.577648254394531,7.244854223632812,26.831566511125857,100.95721545352768,66.17851521107187,43.87617816666667,10.246471666666666,25.8,8.030534351145038,19.908396946564885,1.3587786259541985
137.42,-0.14628218161585105,25.853717818384148,0.0,0.012861111111111113,11.034839868436432,3.414131567382812,7.690175732421874,7.1395093505859375,26.831566511125857,100.95721545352768,66.17851521107187,43.87617816666667,10.246471666666666,25.8,8.748091603053435,21.206106870229007,2.3053435114503817
137.44,-0.14628218161585105,25.853717818384148,0.0,0.012861111111111113,10.770669491444274,3.2321722412109373,7.548917834472656,6.969521032714844,26.831566511125857,100.95721545352768,66.17851521107187,43.87617816666667,10.246471666666666,25.8,7.923664122137405,21.603053435114504,4.534351145038168
137.45,-0.14628218161585105,25.853717818384148,0.0,0.012861111111111113,10.43836778991948,3.1220389648437497,7.4699091796875,6.58884296875,26.831566511125857,100.95721545352768,66.17851521107187,43.87617816666667,10.246471666666666,25.8,6.320610687022901,21.282442748091604,7.3893129770992365
137.45,-0.12151300944447607,25.878486990555523,0.0,0.012861111111111113,10.43836778991948,3.1220389648437497,7.4699091796875,6.58884296875,26.755423973721918,100.95691902370437,66.18027797933522,43.87617816666667,10.246471666666666,25.8,6.320610687022901,21.282442748091604,7.3893129770992365
137.45,-0.12151300944447607,25.878486990555523,0.0,0.012861111111111113,10.43836778991948,3.1220389648437497,7.4699091796875,6.58884296875,26.755423973721918,100.95691902370437,66.18027797933522,43.87617816666667,10.246471666666666,25.8,6.320610687022901,21.282442748091604,7.3893129770992365
137.46,-0.12151300944447607,25.878486990555523,0.0,0.012861111111111113,10.014445285166415,2.8850130004882812,7.182604980468749,6.354211206054687,26.755423973721918,100.95691902370437,66.18027797933522,43.87617816666667,10.246471666666666,25.8,3.3893129770992365,19.6793893129771,9.816793893129772
137.46,-0.12151300944447607,25.878486990555523,0.0,0.012861111111111113,10.014445285166415,2.8850130004882812,7.182604980468749,6.354211206054687,26.755423973721918,100.95691902370437,66.18027797933522,43.87617816666667,10.246471666666666,25.8,3.3893129770992365,19.6793893129771,9.816793893129772
137.47,-0.12151300944447607,25.878486990555523,0.0,0.012861111111111113,9.381556928244374,2.693476867675781,6.754042883300781,5.928043310546875,26.755423973721918,100.95691902370437,66.18027797933522,43.87617816666667,10.246471666666666,25.8,-0.3053435114503817,17.389312977099237,12.442748091603054
137.48,-0.12151300944447607,25.878486990555523,0.0,0.012861111111111113,8.855675870992961,2.559401574707031,6.4356140625,5.518634826660156,26.755423973721918,100.95691902370437,66.18027797933522,43.87617816666667,10.246471666666666,25.8,-3.9236641221374047,14.748091603053435,14.80916030534351
137.5,-0.12151300944447607,25.878486990555523,0.0,0.012861111111111113,8.33601264022489,2.308010400390625,6.102820031738281,5.1882349975585935,26.755423973721918,100.95691902370437,66.18027797933522,43.87617816666667,10.246471666666666,25.8,-7.709923664122138,11.206106870229007,16.427480916030536
137.51,-0.12151300944447607,25.878486990555523,0.0,0.012861111111111113,7.991974963944512,2.2649147705078123,5.786785412597656,5.025429284667968,26.755423973721918,100.95691902370437,66.18027797933522,43.87617816666667,10.246471666666666,25.8,-11.17557251908397,7.679389312977099,17.099236641221374
137.52,-0.12151300944447607,25.878486990555523,0.0,0.012861111111111113,8.123633840730653,2.6312276245117188,5.679046337890624,5.178658190917968,26.755423973721918,100.95691902370437,66.18027797933522,43.87617816666667,10.246471666666666,25.8,-16.717557251908396,5.312977099236641,15.709923664122137
137.53,-0.12151300944447607,25.878486990555523,0.0,0.012861111111111113,8.859848298452038,3.708618371582031,5.793968017578124,5.5832782714843745,26.755423973721918,100.95691902370437,66.18027797933522,43.87617816666667,10.246471666666666,25.8,-17.068702290076335,5.32824427480916,11.374045801526718
137.54,-0.12151300944447607,25.878486990555523,0.0,0.012861111111111113,9.504953150938,4.046200805664062,6.296750366210937,5.858611462402344,26.755423973721918,100.95691902370437,66.18027797933522,43.87617816666667,10.246471666666666,25.8,-5.694656488549619,7.145038167938932,3.450381679389313
137.56,-0.12151300944447607,25.878486990555523,0.0,0.012861111111111113,9.477368266070968,3.5290532470703124,6.4739212890625,5.954379528808594,26.755423973721918,100.95691902370437,66.18027797933522,43.87617816666667,10.246471666666666,25.8,7.9541984732824424,8.274809160305344,-5.801526717557252
137.56,-0.12209582169996347,25.877904178300035,0.0,0.012861111111111113,9.477368266070968,3.5290532470703124,6.4739212890625,5.954379528808594,26.868064609567956,100.95692599861374,66.21240368340126,43.87617816666667,10.246471666666666,25.8,7.9541984732824424,8.274809160305344,-5.801526717557252
137.57,-0.12209582169996347,25.877904178300035,0.0,0.012861111111111113,9.477368266070968,3.5290532470703124,6.4739212890625,5.954379528808594,26.868064609567956,100.95692599861374,66.21240368340126,43.87617816666667,10.246471666666666,25.8,7.9541984732824424,8.274809160305344,-5.801526717557252
137.57,-0.12209582169996347,25.877904178300035,0.0,0.012861111111111113,9.366176259772825,2.9855694702148434,6.667851623535156,5.8610056640625,26.868064609567956,100.95692599861374,66.21240368340126,43.87617816666667,10.246471666666666,25.8,15.297709923664122,8.412213740458014,-10.458015267175572
137.58,-0.12209582169996347,25.877904178300035,0.0,0.012861111111111113,9.426691020484414,2.8610709838867185,6.8593877563476555,5.798756420898437,26.868064609567956,100.95692599861374,66.21240368340126,43.87617816666667,10.246471666666666,25.8,14.793893129770993,6.8396946564885495,-9.511450381679388
137.59,-0.12209582169996347,25.877904178300035,0.0,0.012861111111111113,9.728933821827876,2.863465185546875,6.962338427734375,6.1626750732421876,26.868064609567956,100.95692599861374,66.21240368340126,43.87617816666667,10.246471666666666,25.8,8.534351145038167,3.7557251908396947,-5.816793893129771
137.6,-0.12209582169996347,25.877904178300035,0.0,0.012861111111111113,10.131120834516082,3.27526787109375,7.105990527343749,6.4356140625,26.868064609567956,100.95692599861374,66.21240368340126,43.87617816666667,10.246471666666666,25.8,1.1297709923664123,1.618320610687023,-1.7251908396946565
137.62,-0.12209582169996347,25.877904178300035,0.0,0.012861111111111113,10.45688124988025,3.7804444213867185,7.199364392089843,6.574477758789062,26.868064609567956,100.95692599861374,66.21240368340126,43.87617816666667,10.246471666666666,25.8,-3.236641221374046,0.6870229007633588,1.8778625954198473
137.63,-0.12209582169996347,25.877904178300035,0.0,0.012861111111111113,10.542705189279072,3.83072265625,7.220912207031249,6.658274816894531,26.868064609567956,100.95692599861374,66.21240368340126,43.87617816666667,10.246471666666666,25.8,-4.717557251908397,-0.015267175572519083,5.068702290076335
137.64,-0.12209582169996347,25.877904178300035,0.0,0.012861111111111113,10.833029147385155,4.036623999023437,7.395688928222656,6.809109521484374,26.868064609567956,100.95692599861374,66.21240368340126,43.87617816666667,10.246471666666666,25.8,-4.6106870229007635,-0.5954198473282443,8.198473282442748
137.65,-0.12209582169996347,25.877904178300035,0.0,0.012861111111111113,11.022636886516594,4.120421057128906,7.448361364746093,7.003039855957031,26.868064609567956,100.95692599861374,66.21240368340126,43.87617816666667,10.246471666666666,25.8,-2.351145038167939,-0.5648854961832062,9.923664122137405
137.66,-0.12209582169996347,25.877904178300035,0.0,0.012861111111111113,11.022636886516594,4.120421057128906,7.448361364746093,7.003039855957031,26.868064609567956,100.95692599861374,66.21240368340126,43.87617816666667,10.246471666666666,25.8,-2.351145038167939,-0.5648854961832062,9.923664122137405
137.66,-0.12209582169996347,25.877904178300035,0.0,0.012861111111111113,10.777030387176927,3.9743747558593747,7.398083129882812,6.754042883300781,26.868064609567956,100.95692599861374,66.21240368340126,43.87617816666667,10.246471666666666,25.8,1.8931297709923665,0.8702290076335878,9.038167938931299
137.67,-0.0668645756059072,25.93313542439409,5.523124609410651,0.012861111111111113,10.777030387176927,3.9743747558593747,7.398083129882812,6.754042883300781,26.9124286972763,100.9562650105731,66.21254038325725,43.87617816666667,10.246471666666666,25.8,1.8931297709923665,0.8702290076335878,9.038167938931299
137.68,-0.0668645756059072,25.93313542439409,0.0,0.012861111111111113,10.561166554206341,3.706224169921875,7.400477331542969,6.5601125488281244,26.9124286972763,100.9562650105731,66.21254038325725,43.87617816666667,10.246471666666666,25.8,7.282442748091603,2.946564885496183,6.2748091603053435
137.69,-0.0668645756059072,25.93313542439409,0.0,0.012861111111111113,10.293295276967719,3.5434184570312497,7.302315063476562,6.330269189453125,26.9124286972763,100.9562650105731,66.21254038325725,43.87617816666667,10.246471666666666,25.8,11.312977099236642,4.396946564885496,3.1755725190839694
137.7,-0.0668645756059072,25.93313542439409,0.0,0.012861111111111113,10.154218521840544,3.5410242553710933,7.237671618652343,6.179434484863281,26.9124286972763,100.9562650105731,66.21254038325725,43.87617816666667,10.246471666666666,25.8,13.49618320610687,5.465648854961832,0.8549618320610687
137.71,-0.0668645756059072,25.93313542439409,0.0,0.012861111111111113,10.166816875339084,3.5482068603515624,7.2903440551757805,6.133944653320312,26.9124286972763,100.9562650105731,66.21254038325725,43.87617816666667,10.246471666666666,25.8,14.763358778625955,5.9541984732824424,-0.2595419847328244
137.72,-0.0668645756059072,25.93313542439409,0.0,0.012861111111111113,10.174707502104766,3.5122938354492184,7.316680273437499,6.136338854980468,26.9124286972763,100.9562650105731,66.21254038325725,43.87617816666667,10.246471666666666,25.8,14.198473282442748,6.076335877862595,0.12213740458015267
137.74,-0.0668645756059072,25.93313542439409,0.0,0.012861111111111113,10.27501789205265,3.5793314819335937,7.345410693359375,6.229712719726562,26.9124286972763,100.9562650105731,66.21254038325725,43.87617816666667,10.246471666666666,25.8,13.465648854961833,6.213740458015267,2.0916030534351147
137.75,-0.0668645756059072,25.93313542439409,0.0,0.012861111111111113,10.27456934872923,3.4715924072265625,7.42441934814453,6.196193896484375,26.9124286972763,100.9562650105731,66.21254038325725,43.87617816666667,10.246471666666666,25.8,12.80916030534351,6.396946564885496,4.763358778625954
137.76,-0.0668645756059072,25.93313542439409,0.0,0.012861111111111113,10.183713050210393,3.287238879394531,7.438784558105469,6.129156249999999,26.9124286972763,100.9562650105731,66.21254038325725,43.87617816666667,10.246471666666666,25.8,11.969465648854962,5.969465648854962,7.1603053435114505
137.76,-0.0668645756059072,25.93313542439409,0.0,0.012861111111111113,10.183713050210393,3.287238879394531,7.438784558105469,6.129156249999999,26.9124286972763,100.9562650105731,66.21254038325725,43.87617816666667,10.246471666666666,25.8,11.969465648854962,5.969465648854962,7.1603053435114505
137.77,-0.0668645756059072,25.93313542439409,0.0,0.012861111111111113,10.100451831601937,3.181894006347656,7.400477331542969,6.093243225097656,26.9124286972763,100.9562650105731,66.21254038325725,43.87617816666667,10.246471666666666,25.8,9.83206106870229,4.458015267175573,9.358778625954198
137.78,-0.0668645756059072,25.93313542439409,0.0,0.012861111111111113,9.94415022198244,3.1268273681640624,7.319074475097656,5.961562133789062,26.9124286972763,100.9562650105731,66.21254038325725,43.87617816666667,10.246471666666666,25.8,7.190839694656488,2.213740458015267,10.946564885496183
137.8,-0.0668645756059072,25.93313542439409,0.0,0.012861111111111113,9.892847633485319,3.1938650146484373,7.237671618652343,5.9400143188476555,26.9124286972763,100.9562650105731,66.21254038325725,43.87617816666667,10.246471666666666,25.8,5.1603053435114505,-0.04580152671755725,11.17557251908397
137.81,-0.0668645756059072,25.93313542439409,0.0,0.012861111111111113,9.713850915491209,3.3207577026367185,7.058106494140625,5.7891796142578125,26.9124286972763,100.9562650105731,66.21254038325725,43.87617816666667,10.246471666666666,25.8,4.549618320610687,-1.83206106870229,10.13740458015267
137.81,-0.053507622307920055,25.94649237769208,0.0,0.012861111111111113,9.713850915491209,3.3207577026367185,7.058106494140625,5.7891796142578125,26.91148478029063,100.95610515980117,66.20538349837835,43.87617816666667,10.246471666666666,25.8,4.549618320610687,-1.83206106870229,10.13740458015267
137.82,-0.053507622307920055,25.94649237769208,0.0,0.012861111111111113,9.822429041280225,3.2632968627929686,7.1395093505859375,5.904101293945312,26.91148478029063,100.95610515980117,66.20538349837835,43.87617816666667,10.246471666666666,25.8,4.580152671755725,-2.9770992366412212,8.213740458015268
137.83,-0.053507622307920055,25.94649237769208,0.0,0.012861111111111113,9.920038209056454,3.323151904296875,7.134720947265625,6.038176586914062,26.91148478029063,100.95610515980117,66.20538349837835,43.87617816666667,10.246471666666666,25.8,6.091603053435114,-3.0381679389312977,6.33587786259542
137.84,-0.053507622307920055,25.94649237769208,0.0,0.012861111111111113,9.95223582291751,3.27526787109375,7.146691955566406,6.102820031738281,26.91148478029063,100.95610515980117,66.20538349837835,43.87617816666667,10.246471666666666,25.8,7.480916030534351,-2.3206106870229006,5.267175572519084
137.86,-0.053507622307920055,25.94649237769208,0.0,0.012861111111111113,10.021802987989261,3.2249896362304686,7.208941198730468,6.169857678222656,26.91148478029063,100.95610515980117,66.20538349837835,43.87617816666667,10.246471666666666,25.8,6.412213740458015,-0.7938931297709924,4.0
137.86,-0.053507622307920055,25.94649237769208,0.0,0.012861111111111113,10.021802987989261,3.2249896362304686,7.208941198730468,6.169857678222656,26.91148478029063,100.95610515980117,66.20538349837835,43.87617816666667,10.246471666666666,25.8,6.412213740458015,-0.7938931297709924,4.0
137.87,-0.053507622307920055,25.94649237769208,0.0,0.012861111111111113,10.08831068763956,3.3303345092773435,7.220912207031249,6.208164904785156,26.91148478029063,100.95610515980117,66.20538349837835,43.87617816666667,10.246471666666666,25.8,6.6106870229007635,1.4045801526717556,2.8244274809160306
137.88,-0.053507622307920055,25.94649237769208,0.0,0.001028888888888889,10.08831068763956,3.3303345092773435,7.220912207031249,6.208164904785156,26.91148478029063,100.95610515980117,66.20538349837835,43.87617783333334,10.246471833333333,25.9,6.6106870229007635,1.4045801526717556,2.8244274809160306
137.88,-0.053507622307920055,25.94649237769208,0.0,0.001028888888888889,10.123113561745429,3.220201232910156,7.2903440551757805,6.241683728027343,26.91148478029063,100.95610515980117,66.20538349837835,43.87617783333334,10.246471833333333,25.9,5.969465648854962,2.8702290076335877,1.465648854961832
137.89,-0.053507622307920055,25.94649237769208,0.0,0.001028888888888889,10.098536272241727,3.1938650146484373,7.2903440551757805,6.215347509765625,26.91148478029063,100.95610515980117,66.20538349837835,43.87617783333334,10.246471833333333,25.9,5.740458015267175,3.312977099236641,0.8244274809160306
137.9,-0.053507622307920055,25.94649237769208,0.0,0.001028888888888889,10.11790329757854,3.289633081054687,7.266402038574219,6.224924316406249,26.91148478029063,100.95610515980117,66.20538349837835,43.87617783333334,10.246471833333333,25.9,5.175572519083969,2.351145038167939,0.7786259541984732
137.92,-0.053507622307920055,25.94649237769208,0.0,0.001028888888888889,10.173409115741933,3.2728736694335936,7.268796240234375,6.320692382812499,26.91148478029063,100.95610515980117,66.20538349837835,43.87617783333334,10.246471833333333,25.9,4.99236641221374,1.083969465648855,0.8244274809160306
137.92,-0.05525398107839141,25.94474601892161,0.0,0.001028888888888889,10.173409115741933,3.2728736694335936,7.268796240234375,6.320692382812499,26.909596946348756,100.95612605952553,66.19807491890444,43.87617783333334,10.246471833333333,25.9,4.99236641221374,1.083969465648855,0.8244274809160306
137.93,-0.05525398107839141,25.94474601892161,0.0,0.001028888888888889,10.246179225716261,3.3494881225585935,7.271190441894531,6.394912634277343,26.909596946348756,100.95612605952553,66.19807491890444,43.87617783333334,10.246471833333333,25.9,5.450381679389313,0.015267175572519083,0.6412213740458015
137.94,-0.05525398107839141,25.94474601892161,0.0,0.001028888888888889,10.182465633213834,3.3399113159179685,7.208941198730468,6.368576416015625,26.909596946348756,100.95612605952553,66.19807491890444,43.87617783333334,10.246471833333333,25.9,6.2748091603053435,-0.5648854961832062,0.061068702290076333
137.95,-0.05525398107839141,25.94474601892161,0.0,0.001028888888888889,10.010030014554175,3.2058360229492187,7.182604980468749,6.191405493164062,26.909596946348756,100.95612605952553,66.19807491890444,43.87617783333334,10.246471833333333,25.9,7.816793893129771,-0.8244274809160306,-0.8244274809160306
137.96,-0.05525398107839141,25.94474601892161,0.0,0.001028888888888889,10.010030014554175,3.2058360229492187,7.182604980468749,6.191405493164062,26.909596946348756,100.95612605952553,66.19807491890444,43.87617783333334,10.246471833333333,25.9,7.816793893129771,-0.8244274809160306,-0.8244274809160306
137.96,-0.05525398107839141,25.94474601892161,0.0,0.001028888888888889,10.013354816520577,3.114856359863281,7.175422375488281,6.251260534667968,26.909596946348756,100.95612605952553,66.19807491890444,43.87617783333334,10.246471833333333,25.9,8.229007633587786,-1.083969465648855,-1.1450381679389312
137.98,-0.05525398107839141,25.94474601892161,0.0,0.001028888888888889,9.963632951564575,3.1747114013671873,7.173028173828125,6.143521459960938,26.909596946348756,100.95612605952553,66.19807491890444,43.87617783333334,10.246471833333333,25.9,7.786259541984733,-0.9312977099236641,-1.1603053435114503
137.99,-0.05525398107839141,25.94474601892161,0.0,0.001028888888888889,10.034409924962358,3.0597897216796874,7.244854223632812,6.232106921386718,26.909596946348756,100.95612605952553,66.19807491890444,43.87617783333334,10.246471833333333,25.9,6.595419847328245,-0.061068702290076333,-1.0229007633587786
138.0,-0.05525398107839141,25.94474601892161,0.0,0.001028888888888889,9.957665750412616,3.0047230834960934,7.237671618652343,6.143521459960938,26.909596946348756,100.95612605952553,66.19807491890444,43.87617783333334,10.246471833333333,25.9,4.687022900763359,1.465648854961832,-0.22900763358778625
138.01,-0.05525398107839141,25.94474601892161,0.0,0.001028888888888889,9.982618582281496,3.0980969482421874,7.244854223632812,6.129156249999999,26.909596946348756,100.95612605952553,66.19807491890444,43.87617783333334,10.246471833333333,25.9,2.763358778625954,2.366412213740458,1.5267175572519085
138.02,-0.05525398107839141,25.94474601892161,0.0,0.001028888888888889,10.072640850548614,3.0980969482421874,7.299920861816406,6.210559106445312,26.909596946348756,100.95612605952553,66.19807491890444,43.87617783333334,10.246471833333333,25.9,1.251908396946565,2.0610687022900764,3.4656488549618323
138.03,-0.10823843710351166,25.891761562896487,-5.2984456025168445,0.001028888888888889,10.072640850548614,3.0980969482421874,7.299920861816406,6.210559106445312,26.88820149775347,100.95676015800129,66.19463114064908,43.87617783333334,10.246471833333333,25.9,1.251908396946565,2.0610687022900764,3.4656488549618323
138.04,-0.10823843710351166,25.891761562896487,0.0,0.001028888888888889,10.197541486886815,3.181894006347656,7.275978845214843,6.3973068359375,26.88820149775347,100.95676015800129,66.19463114064908,43.87617783333334,10.246471833333333,25.9,-0.44274809160305345,1.099236641221374,4.564885496183206
138.05,-0.10823843710351166,25.891761562896487,0.0,0.001028888888888889,10.135745204944433,3.3111808959960936,7.225700610351562,6.289567761230469,26.88820149775347,100.95676015800129,66.19463114064908,43.87617783333334,10.246471833333333,25.9,-0.07633587786259542,0.6564885496183206,4.5038167938931295
138.06,-0.10823843710351166,25.891761562896487,0.0,0.001028888888888889,9.96771855788895,3.1483751831054687,7.062894897460937,6.289567761230469,26.88820149775347,100.95676015800129,66.19463114064908,43.87617783333334,10.246471833333333,25.9,1.251908396946565,0.4732824427480916,3.7099236641221376
138.06,-0.10823843710351166,25.891761562896487,0.0,0.001028888888888889,9.96771855788895,3.1483751831054687,7.062894897460937,6.289567761230469,26.88820149775347,100.95676015800129,66.19463114064908,43.87617783333334,10.246471833333333,25.9,1.251908396946565,0.4732824427480916,3.7099236641221376
138.07,-0.10823843710351166,25.891761562896487,0.0,0.001028888888888889,9.870197614284672,3.124433166503906,7.079654309082031,6.1267620483398435,26.88820149775347,100.95676015800129,66.19463114064908,43.87617783333334,10.246471833333333,25.9,2.381679389312977,0.16793893129770993,3.2977099236641223
138.08,-0.10823843710351166,25.891761562896487,0.0,0.001028888888888889,9.927661909759916,3.0837317382812497,7.144297753906249,6.1650692749023435,26.88820149775347,100.95676015800129,66.19463114064908,43.87617783333334,10.246471833333333,25.9,3.0381679389312977,-0.10687022900763359,3.0381679389312977
138.1,-0.10823843710351166,25.891761562896487,0.0,0.001028888888888889,10.00768647362951,3.0454245117187497,7.199364392089843,6.248866333007812,26.88820149775347,100.95676015800129,66.19463114064908,43.87617783333334,10.246471833333333,25.9,2.50381679389313,-0.2748091603053435,2.351145038167939
138.11,-0.10823843710351166,25.891761562896487,0.0,0.001028888888888889,10.13439176974853,3.0980969482421874,7.244854223632812,6.373364819335937,26.88820149775347,100.95676015800129,66.19463114064908,43.87617783333334,10.246471833333333,25.9,0.8396946564885496,0.12213740458015267,2.0763358778625953
138.12,-0.10823843710351166,25.891761562896487,0.0,0.001028888888888889,10.099285512053719,3.1268273681640624,7.240065820312499,6.308721374511719,26.88820149775347,100.95676015800129,66.19463114064908,43.87617783333334,10.246471833333333,25.9,0.10687022900763359,1.0229007633587786,2.7480916030534353
138.13,-0.10823843710351166,25.891761562896487,0.0,0.001028888888888889,10.095893339015726,3.201047619628906,7.137115148925781,6.382941625976562,26.88820149775347,100.95676015800129,66.19463114064908,43.87617783333334,10.246471833333333,25.9,-1.251908396946565,1.251908396946565,4.015267175572519
138.14,-0.11115952482827263,25.888840475171726,-0.2921087724763619,0.001028888888888889,10.095893339015726,3.201047619628906,7.137115148925781,6.382941625976562,26.854220501533565,100.95679511659823,66.17515581437445,43.87617783333334,10.246471833333333,25.9,-1.251908396946565,1.251908396946565,4.015267175572519
138.14,-0.11115952482827263,25.888840475171726,-0.2921087724763619,0.001028888888888889,10.121888974500742,3.402160559082031,7.129932543945312,6.327874987792969,26.854220501533565,100.95679511659823,66.17515581437445,43.87617783333334,10.246471833333333,25.9,-2.8244274809160306,0.3969465648854962,5.3893129770992365
138.16,-0.11115952482827263,25.888840475171726,0.0,0.001028888888888889,10.147024060915065,3.4644098022460934,7.161057165527343,6.299144567871093,26.854220501533565,100.95679511659823,66.17515581437445,43.87617783333334,10.246471833333333,25.9,-2.6717557251908395,-0.8091603053435115,6.076335877862595
138.16,-0.11115952482827263,25.888840475171726,0.0,0.001028888888888889,10.147024060915065,3.4644098022460934,7.161057165527343,6.299144567871093,26.854220501533565,100.95679511659823,66.17515581437445,43.87617783333334,10.246471833333333,25.9,-2.6717557251908395,-0.8091603053435115,6.076335877862595
138.17,-0.11115952482827263,25.888840475171726,0.0,0.001028888888888889,10.096796913399883,3.327940307617187,7.194575988769531,6.253654736328125,26.854220501533565,100.95679511659823,66.17515581437445,43.87617783333334,10.246471833333333,25.9,-1.1450381679389312,-1.1603053435114503,5.435114503816794
138.18,-0.11115952482827263,25.888840475171726,0.0,0.001028888888888889,10.069604602236495,3.1651345947265623,7.225700610351562,6.2584431396484375,26.854220501533565,100.95679511659823,66.17515581437445,43.87617783333334,10.246471833333333,25.9,0.6870229007633588,-0.5190839694656488,3.404580152671756
138.19,-0.11115952482827263,25.888840475171726,0.0,0.001028888888888889,10.005946789885124,3.057395520019531,7.189787585449218,6.251260534667968,26.854220501533565,100.95679511659823,66.17515581437445,43.87617783333334,10.246471833333333,25.9,2.0610687022900764,0.5648854961832062,0.6412213740458015
138.2,-0.11115952482827263,25.888840475171726,0.0,0.001028888888888889,10.078637519320202,3.1124621582031247,7.242460021972656,6.279990954589843,26.854220501533565,100.95679511659823,66.17515581437445,43.87617783333334,10.246471833333333,25.9,2.687022900763359,1.1297709923664123,-2.2595419847328246
138.22,-0.11115952482827263,25.888840475171726,0.0,0.001028888888888889,10.148888954948942,3.2537200561523436,7.247248425292969,6.315903979492187,26.854220501533565,100.95679511659823,66.17515581437445,43.87617783333334,10.246471833333333,25.9,2.732824427480916,0.8091603053435115,-4.900763358778626
138.23,-0.11115952482827263,25.888840475171726,0.0,0.001028888888888889,10.233322323551016,3.3638533325195312,7.240065820312499,6.402095239257812,26.854220501533565,100.95679511659823,66.17515581437445,43.87617783333334,10.246471833333333,25.9,2.763358778625954,0.07633587786259542,-6.793893129770993
138.24,-0.11115952482827263,25.888840475171726,0.0,0.001028888888888889,10.090322491476641,3.318363500976562,7.101202124023437,6.354211206054687,26.854220501533565,100.95679511659823,66.17515581437445,43.87617783333334,10.246471833333333,25.9,3.8931297709923665,-0.7480916030534351,-7.083969465648855
138.25,-0.15313825010051518,25.846861749899485,-4.197872527228074,0.001028888888888889,10.090322491476641,3.318363500976562,7.101202124023437,6.354211206054687,26.818980963344075,100.95729750496808,66.19049786695956,43.87617783333334,10.246471833333333,25.9,3.8931297709923665,-0.7480916030534351,-7.083969465648855
138.25,-0.15313825010051518,25.846861749899485,-4.197872527228074,0.001028888888888889,9.974098141253725,3.2417490478515623,7.1203557373046875,6.186617089843749,26.818980963344075,100.95729750496808,66.19049786695956,43.87617783333334,10.246471833333333,25.9,4.198473282442748,-1.7251908396946565,-5.267175572519084
138.26,-0.15313825010051518,25.846861749899485,0.0,0.001028888888888889,10.10467868237248,3.1866824096679687,7.256825231933593,6.268019946289062,26.818980963344075,100.95729750496808,66.19049786695956,43.87617783333334,10.246471833333333,25.9,3.66412213740458,-2.3053435114503817,-2.030534351145038
138.26,-0.15313825010051518,25.846861749899485,0.0,0.001028888888888889,10.10467868237248,3.1866824096679687,7.256825231933593,6.268019946289062,26.818980963344075,100.95729750496808,66.19049786695956,43.87617783333334,10.246471833333333,25.9,3.66412213740458,-2.3053435114503817,-2.030534351145038
138.26,-0.15313825010051518,25.846861749899485,0.0,0.001028888888888889,10.10467868237248,3.1866824096679687,7.256825231933593,6.268019946289062,26.818980963344075,100.95729750496808,66.19049786695956,43.87617783333334,10.246471833333333,25.9,3.66412213740458,-2.3053435114503817,-2.030534351145038
138.28,-0.15313825010051518,25.846861749899485,0.0,0.001028888888888889,10.044232978902592,3.0334535034179684,7.259219433593749,6.244077929687499,26.818980963344075,100.95729750496808,66.19049786695956,43.87617783333334,10.246471833333333,25.9,2.381679389312977,-1.8625954198473282,0.22900763358778625
138.28,-0.15313825010051518,25.846861749899485,0.0,0.001028888888888889,10.044232978902592,3.0334535034179684,7.259219433593749,6.244077929687499,26.818980963344075,100.95729750496808,66.19049786695956,43.87617783333334,10.246471833333333,25.9,2.381679389312977,-1.8625954198473282,0.22900763358778625
138.29,-0.15313825010051518,25.846861749899485,0.0,0.001028888888888889,10.07606758970414,2.906560815429687,7.352593298339843,6.246472131347656,26.818980963344075,100.95729750496808,66.19049786695956,43.87617783333334,10.246471833333333,25.9,1.4045801526717556,-0.22900763358778625,0.6412213740458015
138.29,-0.15313825010051518,25.846861749899485,0.0,0.001028888888888889,10.07606758970414,2.906560815429687,7.352593298339843,6.246472131347656,26.818980963344075,100.95729750496808,66.19049786695956,43.87617783333334,10.246471833333333,25.9,1.4045801526717556,-0.22900763358778625,0.6412213740458015
138.3,-0.15313825010051518,25.846861749899485,0.0,0.001028888888888889,10.003319792620687,2.932897033691406,7.321468676757812,6.153098266601562,26.818980963344075,100.95729750496808,66.19049786695956,43.87617783333334,10.246471833333333,25.9,0.42748091603053434,1.0076335877862594,-0.42748091603053434
138.3,-0.15313825010051518,25.846861749899485,0.0,0.001028888888888889,10.003319792620687,2.932897033691406,7.321468676757812,6.153098266601562,26.818980963344075,100.95729750496808,66.19049786695956,43.87617783333334,10.246471833333333,25.9,0.42748091603053434,1.0076335877862594,-0.42748091603053434
138.31,-0.15313825010051518,25.846861749899485,0.0,0.001028888888888889,9.971150886635943,3.047818713378906,7.254431030273437,6.124367846679687,26.818980963344075,100.95729750496808,66.19049786695956,43.87617783333334,10.246471833333333,25.9,-0.061068702290076333,0.9465648854961832,-2.50381679389313
138.31,-0.15313825010051518,25.846861749899485,0.0,0.001028888888888889,9.971150886635943,3.047818713378906,7.254431030273437,6.124367846679687,26.818980963344075,100.95729750496808,66.19049786695956,43.87617783333334,10.246471833333333,25.9,-0.061068702290076333,0.9465648854961832,-2.50381679389313
138.32,-0.15313825010051518,25.846861749899485,0.0,0.001028888888888889,9.988928681858573,3.0741549316406247,7.192181787109375,6.212953308105468,26.818980963344075,100.95729750496808,66.19049786695956,43.87617783333334,10.246471833333333,25.9,-0.13740458015267176,-0.32061068702290074,-5.129770992366412
138.32,-0.15313825010051518,25.846861749899485,0.0,0.001028888888888889,9.988928681858573,3.0741549316406247,7.192181787109375,6.212953308105468,26.818980963344075,100.95729750496808,66.19049786695956,43.87617783333334,10.246471833333333,25.9,-0.13740458015267176,-0.32061068702290074,-5.129770992366412
138.34,-0.15313825010051518,25.846861749899485,0.0,0.001028888888888889,10.017159206554851,3.208230224609375,7.201758593749999,6.179434484863281,26.818980963344075,100.95729750496808,66.19049786695956,43.87617783333334,10.246471833333333,25.9,1.3435114503816794,-1.3587786259541985,-7.4961832061068705
138.34,-0.15313825010051518,25.846861749899485,0.0,0.001028888888888889,10.017159206554851,3.208230224609375,7.201758593749999,6.179434484863281,26.818980963344075,100.95729750496808,66.19049786695956,43.87617783333334,10.246471833333333,25.9,1.3435114503816794,-1.3587786259541985,-7.4961832061068705
138.35,-0.15313825010051518,25.846861749899485,0.0,0.001028888888888889,10.153999205665446,3.2632968627929686,7.201758593749999,6.3709706176757805,26.818980963344075,100.95729750496808,66.19049786695956,43.87617783333334,10.246471833333333,25.9,4.015267175572519,-1.7099236641221374,-9.48091603053435
138.35,-0.15313825010051518,25.846861749899485,0.0,0.001028888888888889,10.153999205665446,3.2632968627929686,7.201758593749999,6.3709706176757805,26.818980963344075,100.95729750496808,66.19049786695956,43.87617783333334,10.246471833333333,25.9,4.015267175572519,-1.7099236641221374,-9.48091603053435
138.36,-0.15313825010051518,25.846861749899485,0.0,0.001028888888888889,10.231681230793635,3.227383837890625,7.314286071777343,6.385335827636719,26.818980963344075,100.95729750496808,66.19049786695956,43.87617783333334,10.246471833333333,25.9,7.038167938931298,-0.7633587786259542,-10.564885496183207
138.36,-0.15313825010051518,25.846861749899485,0.0,0.001028888888888889,10.231681230793635,3.227383837890625,7.314286071777343,6.385335827636719,26.818980963344075,100.95729750496808,66.19049786695956,43.87617783333334,10.246471833333333,25.9,7.038167938931298,-0.7633587786259542,-10.564885496183207
138.36,-0.15313825010051518,25.846861749899485,0.0,0.001028888888888889,10.231681230793635,3.227383837890625,7.314286071777343,6.385335827636719,26.818980963344075,100.95729750496808,66.19049786695956,43.87617783333334,10.246471833333333,25.9,7.038167938931298,-0.7633587786259542,-10.564885496183207
138.36,-0.15313825010051518,25.846861749899485,0.0,0.001028888888888889,10.231681230793635,3.227383837890625,7.314286071777343,6.385335827636719,26.818980963344075,100.95729750496808,66.19049786695956,43.87617783333334,10.246471833333333,25.9,7.038167938931298,-0.7633587786259542,-10.564885496183207
138.37,-0.15313825010051518,25.846861749899485,0.0,0.001028888888888889,10.15408021489444,3.0885201416015624,7.311891870117187,6.332663391113281,26.818980963344075,100.95729750496808,66.19049786695956,43.87617783333334,10.246471833333333,25.9,8.702290076335878,0.9007633587786259,-10.641221374045802
138.37,-0.15313825010051518,25.846861749899485,0.0,0.001028888888888889,10.15408021489444,3.0885201416015624,7.311891870117187,6.332663391113281,26.818980963344075,100.95729750496808,66.19049786695956,43.87617783333334,10.246471833333333,25.9,8.702290076335878,0.9007633587786259,-10.641221374045802
138.38,-0.15313825010051518,25.846861749899485,0.0,0.001028888888888889,10.215124775513218,3.0837317382812497,7.400477331542969,6.330269189453125,26.818980963344075,100.95729750496808,66.19049786695956,43.87617783333334,10.246471833333333,25.9,8.51908396946565,2.2442748091603053,-9.526717557251908
138.38,-0.15313825010051518,25.846861749899485,0.0,0.001028888888888889,10.215124775513218,3.0837317382812497,7.400477331542969,6.330269189453125,26.818980963344075,100.95729750496808,66.19049786695956,43.87617783333334,10.246471833333333,25.9,8.51908396946565,2.2442748091603053,-9.526717557251908
138.4,-0.15313825010051518,25.846861749899485,0.0,0.001028888888888889,10.061013967569517,2.923320227050781,7.333439685058593,6.236895324707031,26.818980963344075,100.95729750496808,66.19049786695956,43.87617783333334,10.246471833333333,25.9,8.351145038167939,3.0839694656488548,-8.320610687022901
138.4,-0.15313825010051518,25.846861749899485,0.0,0.001028888888888889,10.061013967569517,2.923320227050781,7.333439685058593,6.236895324707031,26.818980963344075,100.95729750496808,66.19049786695956,43.87617783333334,10.246471833333333,25.9,8.351145038167939,3.0839694656488548,-8.320610687022901
138.41,-0.15313825010051518,25.846861749899485,0.0,0.001028888888888889,9.995104327193323,2.798821740722656,7.352593298339843,6.1650692749023435,26.818980963344075,100.95729750496808,66.19049786695956,43.87617783333334,10.246471833333333,25.9,7.4961832061068705,3.1297709923664123,-6.961832061068702
138.41,-0.15313825010051518,25.846861749899485,0.0,0.001028888888888889,9.995104327193323,2.798821740722656,7.352593298339843,6.1650692749023435,26.818980963344075,100.95729750496808,66.19049786695956,43.87617783333334,10.246471833333333,25.9,7.4961832061068705,3.1297709923664123,-6.961832061068702
138.42,-0.15313825010051518,25.846861749899485,0.0,0.001028888888888889,10.077539776538389,2.7916391357421872,7.390900524902343,6.256048937988281,26.818980963344075,100.95729750496808,66.19049786695956,43.87617783333334,10.246471833333333,25.9,6.290076335877862,2.7480916030534353,-5.877862595419847
138.42,-0.15313825010051518,25.846861749899485,0.0,0.001028888888888889,10.077539776538389,2.7916391357421872,7.390900524902343,6.256048937988281,26.818980963344075,100.95729750496808,66.19049786695956,43.87617783333334,10.246471833333333,25.9,6.290076335877862,2.7480916030534353,-5.877862595419847
138.43,-0.15313825010051518,25.846861749899485,0.0,0.001028888888888889,9.929473904687757,2.849099975585937,7.275978845214843,6.1267620483398435,26.818980963344075,100.95729750496808,66.19049786695956,43.87617783333334,10.246471833333333,25.9,4.442748091603053,2.4885496183206106,-6.244274809160306
138.43,-0.15313825010051518,25.846861749899485,0.0,0.001028888888888889,9.929473904687757,2.849099975585937,7.275978845214843,6.1267620483398435,26.818980963344075,100.95729750496808,66.19049786695956,43.87617783333334,10.246471833333333,25.9,4.442748091603053,2.4885496183206106,-6.244274809160306
138.44,-0.15313825010051518,25.846861749899485,0.0,0.001028888888888889,9.961525359334221,2.980781066894531,7.352593298339843,6.023811376953125,26.818980963344075,100.95729750496808,66.19049786695956,43.87617783333334,10.246471833333333,25.9,3.8625954198473282,2.885496183206107,-8.854961832061068
138.44,-0.15313825010051518,25.846861749899485,0.0,0.001028888888888889,9.961525359334221,2.980781066894531,7.352593298339843,6.023811376953125,26.818980963344075,100.95729750496808,66.19049786695956,43.87617783333334,10.246471833333333,25.9,3.8625954198473282,2.885496183206107,-8.854961832061068
138.46,-0.15313825010051518,25.846861749899485,0.0,0.001028888888888889,10.072130082673057,2.9664158569335934,7.359775903320312,6.203376501464843,26.818980963344075,100.95729750496808,66.19049786695956,43.87617783333334,10.246471833333333,25.9,5.282442748091603,3.7557251908396947,-13.19083969465649
138.46,-0.15313825010051518,25.846861749899485,0.0,0.001028888888888889,10.072130082673057,2.9664158569335934,7.359775903320312,6.203376501464843,26.818980963344075,100.95729750496808,66.19049786695956,43.87617783333334,10.246471833333333,25.9,5.282442748091603,3.7557251908396947,-13.19083969465649
138.46,-0.15313825010051518,25.846861749899485,0.0,0.001028888888888889,10.072130082673057,2.9664158569335934,7.359775903320312,6.203376501464843,26.818980963344075,100.95729750496808,66.19049786695956,43.87617783333334,10.246471833333333,25.9,5.282442748091603,3.7557251908396947,-13.19083969465649
138.46,-0.15313825010051518,25.846861749899485,0.0,0.001028888888888889,10.072130082673057,2.9664158569335934,7.359775903320312,6.203376501464843,26.818980963344075,100.95729750496808,66.19049786695956,43.87617783333334,10.246471833333333,25.9,5.282442748091603,3.7557251908396947,-13.19083969465649
138.47,-0.15313825010051518,25.846861749899485,0.0,0.001028888888888889,10.113070119624263,2.980781066894531,7.357381701660156,6.265625744628906,26.818980963344075,100.95729750496808,66.19049786695956,43.87617783333334,10.246471833333333,25.9,9.068702290076336,5.190839694656488,-17.267175572519083
138.47,-0.15313825010051518,25.846861749899485,0.0,0.001028888888888889,10.113070119624263,2.980781066894531,7.357381701660156,6.265625744628906,26.818980963344075,100.95729750496808,66.19049786695956,43.87617783333334,10.246471833333333,25.9,9.068702290076336,5.190839694656488,-17.267175572519083
138.48,-0.15313825010051518,25.846861749899485,0.0,0.001028888888888889,10.033284776189804,2.849099975585937,7.271190441894531,6.299144567871093,26.818980963344075,100.95729750496808,66.19049786695956,43.87617783333334,10.246471833333333,25.9,12.381679389312977,7.038167938931298,-20.38167938931298
138.48,-0.15313825010051518,25.846861749899485,0.0,0.001028888888888889,10.033284776189804,2.849099975585937,7.271190441894531,6.299144567871093,26.818980963344075,100.95729750496808,66.19049786695956,43.87617783333334,10.246471833333333,25.9,12.381679389312977,7.038167938931298,-20.38167938931298
138.49,-0.15313825010051518,25.846861749899485,0.0,0.001028888888888889,9.84492986089265,2.6048914062499997,7.280767248535156,6.093243225097656,26.818980963344075,100.95729750496808,66.19049786695956,43.87617783333334,10.246471833333333,25.9,15.32824427480916,8.595419847328245,-22.931297709923665
138.49,-0.15313825010051518,25.846861749899485,0.0,0.001028888888888889,9.84492986089265,2.6048914062499997,7.280767248535156,6.093243225097656,26.818980963344075,100.95729750496808,66.19049786695956,43.87617783333334,10.246471833333333,25.9,15.32824427480916,8.595419847328245,-22.931297709923665
138.5,-0.15313825010051518,25.846861749899485,0.0,0.001028888888888889,9.919174877518321,2.346317626953125,7.465120776367187,6.095637426757812,26.818980963344075,100.95729750496808,66.19049786695956,43.87617783333334,10.246471833333333,25.9,17.66412213740458,8.793893129770993,-25.633587786259543
138.5,-0.15313825010051518,25.846861749899485,0.0,0.001028888888888889,9.919174877518321,2.346317626953125,7.465120776367187,6.095637426757812,26.818980963344075,100.95729750496808,66.19049786695956,43.87617783333334,10.246471833333333,25.9,17.66412213740458,8.793893129770993,-25.633587786259543
138.52,-0.15313825010051518,25.846861749899485,0.0,0.001028888888888889,9.977700914503968,2.308010400390625,7.4603323730468745,6.210559106445312,26.818980963344075,100.95729750496808,66.19049786695956,43.87617783333334,10.246471833333333,25.9,18.870229007633586,8.51908396946565,-29.053435114503817
138.52,-0.15313825010051518,25.846861749899485,0.0,0.001028888888888889,9.977700914503968,2.308010400390625,7.4603323730468745,6.210559106445312,26.818980963344075,100.95729750496808,66.19049786695956,43.87617783333334,10.246471833333333,25.9,18.870229007633586,8.51908396946565,-29.053435114503817
138.53,-0.15313825010051518,25.846861749899485,0.0,0.001028888888888889,9.93831176925762,2.4660277099609376,7.338228088378906,6.232106921386718,26.818980963344075,100.95729750496808,66.19049786695956,43.87617783333334,10.246471833333333,25.9,18.717557251908396,9.404580152671755,-32.717557251908396
138.53,-0.28147354407046965,25.71852645592953,0.0,0.001028888888888889,9.93831176925762,2.4660277099609376,7.338228088378906,6.232106921386718,26.751648312373437,100.95883339453383,66.18667396358073,43.87617783333334,10.246471833333333,25.9,18.717557251908396,9.404580152671755,-32.717557251908396
138.53,-0.28147354407046965,25.71852645592953,0.0,0.001028888888888889,9.93831176925762,2.4660277099609376,7.338228088378906,6.232106921386718,26.751648312373437,100.95883339453383,66.18667396358073,43.87617783333334,10.246471833333333,25.9,18.717557251908396,9.404580152671755,-32.717557251908396
138.53,-0.28147354407046965,25.71852645592953,0.0,0.001028888888888889,9.93831176925762,2.4660277099609376,7.338228088378906,6.232106921386718,26.751648312373437,100.95883339453383,66.18667396358073,43.87617783333334,10.246471833333333,25.9,18.717557251908396,9.404580152671755,-32.717557251908396
138.53,-0.28147354407046965,25.71852645592953,0.0,0.001028888888888889,9.93831176925762,2.4660277099609376,7.338228088378906,6.232106921386718,26.751648312373437,100.95883339453383,66.18667396358073,43.87617783333334,10.246471833333333,25.9,18.717557251908396,9.404580152671755,-32.717557251908396
138.53,-0.28147354407046965,25.71852645592953,0.0,0.001028888888888889,9.93831176925762,2.4660277099609376,7.338228088378906,6.232106921386718,26.751648312373437,100.95883339453383,66.18667396358073,43.87617783333334,10.246471833333333,25.9,18.717557251908396,9.404580152671755,-32.717557251908396
138.54,-0.28147354407046965,25.71852645592953,0.0,0.001028888888888889,9.96223311816025,2.7461493041992187,7.283161450195312,6.217741711425781,26.751648312373437,100.95883339453383,66.18667396358073,43.87617783333334,10.246471833333333,25.9,18.885496183206108,11.312977099236642,-35.7557251908397
138.54,-0.28147354407046965,25.71852645592953,0.0,0.001028888888888889,9.96223311816025,2.7461493041992187,7.283161450195312,6.217741711425781,26.751648312373437,100.95883339453383,66.18667396358073,43.87617783333334,10.246471833333333,25.9,18.885496183206108,11.312977099236642,-35.7557251908397
138.55,-0.28147354407046965,25.71852645592953,0.0,0.001028888888888889,10.107685963644094,2.8802245971679685,7.278373046874999,6.394912634277343,26.751648312373437,100.95883339453383,66.18667396358073,43.87617783333334,10.246471833333333,25.9,20.213740458015266,14.01526717557252,-36.85496183206107
138.55,-0.28147354407046965,25.71852645592953,0.0,0.001028888888888889,10.107685963644094,2.8802245971679685,7.278373046874999,6.394912634277343,26.751648312373437,100.95883339453383,66.18667396358073,43.87617783333334,10.246471833333333,25.9,20.213740458015266,14.01526717557252,-36.85496183206107
138.56,-0.28147354407046965,25.71852645592953,0.0,0.001028888888888889,10.107685963644094,2.8802245971679685,7.278373046874999,6.394912634277343,26.751648312373437,100.95883339453383,66.18667396358073,43.87617783333334,10.246471833333333,25.9,20.213740458015266,14.01526717557252,-36.85496183206107
138.56,-0.28147354407046965,25.71852645592953,0.0,0.001028888888888889,10.167371653943201,3.0071172851562498,7.220912207031249,6.495469104003906,26.751648312373437,100.95883339453383,66.18667396358073,43.87617783333334,10.246471833333333,25.9,21.908396946564885,17.435114503816795,-34.36641221374046
138.56,-0.28147354407046965,25.71852645592953,0.0,0.001028888888888889,10.167371653943201,3.0071172851562498,7.220912207031249,6.495469104003906,26.751648312373437,100.95883339453383,66.18667396358073,43.87617783333334,10.246471833333333,25.9,21.908396946564885,17.435114503816795,-34.36641221374046
138.56,-0.28147354407046965,25.71852645592953,0.0,0.001028888888888889,10.167371653943201,3.0071172851562498,7.220912207031249,6.495469104003906,26.751648312373437,100.95883339453383,66.18667396358073,43.87617783333334,10.246471833333333,25.9,21.908396946564885,17.435114503816795,-34.36641221374046
138.58,-0.28147354407046965,25.71852645592953,0.0,0.001028888888888889,10.20220485945842,3.5697546752929687,7.017405065917968,6.488286499023437,26.751648312373437,100.95883339453383,66.18667396358073,43.87617783333334,10.246471833333333,25.9,16.519083969465647,20.778625954198475,-25.099236641221374
138.58,-0.28147354407046965,25.71852645592953,0.0,0.001028888888888889,10.20220485945842,3.5697546752929687,7.017405065917968,6.488286499023437,26.751648312373437,100.95883339453383,66.18667396358073,43.87617783333334,10.246471833333333,25.9,16.519083969465647,20.778625954198475,-25.099236641221374
138.59,-0.28147354407046965,25.71852645592953,0.0,0.001028888888888889,10.761984399592446,4.6447512207031245,7.204152795410156,6.507440112304687,26.751648312373437,100.95883339453383,66.18667396358073,43.87617783333334,10.246471833333333,25.9,2.015267175572519,22.15267175572519,-4.549618320610687
138.59,-0.28147354407046965,25.71852645592953,0.0,0.001028888888888889,10.761984399592446,4.6447512207031245,7.204152795410156,6.507440112304687,26.751648312373437,100.95883339453383,66.18667396358073,43.87617783333334,10.246471833333333,25.9,2.015267175572519,22.15267175572519,-4.549618320610687
138.6,-0.28147354407046965,25.71852645592953,0.0,0.001028888888888889,11.036783791074804,4.774038110351563,7.249642626953125,6.816292126464844,26.751648312373437,100.95883339453383,66.18667396358073,43.87617783333334,10.246471833333333,25.9,-21.221374045801525,20.778625954198475,31.114503816793892
138.6,-0.28147354407046965,25.71852645592953,0.0,0.001028888888888889,11.036783791074804,4.774038110351563,7.249642626953125,6.816292126464844,26.751648312373437,100.95883339453383,66.18667396358073,43.87617783333334,10.246471833333333,25.9,-21.221374045801525,20.778625954198475,31.114503816793892
138.61,-0.28147354407046965,25.71852645592953,0.0,0.001028888888888889,11.334965386736064,4.580107775878906,7.48906279296875,7.170633972167968,26.751648312373437,100.95883339453383,66.18667396358073,43.87617783333334,10.246471833333333,25.9,-44.6412213740458,19.893129770992367,82.8854961832061
138.61,-0.28147354407046965,25.71852645592953,0.0,0.001028888888888889,11.334965386736064,4.580107775878906,7.48906279296875,7.170633972167968,26.751648312373437,100.95883339453383,66.18667396358073,43.87617783333334,10.246471833333333,25.9,-44.6412213740458,19.893129770992367,82.8854961832061
138.62,-0.28147354407046965,25.71852645592953,0.0,0.001028888888888889,11.057288266430993,3.9408559326171875,7.46272657470703,7.144297753906249,26.751648312373437,100.95883339453383,66.18667396358073,43.87617783333334,10.246471833333333,25.9,-64.25954198473282,23.984732824427482,142.3053435114504
138.62,-0.28147354407046965,25.71852645592953,0.0,0.001028888888888889,11.057288266430993,3.9408559326171875,7.46272657470703,7.144297753906249,26.751648312373437,100.95883339453383,66.18667396358073,43.87617783333334,10.246471833333333,25.9,-64.25954198473282,23.984732824427482,142.3053435114504
138.64,-0.28147354407046965,25.71852645592953,0.0,0.001028888888888889,9.697121166817569,3.0909143432617188,6.6319385986328125,6.363788012695312,26.751648312373437,100.95883339453383,66.18667396358073,43.87617783333334,10.246471833333333,25.9,-83.69465648854961,34.458015267175576,199.1145038167939
138.64,-0.28147354407046965,25.71852645592953,0.0,0.001028888888888889,9.697121166817569,3.0909143432617188,6.6319385986328125,6.363788012695312,26.751648312373437,100.95883339453383,66.18667396358073,43.87617783333334,10.246471833333333,25.9,-83.69465648854961,34.458015267175576,199.1145038167939
138.65,-0.28147354407046965,25.71852645592953,0.0,0.001028888888888889,9.499913724732922,3.105279553222656,7.311891870117187,5.209782812499999,26.751648312373437,100.95883339453383,66.18667396358073,43.87617783333334,10.246471833333333,25.9,-101.81679389312977,47.32824427480916,245.9236641221374
138.65,-0.28147354407046965,25.71852645592953,0.0,0.001028888888888889,9.499913724732922,3.105279553222656,7.311891870117187,5.209782812499999,26.751648312373437,100.95883339453383,66.18667396358073,43.87617783333334,10.246471833333333,25.9,-101.81679389312977,47.32824427480916,245.9236641221374
138.66,-0.28147354407046965,25.71852645592953,0.0,0.001028888888888889,10.402944244112389,2.760514514160156,8.748412866210938,4.905719201660156,26.751648312373437,100.95883339453383,66.18667396358073,43.87617783333334,10.246471833333333,25.9,-118.99236641221374,53.41984732824427,270.29007633587787
138.66,-0.1780450867280292,25.82195491327197,0.0,0.001028888888888889,10.402944244112389,2.760514514160156,8.748412866210938,4.905719201660156,26.863974304701514,100.95759558322403,66.2047408239571,43.87617783333334,10.246471833333333,25.9,-118.99236641221374,53.41984732824427,270.29007633587787
138.66,-0.1780450867280292,25.82195491327197,0.0,0.001028888888888889,10.402944244112389,2.760514514160156,8.748412866210938,4.905719201660156,26.863974304701514,100.95759558322403,66.2047408239571,43.87617783333334,10.246471833333333,25.9,-118.99236641221374,53.41984732824427,270.29007633587787
138.66,-0.1780450867280292,25.82195491327197,0.0,0.001028888888888889,10.402944244112389,2.760514514160156,8.748412866210938,4.905719201660156,26.863974304701514,100.95759558322403,66.2047408239571,43.87617783333334,10.246471833333333,25.9,-118.99236641221374,53.41984732824427,270.29007633587787
138.66,-0.1780450867280292,25.82195491327197,0.0,0.001028888888888889,10.402944244112389,2.760514514160156,8.748412866210938,4.905719201660156,26.863974304701514,100.95759558322403,66.2047408239571,43.87617783333334,10.246471833333333,25.9,-118.99236641221374,53.41984732824427,270.29007633587787
138.66,-0.1780450867280292,25.82195491327197,0.0,0.001028888888888889,10.402944244112389,2.760514514160156,8.748412866210938,4.905719201660156,26.863974304701514,100.95759558322403,66.2047408239571,43.87617783333334,10.246471833333333,25.9,-118.99236641221374,53.41984732824427,270.29007633587787
138.67,-0.1780450867280292,25.82195491327197,0.0,0.001028888888888889,10.321419740346471,3.1747114013671873,8.614337573242187,4.716577270507813,26.863974304701514,100.95759558322403,66.2047408239571,43.87617783333334,10.246471833333333,25.9,-128.12213740458014,49.64885496183206,263.80152671755724
138.67,-0.1780450867280292,25.82195491327197,0.0,0.001028888888888889,10.321419740346471,3.1747114013671873,8.614337573242187,4.716577270507813,26.863974304701514,100.95759558322403,66.2047408239571,43.87617783333334,10.246471833333333,25.9,-128.12213740458014,49.64885496183206,263.80152671755724
138.68,-0.1780450867280292,25.82195491327197,0.0,0.001028888888888889,9.720511223823662,2.959233251953125,8.142679846191406,4.407725256347656,26.863974304701514,100.95759558322403,66.2047408239571,43.87617783333334,10.246471833333333,25.9,-119.00763358778626,40.83969465648855,232.0763358778626
138.68,-0.1780450867280292,25.82195491327197,0.0,0.001028888888888889,9.720511223823662,2.959233251953125,8.142679846191406,4.407725256347656,26.863974304701514,100.95759558322403,66.2047408239571,43.87617783333334,10.246471833333333,25.9,-119.00763358778626,40.83969465648855,232.0763358778626
138.7,-0.1780450867280292,25.82195491327197,0.0,0.001028888888888889,9.055327730528271,2.427720483398437,7.60398447265625,4.276044165039062,26.863974304701514,100.95759558322403,66.2047408239571,43.87617783333334,10.246471833333333,25.9,-99.20610687022901,31.69465648854962,186.9618320610687
138.7,-0.1780450867280292,25.82195491327197,0.0,0.001028888888888889,9.055327730528271,2.427720483398437,7.60398447265625,4.276044165039062,26.863974304701514,100.95759558322403,66.2047408239571,43.87617783333334,10.246471833333333,25.9,-99.20610687022901,31.69465648854962,186.9618320610687
138.71,-0.1780450867280292,25.82195491327197,0.0,0.001028888888888889,8.15855051659977,2.4851813232421875,6.533776330566406,4.206612316894531,26.863974304701514,100.95759558322403,66.2047408239571,43.87617783333334,10.246471833333333,25.9,-78.1526717557252,25.84732824427481,139.49618320610688
138.71,-0.1780450867280292,25.82195491327197,0.0,0.001028888888888889,8.15855051659977,2.4851813232421875,6.533776330566406,4.206612316894531,26.863974304701514,100.95759558322403,66.2047408239571,43.87617783333334,10.246471833333333,25.9,-78.1526717557252,25.84732824427481,139.49618320610688
138.72,-0.1780450867280292,25.82195491327197,0.0,0.001028888888888889,7.403630716373297,2.932897033691406,5.7508723876953125,3.6248213134765623,26.863974304701514,100.95759558322403,66.2047408239571,43.87617783333334,10.246471833333333,25.9,-62.47328244274809,23.51145038167939,92.68702290076335
138.73,-0.1780450867280292,25.82195491327197,0.0,0.001028888888888889,7.783781207509204,4.2688615600585935,5.6766521362304685,3.1842882080078123,26.863974304701514,100.95759558322403,66.2047408239571,43.87617783333334,10.246471833333333,25.9,-56.74809160305343,22.793893129770993,42.458015267175576
138.74,-0.1780450867280292,25.82195491327197,0.0,0.001028888888888889,8.962877387366396,5.482721801757812,5.853823059082031,4.000710974121094,26.863974304701514,100.95759558322403,66.2047408239571,43.87617783333334,10.246471833333333,25.9,-51.603053435114504,23.66412213740458,-15.587786259541986
138.76,-0.1780450867280292,25.82195491327197,0.0,0.001028888888888889,10.965674395853876,6.777984899902344,7.137115148925781,4.833893151855468,26.863974304701514,100.95759558322403,66.2047408239571,43.87617783333334,10.246471833333333,25.9,-44.045801526717554,30.290076335877863,-82.36641221374046
138.76,-0.1780450867280292,25.82195491327197,0.0,0.001028888888888889,10.965674395853876,6.777984899902344,7.137115148925781,4.833893151855468,26.863974304701514,100.95759558322403,66.2047408239571,43.87617783333334,10.246471833333333,25.9,-44.045801526717554,30.290076335877863,-82.36641221374046
138.77,-0.1780450867280292,25.82195491327197,0.0,0.001028888888888889,12.062595528323962,7.6231380859375,8.130708837890625,4.613626599121093,26.863974304701514,100.95759558322403,66.2047408239571,43.87617783333334,10.246471833333333,25.9,-33.98473282442748,42.56488549618321,-152.51908396946564
138.77,-0.12253919220437837,25.87746080779562,0.0,0.001028888888888889,12.062595528323962,7.6231380859375,8.130708837890625,4.613626599121093,26.94452188063351,100.95693130472951,66.21070299321511,43.87617783333334,10.246471833333333,25.9,-33.98473282442748,42.56488549618321,-152.51908396946564
138.78,-0.12253919220437837,25.87746080779562,0.0,0.001028888888888889,12.957301045543767,9.409212524414063,7.733271362304687,4.422090466308593,26.94452188063351,100.95693130472951,66.21070299321511,43.87617783333334,10.246471833333333,25.9,-5.862595419847328,50.916030534351144,-210.73282442748092
138.79,-0.12253919220437837,25.87746080779562,0.0,0.001028888888888889,12.84990313349075,9.600748657226562,7.091625317382812,4.759672900390624,26.94452188063351,100.95693130472951,66.21070299321511,43.87617783333334,10.246471833333333,25.9,32.35114503816794,43.80152671755725,-239.86259541984734
138.8,-0.12253919220437837,25.87746080779562,0.0,0.001028888888888889,11.880566862494687,8.176198669433592,7.0269818725585935,4.991910461425781,26.94452188063351,100.95693130472951,66.21070299321511,43.87617783333334,10.246471833333333,25.9,67.83206106870229,22.16793893129771,-222.4885496183206
138.82,-0.12253919220437837,25.87746080779562,0.0,0.001028888888888889,11.599111419747887,6.452373474121093,8.097190014648437,5.228936425781249,26.94452188063351,100.95693130472951,66.21070299321511,43.87617783333334,10.246471833333333,25.9,75.09923664122137,-3.4198473282442747,-149.58778625954199
138.83,-0.12253919220437837,25.87746080779562,0.0,0.001028888888888889,11.762372845949347,4.316745593261719,8.892064965820312,6.375759020996093,26.94452188063351,100.95693130472951,66.21070299321511,43.87617783333334,10.246471833333333,25.9,51.11450381679389,-21.435114503816795,-25.740458015267176
138.84,-0.12253919220437837,25.87746080779562,0.0,0.001028888888888889,11.916047974875443,4.331110803222656,9.53131680908203,5.691017346191406,26.94452188063351,100.95693130472951,66.21070299321511,43.87617783333334,10.246471833333333,25.9,7.587786259541985,-25.51145038167939,125.63358778625954
138.85,-0.12253919220437837,25.87746080779562,0.0,0.001028888888888889,10.525496777915972,3.208230224609375,8.91840118408203,4.57771357421875,26.94452188063351,100.95693130472951,66.21070299321511,43.87617783333334,10.246471833333333,25.9,-49.37404580152672,-16.12213740458015,262.9618320610687
138.86,-0.12253919220437837,25.87746080779562,0.0,0.001028888888888889,10.525496777915972,3.208230224609375,8.91840118408203,4.57771357421875,26.94452188063351,100.95693130472951,66.21070299321511,43.87617783333334,10.246471833333333,25.9,-49.37404580152672,-16.12213740458015,262.9618320610687
138.86,-0.12253919220437837,25.87746080779562,0.0,0.001028888888888889,9.912498567892781,3.612850305175781,8.391676818847655,3.845087866210937,26.94452188063351,100.95693130472951,66.21070299321511,43.87617783333334,10.246471833333333,25.9,-95.93893129770993,1.6946564885496183,353.31297709923666
138.88,-0.12253919220437837,25.87746080779562,0.0,0.001028888888888889,10.016314833439292,4.915296008300781,7.979874133300781,3.5338416503906247,26.94452188063351,100.95693130472951,66.21070299321511,43.87617783333334,10.246471833333333,25.9,-138.85496183206106,20.458015267175572,377.618320610687
138.88,-0.08731381856767806,25.91268618143232,0.0,0.001028888888888889,10.016314833439292,4.915296008300781,7.979874133300781,3.5338416503906247,26.96717589925156,100.9565097394799,66.20734623820374,43.87617783333334,10.246471833333333,25.9,-138.85496183206106,20.458015267175572,377.618320610687
138.89,-0.08731381856767806,25.91268618143232,0.0,0.00926,10.016314833439292,4.915296008300781,7.979874133300781,3.5338416503906247,26.96717589925156,100.9565097394799,66.20734623820374,43.87617766666666,10.246472333333333,25.9,-138.85496183206106,20.458015267175572,377.618320610687
138.89,-0.08731381856767806,25.91268618143232,0.0,0.00926,9.96712621140163,5.355829113769531,7.333439685058593,4.108450048828125,26.96717589925156,100.9565097394799,66.20734623820374,43.87617766666666,10.246472333333333,25.9,-160.50381679389312,32.10687022900763,326.412213740458
138.9,-0.08731381856767806,25.91268618143232,0.0,0.00926,8.771756311976088,5.272032055664062,6.4834980957031245,2.6671406494140624,26.96717589925156,100.9565097394799,66.20734623820374,43.87617766666666,10.246472333333333,25.9,-145.6030534351145,37.221374045801525,211.54198473282443
138.91,-0.08731381856767806,25.91268618143232,0.0,0.00926,7.396169845616563,5.614402893066406,4.551377355957031,1.5705962890624998,26.96717589925156,100.9565097394799,66.20734623820374,43.87617766666666,10.246472333333333,25.9,-94.73282442748092,34.961832061068705,63.51145038167939
138.92,-0.08731381856767806,25.91268618143232,0.0,0.00926,7.394270795515891,5.923254907226562,4.201823913574218,1.3910311645507811,26.96717589925156,100.9565097394799,66.20734623820374,43.87617766666666,10.246472333333333,25.9,-26.65648854961832,28.442748091603054,-86.04580152671755
138.94,-0.08731381856767806,25.91268618143232,0.0,0.00926,8.324847465990404,5.683834741210937,5.6574985229492185,2.233790148925781,26.96717589925156,100.9565097394799,66.20734623820374,43.87617766666666,10.246472333333333,25.9,24.427480916030536,20.03053435114504,-209.86259541984734
138.95,-0.08731381856767806,25.91268618143232,0.0,0.00926,10.300521411283547,6.737283471679687,7.37414111328125,2.5163059448242184,26.96717589925156,100.9565097394799,66.20734623820374,43.87617766666666,10.246472333333333,25.9,51.786259541984734,14.977099236641221,-287.3435114503817
138.96,-0.08731381856767806,25.91268618143232,0.0,0.00926,13.217401200594136,9.64623848876953,8.537723120117187,2.959233251953125,26.96717589925156,100.9565097394799,66.20734623820374,43.87617766666666,10.246472333333333,25.9,68.59541984732824,13.786259541984732,-319.9541984732824
138.96,-0.08731381856767806,25.91268618143232,0.0,0.00926,13.217401200594136,9.64623848876953,8.537723120117187,2.959233251953125,26.96717589925156,100.9565097394799,66.20734623820374,43.87617766666666,10.246472333333333,25.9,68.59541984732824,13.786259541984732,-319.9541984732824
138.97,-0.08731381856767806,25.91268618143232,0.0,0.00926,13.201856560605009,9.524134204101562,8.058882788085937,4.316745593261719,26.96717589925156,100.9565097394799,66.20734623820374,43.87617766666666,10.246472333333333,25.9,75.78625954198473,8.381679389312977,-312.59541984732823
138.98,-0.08731381856767806,25.91268618143232,0.0,0.00926,12.021765509485775,7.544129431152343,8.06367119140625,4.752490295410156,26.96717589925156,100.9565097394799,66.20734623820374,43.87617766666666,10.246472333333333,25.9,82.09160305343511,-6.305343511450381,-251.58778625954199
138.99,-0.04613769597502149,25.95386230402498,4.117612259257699,0.00926,12.021765509485775,7.544129431152343,8.06367119140625,4.752490295410156,26.950185384757606,100.95601695950461,66.21161507550188,43.87617766666666,10.246472333333333,25.9,82.09160305343511,-6.305343511450381,-251.58778625954199
139.0,-0.04613769597502149,25.95386230402498,0.0,0.00926,13.171192501605235,7.666233715820312,9.026140258789061,5.76523759765625,26.950185384757606,100.95601695950461,66.21161507550188,43.87617766666666,10.246472333333333,25.9,77.92366412213741,-25.0381679389313,-128.68702290076337
139.01,-0.04613769597502149,25.95386230402498,0.0,0.00926,13.635510886056137,6.995857250976562,9.995791931152343,6.0884548217773435,26.950185384757606,100.95601695950461,66.21161507550188,43.87617766666666,10.246472333333333,25.9,54.458015267175576,-36.0,31.00763358778626
139.02,-0.04613769597502149,25.95386230402498,0.0,0.00926,11.251701946470892,4.685452648925781,8.611943371582031,5.521029028320312,26.950185384757606,100.95601695950461,66.21161507550188,43.87617766666666,10.246472333333333,25.9,16.50381679389313,-36.82442748091603,188.04580152671755
139.03,-0.04613769597502149,25.95386230402498,0.0,0.00926,9.601649276631235,2.4588451049804685,8.63827958984375,3.394977954101562,26.950185384757606,100.95601695950461,66.21161507550188,43.87617766666666,10.246472333333333,25.9,-31.00763358778626,-30.748091603053435,307.8473282442748
139.04,-0.04613769597502149,25.95386230402498,0.0,0.00926,9.41022193392154,3.0502129150390624,8.51617530517578,2.592920397949219,26.950185384757606,100.95601695950461,66.21161507550188,43.87617766666666,10.246472333333333,25.9,-74.19847328244275,-22.85496183206107,362.5648854961832
139.06,-0.04613769597502149,25.95386230402498,0.0,0.00926,8.551846024321838,4.187458703613281,6.6702458251953125,3.3327287109375,26.950185384757606,100.95601695950461,66.21161507550188,43.87617766666666,10.246472333333333,25.9,-104.65648854961832,-15.297709923664122,329.5267175572519
139.06,-0.04613769597502149,25.95386230402498,0.0,0.00926,8.551846024321838,4.187458703613281,6.6702458251953125,3.3327287109375,26.950185384757606,100.95601695950461,66.21161507550188,43.87617766666666,10.246472333333333,25.9,-104.65648854961832,-15.297709923664122,329.5267175572519
139.07,-0.04613769597502149,25.95386230402498,0.0,0.00926,7.459900159488935,4.843469958496094,4.862623571777344,2.923320227050781,26.950185384757606,100.95601695950461,66.21161507550188,43.87617766666666,10.246472333333333,25.9,-106.03053435114504,-3.2213740458015265,214.4732824427481
139.08,-0.04613769597502149,25.95386230402498,0.0,0.00926,7.054353795504214,5.865794067382812,3.6942531616210936,1.3072341064453123,26.950185384757606,100.95601695950461,66.21161507550188,43.87617766666666,10.246472333333333,25.9,-74.68702290076335,11.419847328244275,49.83206106870229
139.09,-0.04613769597502149,25.95386230402498,0.0,0.00926,8.23418685725077,6.718129858398437,4.295197778320312,2.0542250244140625,26.950185384757606,100.95601695950461,66.21161507550188,43.87617766666666,10.246472333333333,25.9,-9.557251908396946,17.72519083969466,-115.08396946564885
139.1,-0.11941897795381573,25.880581022046183,-7.328128197886089,0.00926,8.23418685725077,6.718129858398437,4.295197778320312,2.0542250244140625,26.91714828235199,100.95689396301273,66.20629529230301,43.87617766666666,10.246472333333333,25.9,-9.557251908396946,17.72519083969466,-115.08396946564885
139.1,-0.11941897795381573,25.880581022046183,-7.328128197886089,0.00926,9.94173378196322,5.872976672363281,6.9719152343749995,3.967192150878906,26.91714828235199,100.95689396301273,66.20629529230301,43.87617766666666,10.246472333333333,25.9,41.725190839694655,18.900763358778626,-236.21374045801528
139.12,-0.11941897795381573,25.880581022046183,0.0,0.00926,11.650774957332295,5.779602807617187,9.052476477050782,4.515464331054687,26.91714828235199,100.95689396301273,66.20629529230301,43.87617766666666,10.246472333333333,25.9,65.3587786259542,26.458015267175572,-293.31297709923666
139.13,-0.11941897795381573,25.880581022046183,0.0,0.00926,13.107277787206895,7.522581616210937,9.792284790039062,4.395754248046875,26.91714828235199,100.95689396301273,66.20629529230301,43.87617766666666,10.246472333333333,25.9,62.6412213740458,31.66412213740458,-289.2519083969466
139.14,-0.11941897795381573,25.880581022046183,0.0,0.00926,12.61136560127292,7.244854223632812,9.459490759277344,4.132392065429687,26.91714828235199,100.95689396301273,66.20629529230301,43.87617766666666,10.246472333333333,25.9,42.274809160305345,18.763358778625953,-229.80152671755727
139.15,-0.11941897795381573,25.880581022046183,0.0,0.00926,12.390122206691577,7.958326318359375,7.898471276855468,5.272032055664062,26.91714828235199,100.95689396301273,66.20629529230301,43.87617766666666,10.246472333333333,25.9,23.16030534351145,-10.916030534351146,-118.42748091603053
139.16,-0.11941897795381573,25.880581022046183,0.0,0.00926,12.390122206691577,7.958326318359375,7.898471276855468,5.272032055664062,26.91714828235199,100.95689396301273,66.20629529230301,43.87617766666666,10.246472333333333,25.9,23.16030534351145,-10.916030534351146,-118.42748091603053
139.16,-0.11941897795381573,25.880581022046183,0.0,0.00926,11.910016500647028,7.809885815429687,7.125144140624999,5.485116003417969,26.91714828235199,100.95689396301273,66.20629529230301,43.87617766666666,10.246472333333333,25.9,-2.50381679389313,-38.67175572519084,23.358778625954198
139.18,-0.11941897795381573,25.880581022046183,0.0,0.00926,11.107686440303782,7.4579381713867186,6.495469104003906,5.05655390625,26.91714828235199,100.95689396301273,66.20629529230301,43.87617766666666,10.246472333333333,25.9,-35.038167938931295,-48.50381679389313,165.75572519083968
139.19,-0.11941897795381573,25.880581022046183,0.0,0.00926,10.686884858582916,6.804321118164062,6.665457421875,4.84586416015625,26.91714828235199,100.95689396301273,66.20629529230301,43.87617766666666,10.246472333333333,25.9,-68.67175572519083,-39.29770992366412,278.4580152671756
139.2,-0.11941897795381573,25.880581022046183,0.0,0.00926,10.90834798366701,6.342240197753906,7.745242370605468,4.333505004882812,26.91714828235199,100.95689396301273,66.20629529230301,43.87617766666666,10.246472333333333,25.9,-96.30534351145039,-16.35114503816794,335.00763358778624
139.21,-0.15964746440892075,25.84035253559108,-4.022848645502727,0.00926,10.90834798366701,6.342240197753906,7.745242370605468,4.333505004882812,26.8787623308599,100.9573754054082,66.200116324037,43.87617766666666,10.246472333333333,25.9,-96.30534351145039,-16.35114503816794,335.00763358778624
139.21,-0.15964746440892075,25.84035253559108,-4.022848645502727,0.00926,10.68750837891154,6.0908490234374995,7.860164050292968,3.9169139160156248,26.8787623308599,100.9573754054082,66.200116324037,43.87617766666666,10.246472333333333,25.9,-120.47328244274809,9.129770992366412,320.76335877862596
139.22,-0.15964746440892075,25.84035253559108,0.0,0.00926,8.933313110042205,5.1140147460937495,6.643909606933593,3.0837317382812497,26.8787623308599,100.9573754054082,66.200116324037,43.87617766666666,10.246472333333333,25.9,-118.38167938931298,33.06870229007634,235.05343511450383
139.24,-0.15964746440892075,25.84035253559108,0.0,0.00926,7.409454983367512,5.109226342773437,5.334281298828125,0.584185205078125,26.8787623308599,100.9573754054082,66.200116324037,43.87617766666666,10.246472333333333,25.9,-84.10687022900764,47.7557251908397,101.08396946564885
139.25,-0.15964746440892075,25.84035253559108,0.0,0.00926,7.1271925137025764,4.453215087890625,5.418078356933593,1.2689268798828124,26.8787623308599,100.9573754054082,66.200116324037,43.87617766666666,10.246472333333333,25.9,-19.206106870229007,44.70229007633588,-44.88549618320611
139.26,-0.15964746440892075,25.84035253559108,0.0,0.00926,8.677508046257742,5.295974072265625,6.536170532226562,2.128445275878906,26.8787623308599,100.9573754054082,66.200116324037,43.87617766666666,10.246472333333333,25.9,33.465648854961835,34.916030534351144,-165.14503816793894
139.26,-0.15964746440892075,25.84035253559108,0.0,0.00926,8.677508046257742,5.295974072265625,6.536170532226562,2.128445275878906,26.8787623308599,100.9573754054082,66.200116324037,43.87617766666666,10.246472333333333,25.9,33.465648854961835,34.916030534351144,-165.14503816793894
139.27,-0.15964746440892075,25.84035253559108,0.0,0.00926,9.917543357133171,5.6191912963867185,7.587225061035156,3.0358477050781247,26.8787623308599,100.9573754054082,66.200116324037,43.87617766666666,10.246472333333333,25.9,52.67175572519084,31.52671755725191,-237.7709923664122
139.28,-0.15964746440892075,25.84035253559108,0.0,0.00926,11.310881168223252,5.274426257324219,9.370905297851563,3.507505432128906,26.8787623308599,100.9573754054082,66.200116324037,43.87617766666666,10.246472333333333,25.9,59.25190839694657,34.900763358778626,-260.1374045801527
139.3,-0.15964746440892075,25.84035253559108,0.0,0.00926,12.840478275553256,7.517793212890624,9.916783276367187,3.1651345947265623,26.8787623308599,100.9573754054082,66.200116324037,43.87617766666666,10.246472333333333,25.9,52.48854961832061,39.29770992366412,-238.25954198473283
139.31,-0.15964746440892075,25.84035253559108,0.0,0.00926,14.296040345840154,10.709264025878905,8.853757739257812,3.361459130859375,26.8787623308599,100.9573754054082,66.200116324037,43.87617766666666,10.246472333333333,25.9,43.81679389312977,34.06106870229008,-183.96946564885496
139.32,-0.15964746440892075,25.84035253559108,0.0,0.00926,14.219617579189734,10.754753857421875,7.953537915039062,4.824316345214844,26.8787623308599,100.9573754054082,66.200116324037,43.87617766666666,10.246472333333333,25.9,41.66412213740458,13.068702290076336,-104.85496183206106
139.32,-0.17309984824724012,25.82690015175276,0.0,0.00926,14.219617579189734,10.754753857421875,7.953537915039062,4.824316345214844,26.838488563150168,100.95753639989638,66.18663214655679,43.87617766666666,10.246472333333333,25.9,41.66412213740458,13.068702290076336,-104.85496183206106
139.33,-0.17309984824724012,25.82690015175276,0.0,0.00926,13.31099687256248,9.816226806640625,7.199364392089843,5.384559533691406,26.838488563150168,100.95753639989638,66.18663214655679,43.87617766666666,10.246472333333333,25.9,29.61832061068702,-13.038167938931299,0.16793893129770993
139.34,-0.17309984824724012,25.82690015175276,0.0,0.00926,13.043752151277351,9.437942944335937,7.594407666015624,4.836287353515624,26.838488563150168,100.95753639989638,66.18663214655679,43.87617766666666,10.246472333333333,25.9,14.244274809160306,-33.06870229007634,127.55725190839695
139.36,-0.17309984824724012,25.82690015175276,0.0,0.00926,11.711839871266873,7.548917834472656,7.184999182128906,5.343858105468749,26.838488563150168,100.95753639989638,66.18663214655679,43.87617766666666,10.246472333333333,25.9,-20.946564885496183,-44.94656488549618,251.84732824427482
139.36,-0.17309984824724012,25.82690015175276,0.0,0.00926,11.711839871266873,7.548917834472656,7.184999182128906,5.343858105468749,26.838488563150168,100.95753639989638,66.18663214655679,43.87617766666666,10.246472333333333,25.9,-20.946564885496183,-44.94656488549618,251.84732824427482
139.37,-0.17309984824724012,25.82690015175276,0.0,0.00926,9.889684605021799,5.4779333984375,7.137115148925781,4.106055847167968,26.838488563150168,100.95753639989638,66.18663214655679,43.87617766666666,10.246472333333333,25.9,-65.86259541984732,-44.56488549618321,346.9465648854962
139.38,-0.17309984824724012,25.82690015175276,0.0,0.00926,9.653840604345163,4.410119458007812,7.9295958984374995,3.296815686035156,26.838488563150168,100.95753639989638,66.18663214655679,43.87617766666666,10.246472333333333,25.9,-106.06106870229007,-30.12213740458015,383.1145038167939
139.39,-0.17309984824724012,25.82690015175276,0.0,0.00926,7.535711596775689,3.380612744140625,6.234501123046875,2.5474305664062498,26.838488563150168,100.95753639989638,66.18663214655679,43.87617766666666,10.246472333333333,25.9,-128.61068702290078,-5.984732824427481,328.21374045801525
139.4,-0.17309984824724012,25.82690015175276,0.0,0.00926,5.585645791022009,3.0621839233398433,4.515464331054687,-1.197100830078125,26.838488563150168,100.95753639989638,66.18663214655679,43.87617766666666,10.246472333333333,25.9,-117.2824427480916,18.931297709923665,189.87786259541986
139.42,-0.17309984824724012,25.82690015175276,0.0,0.00926,4.08528193441732,3.258508459472656,2.4588451049804685,-0.16041151123046873,26.838488563150168,100.95753639989638,66.18663214655679,43.87617766666666,10.246472333333333,25.9,-56.25954198473283,25.297709923664122,17.206106870229007
139.43,-0.17309984824724012,25.82690015175276,0.0,0.00926,5.808037645658147,4.69263525390625,3.414131567382812,-0.23702596435546874,26.838488563150168,100.95753639989638,66.18663214655679,43.87617766666666,10.246472333333333,25.9,4.305343511450381,23.49618320610687,-138.01526717557252
139.44,-0.17309984824724012,25.82690015175276,0.0,0.00926,7.667788443351239,4.235342736816406,6.1267620483398435,1.8219874633789062,26.838488563150168,100.95753639989638,66.18663214655679,43.87617766666666,10.246472333333333,25.9,33.49618320610687,24.412213740458014,-241.5267175572519
139.45,-0.17309984824724012,25.82690015175276,0.0,0.00926,10.893242367956955,4.146757275390625,9.636661682128906,2.932897033691406,26.838488563150168,100.95753639989638,66.18663214655679,43.87617766666666,10.246472333333333,25.9,42.412213740458014,34.045801526717554,-283.8167938931298
139.46,-0.17309984824724012,25.82690015175276,0.0,0.00926,10.893242367956955,4.146757275390625,9.636661682128906,2.932897033691406,26.838488563150168,100.95753639989638,66.18663214655679,43.87617766666666,10.246472333333333,25.9,42.412213740458014,34.045801526717554,-283.8167938931298
139.46,-0.17309984824724012,25.82690015175276,0.0,0.00926,12.648497805781417,6.528987927246093,10.577582934570312,2.3391350219726563,26.838488563150168,100.95753639989638,66.18663214655679,43.87617766666666,10.246472333333333,25.9,43.31297709923664,50.030534351145036,-277.1603053435114
139.48,-0.17309984824724012,25.82690015175276,0.0,0.00926,15.251673261571193,11.92551846923828,9.090783703613281,2.7844565307617186,26.838488563150168,100.95753639989638,66.18663214655679,43.87617766666666,10.246472333333333,25.9,35.61832061068702,56.2442748091603,-238.10687022900763
139.49,-0.17309984824724012,25.82690015175276,0.0,0.00926,15.497425630914634,12.818555688476561,7.520187414550781,4.393360046386719,26.838488563150168,100.95753639989638,66.18663214655679,43.87617766666666,10.246472333333333,25.9,29.633587786259543,42.62595419847328,-175.84732824427482
139.5,-0.17309984824724012,25.82690015175276,0.0,0.00926,15.602213519279498,12.947842578125,6.754042883300781,5.492298608398437,26.838488563150168,100.95753639989638,66.18663214655679,43.87617766666666,10.246472333333333,25.9,19.893129770992367,14.213740458015268,-80.19847328244275
139.51,-0.17309984824724012,25.82690015175276,0.0,0.00926,14.26298171165804,11.008539233398437,7.3549875,5.305550878906249,26.838488563150168,100.95753639989638,66.18663214655679,43.87617766666666,10.246472333333333,25.9,-4.977099236641221,-16.259541984732824,51.6793893129771
139.52,-0.17309984824724012,25.82690015175276,0.0,0.00926,13.287447568177994,10.036493359375,7.285555651855469,4.76924970703125,26.838488563150168,100.95753639989638,66.18663214655679,43.87617766666666,10.246472333333333,25.9,-38.54961832061068,-34.42748091603053,198.24427480916032
139.54,-0.17309984824724012,25.82690015175276,0.0,0.00926,11.653438104396951,8.298302954101562,7.206546997070312,3.873818286132812,26.838488563150168,100.95753639989638,66.18663214655679,43.87617766666666,10.246472333333333,25.9,-81.49618320610686,-36.87022900763359,314.35114503816794
139.55,-0.17309984824724012,25.82690015175276,0.0,0.00926,10.565778211570755,5.863399865722656,8.281543542480469,2.9448680419921875,26.838488563150168,100.95753639989638,66.18663214655679,43.87617766666666,10.246472333333333,25.9,-112.03053435114504,-23.87786259541985,368.36641221374043
139.56,-0.17309984824724012,25.82690015175276,0.0,0.00926,10.565778211570755,5.863399865722656,8.281543542480469,2.9448680419921875,26.838488563150168,100.95753639989638,66.18663214655679,43.87617766666666,10.246472333333333,25.9,-112.03053435114504,-23.87786259541985,368.36641221374043
139.56,-0.17309984824724012,25.82690015175276,0.0,0.00926,8.32349088170007,3.3351229125976563,7.563283044433593,0.97683427734375,26.838488563150168,100.95753639989638,66.18663214655679,43.87617766666666,10.246472333333333,25.9,-123.08396946564885,2.2595419847328246,337.63358778625957
139.57,-0.17309984824724012,25.82690015175276,0.0,0.00926,5.691823078521913,1.7286135986328124,5.240907434082031,-1.3934253662109375,26.838488563150168,100.95753639989638,66.18663214655679,43.87617766666666,10.246472333333333,25.9,-100.91603053435115,26.732824427480917,224.0
139.58,-0.17309984824724012,25.82690015175276,0.0,0.00926,4.908390188585859,2.5426421630859375,3.8379052612304685,-1.7022773803710936,26.838488563150168,100.95753639989638,66.18663214655679,43.87617766666666,10.246472333333333,25.9,-55.17557251908397,33.66412213740458,58.396946564885496
139.6,-0.17309984824724012,25.82690015175276,0.0,0.00926,7.058608787572538,6.030993981933594,3.5577836669921874,-0.8906430175781249,26.838488563150168,100.95753639989638,66.18663214655679,43.87617766666666,10.246472333333333,25.9,-8.51908396946565,31.938931297709924,-128.25954198473283
139.6,-0.2097070775831389,25.79029292241686,0.0,0.00926,7.058608787572538,6.030993981933594,3.5577836669921874,-0.8906430175781249,26.76266065841246,100.95797450635985,66.1674359039303,43.87617766666666,10.246472333333333,25.9,-8.51908396946565,31.938931297709924,-128.25954198473283
139.6,-0.2097070775831389,25.79029292241686,0.0,0.00926,7.058608787572538,6.030993981933594,3.5577836669921874,-0.8906430175781249,26.76266065841246,100.95797450635985,66.1674359039303,43.87617766666666,10.246472333333333,25.9,-8.51908396946565,31.938931297709924,-128.25954198473283
139.61,-0.2097070775831389,25.79029292241686,0.0,0.00926,8.498381602948589,5.6024318847656245,6.327874987792969,0.8906430175781249,26.76266065841246,100.95797450635985,66.1674359039303,43.87617766666666,10.246472333333333,25.9,47.404580152671755,34.97709923664122,-298.68702290076334
139.62,-0.2097070775831389,25.79029292241686,0.0,0.00926,11.874301341971059,6.136338854980468,9.885658654785155,2.370259643554687,26.76266065841246,100.95797450635985,66.1674359039303,43.87617766666666,10.246472333333333,25.9,105.81679389312977,47.49618320610687,-406.51908396946567
139.63,-0.2097070775831389,25.79029292241686,0.0,0.00926,14.563465240352711,8.827421520996094,11.295843432617186,2.5641899780273434,26.76266065841246,100.95797450635985,66.1674359039303,43.87617766666666,10.246472333333333,25.9,133.16030534351145,59.45038167938932,-431.08396946564886
139.64,-0.2097070775831389,25.79029292241686,0.0,0.00926,14.686827646375484,8.346186987304687,11.142614526367186,4.678270043945313,26.76266065841246,100.95797450635985,66.1674359039303,43.87617766666666,10.246472333333333,25.9,121.6030534351145,52.54961832061068,-365.00763358778624
139.66,-0.2097070775831389,25.79029292241686,0.0,0.00926,15.577563957315984,10.168174450683592,10.194510668945313,5.944802722167968,26.76266065841246,100.95797450635985,66.1674359039303,43.87617766666666,10.246472333333333,25.9,87.31297709923665,25.022900763358777,-207.57251908396947
139.66,-0.2097070775831389,25.79029292241686,0.0,0.00926,15.577563957315984,10.168174450683592,10.194510668945313,5.944802722167968,26.76266065841246,100.95797450635985,66.1674359039303,43.87617766666666,10.246472333333333,25.9,87.31297709923665,25.022900763358777,-207.57251908396947
139.67,-0.2097070775831389,25.79029292241686,0.0,0.00926,15.275615449912186,10.905588562011719,8.86812294921875,5.980715747070312,26.76266065841246,100.95797450635985,66.1674359039303,43.87617766666666,10.246472333333333,25.9,22.977099236641223,-14.473282442748092,7.969465648854962
139.68,-0.2097070775831389,25.79029292241686,0.0,0.00926,11.981192972338679,9.160215551757812,6.224924316406249,4.570530969238281,26.76266065841246,100.95797450635985,66.1674359039303,43.87617766666666,10.246472333333333,25.9,-40.717557251908396,-50.916030534351144,227.46564885496184
139.69,-0.2097070775831389,25.79029292241686,0.0,0.00926,10.063676028752333,7.4220251464843745,6.382941625976562,2.3343466186523436,26.76266065841246,100.95797450635985,66.1674359039303,43.87617766666666,10.246472333333333,25.9,-102.82442748091603,-77.92366412213741,399.8625954198473
139.71,-0.2097070775831389,25.79029292241686,0.0,0.00926,9.900661332983884,6.141127258300781,7.687781530761718,1.0989385620117187,26.76266065841246,100.95797450635985,66.1674359039303,43.87617766666666,10.246472333333333,25.9,-157.3587786259542,-89.49618320610686,482.0458015267176
139.72,-0.2097070775831389,25.79029292241686,0.0,0.00926,8.999856268238563,5.552153649902343,6.87614716796875,1.6998831787109374,26.76266065841246,100.95797450635985,66.1674359039303,43.87617766666666,10.246472333333333,25.9,-179.29770992366412,-74.94656488549619,437.9389312977099
139.73,-0.2097070775831389,25.79029292241686,0.0,0.00926,6.33142136206277,5.6574985229492185,2.5713725830078125,-1.2114660400390624,26.76266065841246,100.95797450635985,66.1674359039303,43.87617766666666,10.246472333333333,25.9,-130.3053435114504,-33.847328244274806,267.6641221374046
139.73,-0.15955377046173558,25.840446229538266,0.0,0.00926,6.33142136206277,5.6574985229492185,2.5713725830078125,-1.2114660400390624,26.873728108918293,100.95737428410523,66.1923019262064,43.87617766666666,10.246472333333333,25.9,-130.3053435114504,-33.847328244274806,267.6641221374046
139.74,-0.15955377046173558,25.840446229538266,0.0,0.00926,5.548107637084037,5.351040710449219,-0.12210428466796874,-1.4604630126953124,26.873728108918293,100.95737428410523,66.1923019262064,43.87617766666666,10.246472333333333,25.9,-27.022900763358777,4.091603053435114,29.603053435114504
139.75,-0.15955377046173558,25.840446229538266,0.0,0.00926,6.486392948118179,6.114791040039062,1.9321207397460936,-0.9744400756835937,26.873728108918293,100.95737428410523,66.1923019262064,43.87617766666666,10.246472333333333,25.9,57.64885496183206,25.770992366412212,-193.14503816793894
139.76,-0.15955377046173558,25.840446229538266,0.0,0.00926,6.486392948118179,6.114791040039062,1.9321207397460936,-0.9744400756835937,26.873728108918293,100.95737428410523,66.1923019262064,43.87617766666666,10.246472333333333,25.9,57.64885496183206,25.770992366412212,-193.14503816793894
139.77,-0.15955377046173558,25.840446229538266,0.0,0.00926,8.903175848302416,4.563348364257812,7.426813549804687,1.8124106567382812,26.873728108918293,100.95737428410523,66.1923019262064,43.87617766666666,10.246472333333333,25.9,115.74045801526718,41.81679389312977,-335.46564885496184
139.78,-0.15955377046173558,25.840446229538266,0.0,0.00926,13.441708065987196,4.685452648925781,12.04044014892578,3.708618371582031,26.873728108918293,100.95737428410523,66.1923019262064,43.87617766666666,10.246472333333333,25.9,138.10687022900763,60.33587786259542,-371.64885496183206
139.79,-0.15955377046173558,25.840446229538266,0.0,0.00926,15.700264313815305,8.961496813964843,12.334926953124999,3.746925598144531,26.873728108918293,100.95737428410523,66.1923019262064,43.87617766666666,10.246472333333333,25.9,118.76335877862596,71.22137404580153,-310.8854961832061
139.8,-0.15955377046173558,25.840446229538266,0.0,0.00926,14.432141758536298,9.22485899658203,10.12507882080078,4.546588952636719,26.873728108918293,100.95737428410523,66.1923019262064,43.87617766666666,10.246472333333333,25.9,73.08396946564885,56.68702290076336,-179.9083969465649
139.81,-0.15955377046173558,25.840446229538266,0.0,0.00926,13.915166989095496,10.098742602539062,8.686163623046875,4.024652990722656,26.873728108918293,100.95737428410523,66.1923019262064,43.87617766666666,10.246472333333333,25.9,13.694656488549619,14.961832061068701,3.312977099236641
139.83,-0.15955377046173558,25.840446229538266,0.0,0.00926,12.50767267657401,9.392453112792968,7.168239770507812,4.103661645507812,26.873728108918293,100.95737428410523,66.1923019262064,43.87617766666666,10.246472333333333,25.9,-51.45038167938932,-35.3587786259542,199.9236641221374
139.84,-0.15955377046173558,25.840446229538266,0.0,0.00926,11.142275505547063,7.769184387207031,7.295132458496093,3.2513258544921873,26.873728108918293,100.95737428410523,66.1923019262064,43.87617766666666,10.246472333333333,25.9,-122.54961832061069,-69.6793893129771,359.2671755725191
139.84,-0.13247732848716165,25.867522671512837,0.0,0.00926,11.142275505547063,7.769184387207031,7.295132458496093,3.2513258544921873,26.95427569351159,100.95705024121055,66.20526861335667,43.87617766666666,10.246472333333333,25.9,-122.54961832061069,-69.6793893129771,359.2671755725191
139.85,-0.13247732848716165,25.867522671512837,0.0,0.00926,9.763497421064137,4.929661218261718,8.147468249511718,2.1547814941406247,26.95427569351159,100.95705024121055,66.20526861335667,43.87617766666666,10.246472333333333,25.9,-178.0,-77.72519083969466,435.4351145038168
139.86,-0.13247732848716165,25.867522671512837,0.0,0.00926,9.763497421064137,4.929661218261718,8.147468249511718,2.1547814941406247,26.95427569351159,100.95705024121055,66.20526861335667,43.87617766666666,10.246472333333333,25.9,-178.0,-77.72519083969466,435.4351145038168
139.86,-0.13247732848716165,25.867522671512837,0.0,0.00926,8.385498118683271,4.65432802734375,6.938396411132812,0.7158662963867187,26.95427569351159,100.95705024121055,66.20526861335667,43.87617766666666,10.246472333333333,25.9,-189.96946564885496,-59.23664122137404,395.0687022900763
139.87,-0.13247732848716165,25.867522671512837,0.0,0.00926,5.970826457257069,4.8123453369140625,3.308786694335937,-1.2425906616210938,26.95427569351159,100.95705024121055,66.20526861335667,43.87617766666666,10.246472333333333,25.9,-136.94656488549617,-23.16030534351145,235.57251908396947
139.89,-0.13247732848716165,25.867522671512837,0.0,0.021092222222222227,5.970826457257069,4.8123453369140625,3.308786694335937,-1.2425906616210938,26.95427569351159,100.95705024121055,66.20526861335667,43.87617733333333,10.246472666666667,26.0,-136.94656488549617,-23.16030534351145,235.57251908396947
139.89,-0.13247732848716165,25.867522671512837,0.0,0.021092222222222227,6.306248092802043,6.1818286865234375,0.6775590698242188,-1.0462661254882812,26.95427569351159,100.95705024121055,66.20526861335667,43.87617733333333,10.246472666666667,26.0,-48.93129770992366,3.618320610687023,4.977099236641221
139.9,-0.13247732848716165,25.867522671512837,0.0,0.021092222222222227,7.737021862934772,7.338228088378906,2.3487118286132813,-0.7038952880859375,26.95427569351159,100.95705024121055,66.20526861335667,43.87617733333333,10.246472666666667,26.0,27.740458015267176,12.091603053435115,-221.75572519083968
139.91,-0.13247732848716165,25.867522671512837,0.0,0.021092222222222227,9.008337976147802,5.542576843261719,6.873752966308594,1.7836802368164062,26.95427569351159,100.95705024121055,66.20526861335667,43.87617733333333,10.246472666666667,26.0,87.43511450381679,12.564885496183207,-373.55725190839695
139.92,-0.13247732848716165,25.867522671512837,0.0,0.021092222222222227,14.173183048730367,9.342174877929686,10.263942517089843,2.8730419921875,26.95427569351159,100.95705024121055,66.20526861335667,43.87617733333333,10.246472666666667,26.0,119.25190839694656,19.19083969465649,-414.4580152671756
139.93,-0.13247732848716165,25.867522671512837,0.0,0.021092222222222227,13.877785207327582,9.100360510253905,9.706093530273437,3.9456443359374997,26.95427569351159,100.95705024121055,66.20526861335667,43.87617733333333,10.246472666666667,26.0,112.38167938931298,23.450381679389313,-353.6793893129771
139.95,-0.13247732848716165,25.867522671512837,0.0,0.021092222222222227,14.165797870949023,11.312602844238281,7.742848168945312,3.5697546752929687,26.95427569351159,100.95705024121055,66.20526861335667,43.87617733333333,10.246472666666667,26.0,62.58015267175573,11.603053435114504,-199.1145038167939
139.95,-0.058050962687887786,25.941949037312114,0.0,0.021092222222222227,14.165797870949023,11.312602844238281,7.742848168945312,3.5697546752929687,26.973154043997056,100.95615953269169,66.22232026606851,43.87617733333333,10.246472666666667,26.0,62.58015267175573,11.603053435114504,-199.1145038167939
139.96,-0.058050962687887786,25.941949037312114,0.0,0.021092222222222227,15.163253532979306,13.237540979003905,6.136338854980468,4.127603662109375,26.973154043997056,100.95615953269169,66.22232026606851,43.87617733333333,10.246472666666667,26.0,-2.4122137404580153,-14.67175572519084,16.946564885496183
139.96,-0.058050962687887786,25.941949037312114,0.0,0.021092222222222227,15.163253532979306,13.237540979003905,6.136338854980468,4.127603662109375,26.973154043997056,100.95615953269169,66.22232026606851,43.87617733333333,10.246472666666667,26.0,-2.4122137404580153,-14.67175572519084,16.946564885496183
139.97,-0.058050962687887786,25.941949037312114,0.0,0.021092222222222227,13.953280745285134,12.220005273437499,5.377376928710937,4.055777612304687,26.973154043997056,100.95615953269169,66.22232026606851,43.87617733333333,10.246472666666667,26.0,-68.83969465648855,-38.3206106870229,232.77862595419847
139.98,-0.058050962687887786,25.941949037312114,0.0,0.021092222222222227,12.415344112799982,10.357316381835936,6.169857678222656,2.9664158569335934,26.973154043997056,100.95615953269169,66.22232026606851,43.87617733333333,10.246472666666667,26.0,-120.44274809160305,-45.23664122137404,398.8702290076336
139.99,-0.058050962687887786,25.941949037312114,0.0,0.021092222222222227,11.399055848943318,5.173869787597656,9.923965881347655,2.1643583007812497,26.973154043997056,100.95615953269169,66.22232026606851,43.87617733333333,10.246472666666667,26.0,-163.54198473282443,-27.61832061068702,473.87786259541986
140.01,-0.058050962687887786,25.941949037312114,0.0,0.021092222222222227,9.98406263668788,3.181894006347656,9.45470235595703,-0.4070142822265625,26.973154043997056,100.95615953269169,66.22232026606851,43.87617733333333,10.246472666666667,26.0,-160.42748091603053,15.877862595419847,427.0229007633588
140.02,-0.058050962687887786,25.941949037312114,0.0,0.021092222222222227,5.653700264982158,4.125209460449218,3.421314172363281,-1.8004396484374998,26.973154043997056,100.95615953269169,66.22232026606851,43.87617733333333,10.246472666666667,26.0,-111.83206106870229,56.51908396946565,258.82442748091603
140.03,-0.058050962687887786,25.941949037312114,0.0,0.021092222222222227,6.092918188265796,5.892130285644531,0.4261678955078125,-1.4915876342773438,26.973154043997056,100.95615953269169,66.22232026606851,43.87617733333333,10.246472666666667,26.0,-36.3206106870229,59.31297709923664,21.236641221374047
140.04,-0.058050962687887786,25.941949037312114,0.0,0.021092222222222227,7.943379493816511,7.685387329101562,1.8291700683593748,-0.8283937744140625,26.973154043997056,100.95615953269169,66.22232026606851,43.87617733333333,10.246472666666667,26.0,36.10687022900763,35.89312977099237,-209.95419847328245
140.05,-0.058050962687887786,25.941949037312114,0.0,0.021092222222222227,7.671077789357995,4.460397692871093,6.153098266601562,1.0438719238281249,26.973154043997056,100.95615953269169,66.22232026606851,43.87617733333333,10.246472666666667,26.0,100.42748091603053,12.198473282442748,-370.3358778625954
140.06,-0.026658008278410694,25.97334199172159,3.1392954409505642,0.021092222222222227,7.671077789357995,4.460397692871093,6.153098266601562,1.0438719238281249,26.955848889235313,100.95578383478392,66.19151217519217,43.87617733333333,10.246472666666667,26.0,100.42748091603053,12.198473282442748,-370.3358778625954
140.06,-0.026658008278410694,25.97334199172159,3.1392954409505642,0.021092222222222227,7.671077789357995,4.460397692871093,6.153098266601562,1.0438719238281249,26.955848889235313,100.95578383478392,66.19151217519217,43.87617733333333,10.246472666666667,26.0,100.42748091603053,12.198473282442748,-370.3358778625954
140.07,-0.026658008278410694,25.97334199172159,0.0,0.021092222222222227,10.82842702289919,3.622427111816406,10.134655627441406,1.1923124267578125,26.955848889235313,100.95578383478392,66.19151217519217,43.87617733333333,10.246472666666667,26.0,137.46564885496184,5.557251908396947,-419.41984732824426
140.08,-0.026658008278410694,25.97334199172159,0.0,0.021092222222222227,13.244234737151151,7.297526660156249,10.967837805175781,1.3646949462890625,26.955848889235313,100.95578383478392,66.19151217519217,43.87617733333333,10.246472666666667,26.0,140.10687022900763,10.961832061068701,-367.80152671755724
140.09,-0.026658008278410694,25.97334199172159,0.0,0.021092222222222227,13.393095821605158,10.340556970214843,8.221688500976562,2.2026655273437497,26.955848889235313,100.95578383478392,66.19151217519217,43.87617733333333,10.246472666666667,26.0,92.83969465648855,12.122137404580153,-256.381679389313
140.1,-0.026658008278410694,25.97334199172159,0.0,0.021092222222222227,14.219630680559359,12.433089221191405,5.884947680664062,3.603273498535156,26.955848889235313,100.95578383478392,66.19151217519217,43.87617733333333,10.246472666666667,26.0,22.50381679389313,-0.9007633587786259,-105.14503816793894
140.11,-0.026658008278410694,25.97334199172159,0.0,0.021092222222222227,14.646755599517396,12.799402075195312,6.236895324707031,3.4356793823242184,26.955848889235313,100.95578383478392,66.19151217519217,43.87617733333333,10.246472666666667,26.0,-30.15267175572519,-22.38167938931298,68.73282442748092
140.13,-0.026658008278410694,25.97334199172159,0.0,0.021092222222222227,13.710232488873102,12.488155859374999,4.690241052246093,3.1651345947265623,26.955848889235313,100.95578383478392,66.19151217519217,43.87617733333333,10.246472666666667,26.0,-68.97709923664122,-38.25954198473283,231.3587786259542
140.14,-0.026658008278410694,25.97334199172159,0.0,0.021092222222222227,13.737088751345848,13.096283081054686,3.2417490478515623,2.5857377929687497,26.955848889235313,100.95578383478392,66.19151217519217,43.87617733333333,10.246472666666667,26.0,-93.45038167938931,-40.29007633587786,352.36641221374043
140.15,-0.026658008278410694,25.97334199172159,0.0,0.021092222222222227,10.283030352326975,5.499481213378906,8.456320263671875,1.9967641845703124,26.955848889235313,100.95578383478392,66.19151217519217,43.87617733333333,10.246472666666667,26.0,-103.45038167938931,-24.732824427480917,411.2519083969466
140.16,-0.026658008278410694,25.97334199172159,0.0,0.021092222222222227,10.283030352326975,5.499481213378906,8.456320263671875,1.9967641845703124,26.955848889235313,100.95578383478392,66.19151217519217,43.87617733333333,10.246472666666667,26.0,-103.45038167938931,-24.732824427480917,411.2519083969466
140.16,-0.026658008278410694,25.97334199172159,0.0,0.021092222222222227,11.419905483280294,0.28730419921875,11.384428894042967,0.852335791015625,26.955848889235313,100.95578383478392,66.19151217519217,43.87617733333333,10.246472666666667,26.0,-106.67175572519083,7.603053435114504,405.1145038167939
140.17,-0.04302645173868136,25.956973548261317,-1.6368443460285553,0.021092222222222227,11.419905483280294,0.28730419921875,11.384428894042967,0.852335791015625,26.922811784766964,100.95597972541108,66.20720713567137,43.87617733333333,10.246472666666667,26.0,-106.67175572519083,7.603053435114504,405.1145038167939
140.17,-0.04302645173868136,25.956973548261317,-1.6368443460285553,0.021092222222222227,8.145277432813677,3.057395520019531,7.189787585449218,-2.3032219970703123,26.922811784766964,100.95597972541108,66.20720713567137,43.87617733333333,10.246472666666667,26.0,-115.14503816793894,44.152671755725194,313.32824427480915
140.2,-0.04302645173868136,25.956973548261317,0.0,0.021092222222222227,5.452910310510442,4.450820886230469,2.3822306518554686,-2.061407629394531,26.922811784766964,100.95597972541108,66.20720713567137,43.87617733333333,10.246472666666667,26.0,-86.38167938931298,57.48091603053435,130.74809160305344
140.21,-0.04302645173868136,25.956973548261317,0.0,0.021092222222222227,6.967606888972502,6.117185241699218,3.277662072753906,-0.6200982299804687,26.922811784766964,100.95597972541108,66.20720713567137,43.87617733333333,10.246472666666667,26.0,36.47328244274809,14.198473282442748,-311.89312977099235
140.22,-0.04302645173868136,25.956973548261317,0.0,0.021092222222222227,9.492703131837333,6.5218053222656245,6.8593877563476555,0.7254431030273437,26.922811784766964,100.95597972541108,66.20720713567137,43.87617733333333,10.246472666666667,26.0,94.74809160305344,-0.6412213740458015,-449.3587786259542
140.23,-0.04302645173868136,25.956973548261317,0.0,0.021092222222222227,15.022584635380449,10.903194360351561,9.957484704589843,2.7653029174804686,26.922811784766964,100.95597972541108,66.20720713567137,43.87617733333333,10.246472666666667,26.0,137.6030534351145,1.6488549618320612,-491.22137404580155
140.25,-0.04302645173868136,25.956973548261317,0.0,0.021092222222222227,14.093442194446316,9.215282189941405,10.110713610839843,3.3877953491210935,26.922811784766964,100.95597972541108,66.20720713567137,43.87617733333333,10.246472666666667,26.0,131.70992366412213,7.847328244274809,-439.17557251908397
140.26,-0.04302645173868136,25.956973548261317,0.0,0.021092222222222227,14.42441507629549,10.311826550292968,9.34696328125,3.7900212280273435,26.922811784766964,100.95597972541108,66.20720713567137,43.87617733333333,10.246472666666667,26.0,73.08396946564885,0.07633587786259542,-271.0381679389313
140.26,-0.04302645173868136,25.956973548261317,0.0,0.021092222222222227,14.42441507629549,10.311826550292968,9.34696328125,3.7900212280273435,26.922811784766964,100.95597972541108,66.20720713567137,43.87617733333333,10.246472666666667,26.0,73.08396946564885,0.07633587786259542,-271.0381679389313
140.27,-0.04302645173868136,25.956973548261317,0.0,0.021092222222222227,16.913758112159254,14.559140295410156,7.639897497558593,3.967192150878906,26.922811784766964,100.95597972541108,66.20720713567137,43.87617733333333,10.246472666666667,26.0,-7.099236641221374,-23.251908396946565,-20.35114503816794
140.28,-0.11792392572411936,25.88207607427588,-7.4897473985506124,0.021092222222222227,16.913758112159254,14.559140295410156,7.639897497558593,3.967192150878906,26.88285263639318,100.95687607071426,66.18676621025298,43.87617733333333,10.246472666666667,26.0,-7.099236641221374,-23.251908396946565,-20.35114503816794
140.28,-0.11792392572411936,25.88207607427588,-7.4897473985506124,0.021092222222222227,14.920555638943947,12.966996191406249,6.009446166992187,4.285620971679688,26.88285263639318,100.95687607071426,66.18676621025298,43.87617733333333,10.246472666666667,26.0,-82.50381679389314,-36.83969465648855,222.3206106870229
140.29,-0.11792392572411936,25.88207607427588,0.0,0.021092222222222227,14.75852981391389,13.634978454589843,4.8123453369140625,2.9568390502929685,26.88285263639318,100.95687607071426,66.18676621025298,43.87617733333333,10.246472666666667,26.0,-121.09923664122137,-31.72519083969466,402.9465648854962
140.31,-0.11792392572411936,25.88207607427588,0.0,0.021092222222222227,12.243864892520474,8.59997236328125,8.470685473632813,2.04943662109375,26.88285263639318,100.95687607071426,66.18676621025298,43.87617733333333,10.246472666666667,26.0,-136.0916030534351,-11.068702290076336,486.9312977099237
140.32,-0.11792392572411936,25.88207607427588,0.0,0.021092222222222227,11.18727150542619,2.607285607910156,10.855310327148437,-0.7206546997070312,26.88285263639318,100.95687607071426,66.18676621025298,43.87617733333333,10.246472666666667,26.0,-126.65648854961832,24.045801526717558,463.00763358778624
140.33,-0.11792392572411936,25.88207607427588,0.0,0.021092222222222227,7.679113227722606,3.679887951660156,6.284779357910156,-2.4349030883789062,26.88285263639318,100.95687607071426,66.18676621025298,43.87617733333333,10.246472666666667,26.0,-105.96946564885496,56.13740458015267,339.19083969465646
140.34,-0.11792392572411936,25.88207607427588,0.0,0.021092222222222227,5.45218334428262,4.951209033203125,1.7094599853515624,-1.5131354492187499,26.88285263639318,100.95687607071426,66.18676621025298,43.87617733333333,10.246472666666667,26.0,-61.20610687022901,58.916030534351144,136.45801526717557
140.35,-0.11792392572411936,25.88207607427588,0.0,0.021092222222222227,6.981049066812914,6.845022546386718,0.239420166015625,-1.350329736328125,26.88285263639318,100.95687607071426,66.18676621025298,43.87617733333333,10.246472666666667,26.0,0.0,36.50381679389313,-92.10687022900764
140.36,-0.11792392572411936,25.88207607427588,0.0,0.021092222222222227,6.981049066812914,6.845022546386718,0.239420166015625,-1.350329736328125,26.88285263639318,100.95687607071426,66.18676621025298,43.87617733333333,10.246472666666667,26.0,0.0,36.50381679389313,-92.10687022900764
140.37,-0.11792392572411936,25.88207607427588,0.0,0.021092222222222227,7.131420524095797,6.189011291503906,3.3973721557617185,-1.005564697265625,26.88285263639318,100.95687607071426,66.18676621025298,43.87617733333333,10.246472666666667,26.0,58.80916030534351,7.755725190839694,-284.9618320610687
140.38,-0.11792392572411936,25.88207607427588,0.0,0.021092222222222227,8.75073632236507,4.273649963378906,7.6087728759765625,0.6464344482421874,26.88285263639318,100.95687607071426,66.18676621025298,43.87617733333333,10.246472666666667,26.0,103.92366412213741,-11.312977099236642,-391.3587786259542
140.39,-0.11792392572411936,25.88207607427588,0.0,0.021092222222222227,12.572126177880719,7.75721337890625,9.86411083984375,0.7637503295898437,26.88285263639318,100.95687607071426,66.18676621025298,43.87617733333333,10.246472666666667,26.0,119.93893129770993,-15.389312977099237,-393.55725190839695
140.39,-0.14290209898965678,25.85709790101034,0.0,0.021092222222222227,12.572126177880719,7.75721337890625,9.86411083984375,0.7637503295898437,26.84037639561211,100.95717500169843,66.17292893578548,43.87617733333333,10.246472666666667,26.0,119.93893129770993,-15.389312977099237,-393.55725190839695
140.4,-0.14290209898965678,25.85709790101034,0.0,0.021092222222222227,14.128044425417944,10.69968721923828,9.13627353515625,1.2832920898437499,26.84037639561211,100.95717500169843,66.17292893578548,43.87617733333333,10.246472666666667,26.0,84.93129770992367,-18.076335877862597,-311.7251908396947
140.41,-0.14290209898965678,25.85709790101034,0.0,0.021092222222222227,16.106257599175603,14.243105676269531,6.720524060058593,3.373430139160156,26.84037639561211,100.95717500169843,66.17292893578548,43.87617733333333,10.246472666666667,26.0,19.34351145038168,-27.572519083969464,-156.9770992366412
140.43,-0.14290209898965678,25.85709790101034,0.0,0.021092222222222227,18.570294395179687,16.87433330078125,7.060500695800781,3.2034418212890623,26.84037639561211,100.95717500169843,66.17292893578548,43.87617733333333,10.246472666666667,26.0,-33.9236641221374,-35.770992366412216,48.458015267175576
140.44,-0.14290209898965678,25.85709790101034,0.0,0.021092222222222227,17.139908421731107,16.105794567871094,4.80755693359375,3.356670727539062,26.84037639561211,100.95717500169843,66.17292893578548,43.87617733333333,10.246472666666667,26.0,-75.74045801526718,-37.770992366412216,257.7709923664122
140.45,-0.14290209898965678,25.85709790101034,0.0,0.021092222222222227,15.8957323001119,15.251064575195311,3.7110125732421873,2.511517541503906,26.84037639561211,100.95717500169843,66.17292893578548,43.87617733333333,10.246472666666667,26.0,-95.25190839694656,-30.229007633587788,425.74045801526717
140.46,-0.14290209898965678,25.85709790101034,0.0,0.021092222222222227,15.8957323001119,15.251064575195311,3.7110125732421873,2.511517541503906,26.84037639561211,100.95717500169843,66.17292893578548,43.87617733333333,10.246472666666667,26.0,-95.25190839694656,-30.229007633587788,425.74045801526717
140.46,-0.14290209898965678,25.85709790101034,0.0,0.021092222222222227,10.170599650670171,3.8283284545898435,9.37808790283203,0.9145850341796874,26.84037639561211,100.95717500169843,66.17292893578548,43.87617733333333,10.246472666666667,26.0,-107.89312977099236,-7.572519083969466,500.25954198473283
140.47,-0.14290209898965678,25.85709790101034,0.0,0.021092222222222227,11.953547103263297,-2.8371289672851563,11.590330236816406,0.70868369140625,26.84037639561211,100.95717500169843,66.17292893578548,43.87617733333333,10.246472666666667,26.0,-121.12977099236642,29.954198473282442,500.25954198473283
140.49,-0.14290209898965678,25.85709790101034,0.0,0.021092222222222227,6.6152888011994735,0.7254431030273437,5.702988354492187,-3.2728736694335936,26.84037639561211,100.95717500169843,66.17292893578548,43.87617733333333,10.246472666666667,26.0,-141.4198473282443,69.55725190839695,445.31297709923666
140.5,-0.14290209898965678,25.85709790101034,0.0,0.021092222222222227,4.166582999690252,2.808398547363281,-1.4317325927734375,-2.7246014892578123,26.84037639561211,100.95717500169843,66.17292893578548,43.87617733333333,10.246472666666667,26.0,-111.43511450381679,80.0,209.72519083969465
140.51,-0.14290209898965678,25.85709790101034,0.0,0.021092222222222227,7.541628439741442,6.193799694824218,-3.411737365722656,-2.6216508178710938,26.84037639561211,100.95717500169843,66.17292893578548,43.87617733333333,10.246472666666667,26.0,-42.30534351145038,48.19847328244275,-99.05343511450381
140.52,-0.14290209898965678,25.85709790101034,0.0,0.021092222222222227,5.958371895885896,5.45877978515625,1.1468225952148436,-2.094926452636719,26.84037639561211,100.95717500169843,66.17292893578548,43.87617733333333,10.246472666666667,26.0,34.82442748091603,-1.3893129770992367,-382.9618320610687
140.53,-0.14290209898965678,25.85709790101034,0.0,0.021092222222222227,8.52757227725154,4.7022120605468745,7.101202124023437,-0.4261678955078125,26.84037639561211,100.95717500169843,66.17292893578548,43.87617733333333,10.246472666666667,26.0,111.3587786259542,-34.3206106870229,-500.2748091603053
140.55,-0.14290209898965678,25.85709790101034,0.0,0.021092222222222227,14.419625264567406,9.083601098632812,11.156979736328124,0.967257470703125,26.84037639561211,100.95717500169843,66.17292893578548,43.87617733333333,10.246472666666667,26.0,167.96946564885496,-36.61068702290076,-500.2748091603053
140.56,-0.14290209898965678,25.85709790101034,0.0,0.021092222222222227,16.237167467217844,11.872846032714843,10.632649572753905,3.1028853515624997,26.84037639561211,100.95717500169843,66.17292893578548,43.87617733333333,10.246472666666667,26.0,159.48091603053436,-25.435114503816795,-500.2748091603053
140.56,-0.14290209898965678,25.85709790101034,0.0,0.021092222222222227,16.237167467217844,11.872846032714843,10.632649572753905,3.1028853515624997,26.84037639561211,100.95717500169843,66.17292893578548,43.87617733333333,10.246472666666667,26.0,159.48091603053436,-25.435114503816795,-500.2748091603053
140.57,-0.14290209898965678,25.85709790101034,0.0,0.021092222222222227,16.907446135506007,13.048399047851563,10.192116467285155,3.423708374023437,26.84037639561211,100.95717500169843,66.17292893578548,43.87617733333333,10.246472666666667,26.0,88.16793893129771,-19.297709923664122,-352.12213740458014
140.58,-0.14290209898965678,25.85709790101034,0.0,0.021092222222222227,20.102443997854532,17.915811022949217,8.418013037109375,3.5027170288085934,26.84037639561211,100.95717500169843,66.17292893578548,43.87617733333333,10.246472666666667,26.0,-4.793893129770993,-29.862595419847327,-49.81679389312977
140.59,-0.14290209898965678,25.85709790101034,0.0,0.021092222222222227,17.678029883246428,15.933412048339843,6.373364819335937,4.244919543457031,26.84037639561211,100.95717500169843,66.17292893578548,43.87617733333333,10.246472666666667,26.0,-88.3969465648855,-32.70229007633588,255.26717557251908
140.61,-0.14290209898965678,25.85709790101034,0.0,0.021092222222222227,16.204423075947986,14.963760375976562,5.492298608398437,2.916137622070312,26.84037639561211,100.95717500169843,66.17292893578548,43.87617733333333,10.246472666666667,26.0,-128.73282442748092,-13.908396946564885,487.74045801526717
140.62,-0.14290209898965678,25.85709790101034,0.0,0.021092222222222227,12.326270261321225,9.076418493652342,8.17859287109375,1.6328455322265625,26.84037639561211,100.95717500169843,66.17292893578548,43.87617733333333,10.246472666666667,26.0,-149.31297709923663,19.81679389312977,500.25954198473283
140.63,-0.14290209898965678,25.85709790101034,0.0,0.021092222222222227,9.777354722112326,0.38307226562499996,9.6917283203125,-1.2330138549804688,26.84037639561211,100.95717500169843,66.17292893578548,43.87617733333333,10.246472666666667,26.0,-139.66412213740458,63.49618320610687,500.25954198473283
140.64,-0.14290209898965678,25.85709790101034,0.0,0.021092222222222227,5.652973262733513,2.5617957763671875,3.897760302734375,-3.1938650146484373,26.84037639561211,100.95717500169843,66.17292893578548,43.87617733333333,10.246472666666667,26.0,-112.73282442748092,90.27480916030534,409.2824427480916
140.65,-0.14290209898965678,25.85709790101034,0.0,0.021092222222222227,5.240282870074964,4.374206433105469,-1.2761094848632812,-2.588131994628906,26.84037639561211,100.95717500169843,66.17292893578548,43.87617733333333,10.246472666666667,26.0,-60.30534351145038,81.45038167938931,154.35114503816794
140.66,-0.14290209898965678,25.85709790101034,0.0,0.021092222222222227,5.240282870074964,4.374206433105469,-1.2761094848632812,-2.588131994628906,26.84037639561211,100.95717500169843,66.17292893578548,43.87617733333333,10.246472666666667,26.0,-60.30534351145038,81.45038167938931,154.35114503816794
140.67,-0.14290209898965678,25.85709790101034,0.0,0.021092222222222227,6.019742429184268,5.456385583496093,-1.0079588989257813,-2.3343466186523436,26.84037639561211,100.95717500169843,66.17292893578548,43.87617733333333,10.246472666666667,26.0,8.610687022900763,43.80152671755725,-133.40458015267177
140.67,-0.16182068443881148,25.838179315561188,0.0,0.021092222222222227,6.019742429184268,5.456385583496093,-1.0079588989257813,-2.3343466186523436,26.768324151181695,100.9574014139032,66.16134382099442,43.87617733333333,10.246472666666667,26.0,8.610687022900763,43.80152671755725,-133.40458015267177
140.67,-0.16182068443881148,25.838179315561188,0.0,0.021092222222222227,6.019742429184268,5.456385583496093,-1.0079588989257813,-2.3343466186523436,26.768324151181695,100.9574014139032,66.16134382099442,43.87617733333333,10.246472666666667,26.0,8.610687022900763,43.80152671755725,-133.40458015267177
140.68,-0.16182068443881148,25.838179315561188,0.0,0.021092222222222227,5.898289144552446,4.426878869628906,3.5960908935546874,-1.5035586425781249,26.768324151181695,100.9574014139032,66.16134382099442,43.87617733333333,10.246472666666667,26.0,72.77862595419847,-2.183206106870229,-361.8167938931298
140.69,-0.16182068443881148,25.838179315561188,0.0,0.021092222222222227,9.882216354333666,3.4548329956054684,9.251195214843749,-0.3711012573242187,26.768324151181695,100.9574014139032,66.16134382099442,43.87617733333333,10.246472666666667,26.0,121.57251908396947,-32.56488549618321,-475.22137404580155
140.7,-0.16182068443881148,25.838179315561188,0.0,0.021092222222222227,15.804556225176361,10.120290417480469,12.126631408691406,0.55545478515625,26.768324151181695,100.9574014139032,66.16134382099442,43.87617733333333,10.246472666666667,26.0,141.64885496183206,-44.06106870229008,-469.0534351145038
140.71,-0.16182068443881148,25.838179315561188,0.0,0.021092222222222227,16.383746754255093,12.677297790527343,10.16338604736328,2.1021090576171875,26.768324151181695,100.9574014139032,66.16134382099442,43.87617733333333,10.246472666666667,26.0,107.40458015267176,-51.404580152671755,-374.30534351145036
140.73,-0.16182068443881148,25.838179315561188,0.0,0.021092222222222227,17.34756263684177,15.739481713867187,6.957550024414062,2.1906945190429687,26.768324151181695,100.9574014139032,66.16134382099442,43.87617733333333,10.246472666666667,26.0,32.595419847328245,-60.94656488549618,-192.793893129771
140.74,-0.16182068443881148,25.838179315561188,0.0,0.021092222222222227,18.315043044577504,17.118541870117188,6.277596752929687,1.7286135986328124,26.768324151181695,100.9574014139032,66.16134382099442,43.87617733333333,10.246472666666667,26.0,-35.66412213740458,-68.41221374045801,49.87786259541985
140.75,-0.16182068443881148,25.838179315561188,0.0,0.021092222222222227,17.1535675304765,16.287753894042968,4.254496350097656,3.294421484375,26.768324151181695,100.9574014139032,66.16134382099442,43.87617733333333,10.246472666666667,26.0,-84.29007633587786,-63.14503816793893,289.2977099236641
140.76,-0.16182068443881148,25.838179315561188,0.0,0.021092222222222227,17.1535675304765,16.287753894042968,4.254496350097656,3.294421484375,26.768324151181695,100.9574014139032,66.16134382099442,43.87617733333333,10.246472666666667,26.0,-84.29007633587786,-63.14503816793893,289.2977099236641
140.76,-0.16182068443881148,25.838179315561188,0.0,0.021092222222222227,15.136772676357344,14.46097802734375,3.488351818847656,2.798821740722656,26.768324151181695,100.9574014139032,66.16134382099442,43.87617733333333,10.246472666666667,26.0,-101.98473282442748,-29.893129770992367,464.0458015267176
140.77,-0.16182068443881148,25.838179315561188,0.0,0.021092222222222227,8.093181106012919,2.360682836914062,7.740453967285156,-0.11013327636718749,26.768324151181695,100.9574014139032,66.16134382099442,43.87617733333333,10.246472666666667,26.0,-87.1145038167939,18.916030534351144,500.25954198473283
140.79,-0.16182068443881148,25.838179315561188,0.0,0.021092222222222227,9.021689248597376,-1.7381904052734374,8.827421520996094,-0.6679822631835937,26.768324151181695,100.9574014139032,66.16134382099442,43.87617733333333,10.246472666666667,26.0,-68.25954198473282,61.49618320610687,489.2671755725191
140.8,-0.16182068443881148,25.838179315561188,0.0,0.021092222222222227,5.93811872736405,-1.5131354492187499,4.721365673828124,-3.268085266113281,26.768324151181695,100.9574014139032,66.16134382099442,43.87617733333333,10.246472666666667,26.0,-78.41221374045801,87.98473282442748,335.57251908396944
140.8,-0.1143435046530561,25.885656495346943,0.0,0.021092222222222227,5.93811872736405,-1.5131354492187499,4.721365673828124,-3.268085266113281,26.881594080824833,100.95683322141076,66.19356776354354,43.87617733333333,10.246472666666667,26.0,-78.41221374045801,87.98473282442748,335.57251908396944
140.81,-0.1143435046530561,25.885656495346943,0.0,0.021092222222222227,3.9460692547959075,0.6536170532226562,0.7613561279296874,-3.816357446289062,26.881594080824833,100.95683322141076,66.19356776354354,43.87617733333333,10.246472666666667,26.0,-56.961832061068705,77.92366412213741,84.45801526717557
140.82,-0.1143435046530561,25.885656495346943,0.0,0.021092222222222227,6.0042276893196505,5.4899044067382805,-0.07900865478515624,-2.4301146850585935,26.881594080824833,100.95683322141076,66.19356776354354,43.87617733333333,10.246472666666667,26.0,-7.557251908396947,27.862595419847327,-210.3053435114504
140.83,-0.1143435046530561,25.885656495346943,0.0,0.021092222222222227,8.001410844067596,6.605602380371093,4.084508032226562,-1.924938134765625,26.881594080824833,100.95683322141076,66.19356776354354,43.87617733333333,10.246472666666667,26.0,52.44274809160305,-29.14503816793893,-477.37404580152673
140.85,-0.1143435046530561,25.885656495346943,0.0,0.021092222222222227,12.033192996552744,8.48505068359375,8.499415893554687,-0.7493851196289062,26.881594080824833,100.95683322141076,66.19356776354354,43.87617733333333,10.246472666666667,26.0,131.09923664122138,-62.67175572519084,-500.2748091603053
140.86,-0.1143435046530561,25.885656495346943,0.0,0.021092222222222227,16.7700550851692,12.943054174804686,10.568006127929687,1.4245499877929686,26.881594080824833,100.95683322141076,66.19356776354354,43.87617733333333,10.246472666666667,26.0,173.78625954198472,-70.38167938931298,-500.2748091603053
140.86,-0.1143435046530561,25.885656495346943,0.0,0.021092222222222227,16.7700550851692,12.943054174804686,10.568006127929687,1.4245499877929686,26.881594080824833,100.95683322141076,66.19356776354354,43.87617733333333,10.246472666666667,26.0,173.78625954198472,-70.38167938931298,-500.2748091603053
140.87,-0.1143435046530561,25.885656495346943,0.0,0.021092222222222227,18.31554505406339,12.674903588867187,11.85608662109375,5.851428857421874,26.881594080824833,100.95683322141076,66.19356776354354,43.87617733333333,10.246472666666667,26.0,139.8320610687023,-67.81679389312977,-500.2748091603053
140.88,-0.1143435046530561,25.885656495346943,0.0,0.021092222222222227,18.637918827072955,13.898340637207031,10.17056865234375,7.125144140624999,26.881594080824833,100.95683322141076,66.19356776354354,43.87617733333333,10.246472666666667,26.0,46.68702290076336,-71.57251908396947,-332.7022900763359
140.89,-0.1143435046530561,25.885656495346943,0.0,0.006687777777777778,18.637918827072955,13.898340637207031,10.17056865234375,7.125144140624999,26.881594080824833,100.95683322141076,66.19356776354354,43.876176666666666,10.246472666666667,26.0,46.68702290076336,-71.57251908396947,-332.7022900763359
140.89,-0.1143435046530561,25.885656495346943,0.0,0.006687777777777778,18.69101790861028,16.68040296630859,5.894524487304687,6.030993981933594,26.881594080824833,100.95683322141076,66.19356776354354,43.876176666666666,10.246472666666667,26.0,-50.229007633587784,-65.52671755725191,11.969465648854962
140.91,-0.1143435046530561,25.885656495346943,0.0,0.006687777777777778,14.504854379921694,12.57674132080078,5.604826086425781,4.560954162597656,26.881594080824833,100.95683322141076,66.19356776354354,43.876176666666666,10.246472666666667,26.0,-109.45038167938931,-30.091603053435115,-0.015267175572519083
140.91,-0.1067956087305677,25.893204391269432,0.0,0.006687777777777778,14.504854379921694,12.57674132080078,5.604826086425781,4.560954162597656,26.96151239406663,100.95674289071953,66.22745069172956,43.876176666666666,10.246472666666667,26.0,-109.45038167938931,-30.091603053435115,-0.015267175572519083
140.92,-0.1067956087305677,25.893204391269432,0.0,0.006687777777777778,13.698855540974327,9.797073193359374,9.323021264648437,2.1811177124023438,26.96151239406663,100.95674289071953,66.22745069172956,43.876176666666666,10.246472666666667,26.0,-138.06106870229007,17.31297709923664,456.2442748091603
140.93,-0.1067956087305677,25.893204391269432,0.0,0.006687777777777778,12.031904119859218,9.481038574218749,7.3861121215820305,-0.5674257934570313,26.96151239406663,100.95674289071953,66.22745069172956,43.876176666666666,10.246472666666667,26.0,-129.25190839694656,59.770992366412216,439.0687022900763
140.94,-0.1067956087305677,25.893204391269432,0.0,0.006687777777777778,7.869789294390371,7.161057165527343,2.6599580444335937,-1.8914193115234375,26.96151239406663,100.95674289071953,66.22745069172956,43.876176666666666,10.246472666666667,26.0,-70.04580152671755,79.87786259541984,272.58015267175574
140.95,-0.1067956087305677,25.893204391269432,0.0,0.006687777777777778,4.505588557327802,3.404554760742187,1.7549498168945312,-2.3726538452148436,26.96151239406663,100.95674289071953,66.22745069172956,43.876176666666666,10.246472666666667,26.0,2.5343511450381677,62.916030534351144,44.47328244274809
140.96,-0.1067956087305677,25.893204391269432,0.0,0.006687777777777778,4.505588557327802,3.404554760742187,1.7549498168945312,-2.3726538452148436,26.96151239406663,100.95674289071953,66.22745069172956,43.876176666666666,10.246472666666667,26.0,2.5343511450381677,62.916030534351144,44.47328244274809
140.97,-0.1067956087305677,25.893204391269432,0.0,0.006687777777777778,4.906114713906845,2.4253262817382812,3.806780639648437,-1.9225439331054686,26.96151239406663,100.95674289071953,66.22745069172956,43.876176666666666,10.246472666666667,26.0,61.19083969465649,21.14503816793893,-145.64885496183206
140.98,-0.1067956087305677,25.893204391269432,0.0,0.006687777777777778,6.938392693427375,1.2665326782226562,6.639121203613281,-1.5682020874023437,26.96151239406663,100.95674289071953,66.22745069172956,43.876176666666666,10.246472666666667,26.0,89.40458015267176,-16.259541984732824,-253.8320610687023
140.99,-0.1067956087305677,25.893204391269432,0.0,0.006687777777777778,9.613123958077908,2.0374656127929685,9.380482104492186,-0.51714755859375,26.96151239406663,100.95674289071953,66.22745069172956,43.876176666666666,10.246472666666667,26.0,85.57251908396947,-38.48854961832061,-270.1679389312977
141.0,-0.1067956087305677,25.893204391269432,0.0,0.006687777777777778,11.474458679623298,4.668693237304687,10.474632263183594,0.3854664672851562,26.96151239406663,100.95674289071953,66.22745069172956,43.876176666666666,10.246472666666667,26.0,57.93893129770992,-47.7557251908397,-216.45801526717557
141.01,-0.1067956087305677,25.893204391269432,0.0,0.006687777777777778,12.452154219694826,8.628702783203124,8.9255837890625,0.967257470703125,26.96151239406663,100.95674289071953,66.22745069172956,43.876176666666666,10.246472666666667,26.0,18.244274809160306,-50.97709923664122,-137.2824427480916
141.02,-0.037690122007969507,25.96230987799203,6.910548672246464,0.006687777777777778,12.452154219694826,8.628702783203124,8.9255837890625,0.967257470703125,26.9797614675952,100.95591586243384,66.20937343628856,43.876176666666666,10.246472666666667,26.0,18.244274809160306,-50.97709923664122,-137.2824427480916
141.03,-0.037690122007969507,25.96230987799203,0.0,0.006687777777777778,15.934055465802386,14.774618444824219,5.614402893066406,2.020706201171875,26.9797614675952,100.95591586243384,66.20937343628856,43.876176666666666,10.246472666666667,26.0,-19.083969465648856,-52.61068702290076,-73.95419847328245
141.04,-0.037690122007969507,25.96230987799203,0.0,0.006687777777777778,17.266178145565693,16.761805822753907,2.6982652709960937,3.143586779785156,26.9797614675952,100.95591586243384,66.20937343628856,43.876176666666666,10.246472666666667,26.0,-36.25954198473283,-47.49618320610687,-37.57251908396947
141.05,-0.037690122007969507,25.96230987799203,0.0,0.006687777777777778,17.019016411827074,16.33803212890625,2.2673089721679687,4.192247106933594,26.9797614675952,100.95591586243384,66.20937343628856,43.876176666666666,10.246472666666667,26.0,-27.19083969465649,-31.938931297709924,-3.267175572519084
141.06,-0.037690122007969507,25.96230987799203,0.0,0.006687777777777778,17.019016411827074,16.33803212890625,2.2673089721679687,4.192247106933594,26.9797614675952,100.95591586243384,66.20937343628856,43.876176666666666,10.246472666666667,26.0,-27.19083969465649,-31.938931297709924,-3.267175572519084
141.06,-0.037690122007969507,25.96230987799203,0.0,0.006687777777777778,15.157398192228756,14.379575170898436,3.488351818847656,3.287238879394531,26.9797614675952,100.95591586243384,66.20937343628856,43.876176666666666,10.246472666666667,26.0,2.183206106870229,-7.984732824427481,50.091603053435115
141.07,-0.037690122007969507,25.96230987799203,0.0,0.006687777777777778,12.809382980900745,11.578359228515625,5.058948107910156,2.104503259277344,26.9797614675952,100.95591586243384,66.20937343628856,43.876176666666666,10.246472666666667,26.0,22.9618320610687,18.15267175572519,118.47328244274809
141.09,-0.037690122007969507,25.96230987799203,0.0,0.006687777777777778,10.598690784868607,7.165845568847656,7.788338000488281,0.5698199951171875,26.9797614675952,100.95591586243384,66.20937343628856,43.876176666666666,10.246472666666667,26.0,25.954198473282442,39.93893129770992,179.96946564885496
141.1,-0.037690122007969507,25.96230987799203,0.0,0.006687777777777778,11.071525248966951,4.189852905273438,10.244788903808594,-0.2609679809570312,26.9797614675952,100.95591586243384,66.20937343628856,43.876176666666666,10.246472666666667,26.0,8.076335877862595,51.74045801526717,209.40458015267177
141.11,-0.037690122007969507,25.96230987799203,0.0,0.006687777777777778,10.981249886304981,4.285620971679688,10.065223779296874,-0.9552864624023437,26.9797614675952,100.95591586243384,66.20937343628856,43.876176666666666,10.246472666666667,26.0,-11.740458015267176,50.67175572519084,183.08396946564886
141.12,-0.037690122007969507,25.96230987799203,0.0,0.006687777777777778,8.597571827751935,3.842693664550781,7.587225061035156,-1.2593500732421874,26.9797614675952,100.95591586243384,66.20937343628856,43.876176666666666,10.246472666666667,26.0,-2.595419847328244,35.11450381679389,99.14503816793894
141.13,0.005228124843672521,26.005228124843672,4.291824685168106,0.006687777777777778,8.597571827751935,3.842693664550781,7.587225061035156,-1.2593500732421874,26.96465878579238,100.95540223587582,66.19993570677198,43.876176666666666,10.246472666666667,26.0,-2.595419847328244,35.11450381679389,99.14503816793894
141.13,0.005228124843672521,26.005228124843672,4.291824685168106,0.006687777777777778,7.863202706134849,4.242525341796875,6.459556079101562,-1.4508862060546874,26.96465878579238,100.95540223587582,66.19993570677198,43.876176666666666,10.246472666666667,26.0,27.328244274809162,6.213740458015267,-5.6183206106870225
141.15,0.005228124843672521,26.005228124843672,0.0,0.006687777777777778,9.666621446719411,6.054935998535156,7.524975817871093,-0.3950432739257812,26.96465878579238,100.95540223587582,66.19993570677198,43.876176666666666,10.246472666666667,26.0,49.908396946564885,-25.236641221374047,-90.44274809160305
141.16,0.005228124843672521,26.005228124843672,0.0,0.006687777777777778,9.500454049697609,5.200206005859375,7.848193041992187,1.2737152832031249,26.96465878579238,100.95540223587582,66.19993570677198,43.876176666666666,10.246472666666667,26.0,58.12213740458015,-43.20610687022901,-135.5114503816794
141.16,0.005228124843672521,26.005228124843672,0.0,0.006687777777777778,9.500454049697609,5.200206005859375,7.848193041992187,1.2737152832031249,26.96465878579238,100.95540223587582,66.19993570677198,43.876176666666666,10.246472666666667,26.0,58.12213740458015,-43.20610687022901,-135.5114503816794
141.17,0.005228124843672521,26.005228124843672,0.0,0.006687777777777778,9.602734266041676,5.698199951171874,7.651868505859374,1.0917559570312498,26.96465878579238,100.95540223587582,66.19993570677198,43.876176666666666,10.246472666666667,26.0,44.06106870229008,-42.99236641221374,-131.32824427480915
141.18,0.005228124843672521,26.005228124843672,0.0,0.006687777777777778,9.737293503865976,6.256048937988281,7.37414111328125,1.139639990234375,26.96465878579238,100.95540223587582,66.19993570677198,43.876176666666666,10.246472666666667,26.0,13.954198473282442,-33.3587786259542,-83.6793893129771
141.19,0.005228124843672521,26.005228124843672,0.0,0.006687777777777778,9.813461990284603,7.273584643554687,6.4356140625,1.407790576171875,26.96465878579238,100.95540223587582,66.19993570677198,43.876176666666666,10.246472666666667,26.0,-12.061068702290076,-21.450381679389313,-13.801526717557252
141.21,0.005228124843672521,26.005228124843672,0.0,0.006687777777777778,9.676440510933862,7.738059765625,5.65031591796875,1.3527239379882812,26.96465878579238,100.95540223587582,66.19993570677198,43.876176666666666,10.246472666666667,26.0,-27.022900763358777,-10.442748091603054,53.725190839694655
141.22,0.005228124843672521,26.005228124843672,0.0,0.006687777777777778,9.61767644227273,8.027758166503906,5.070919116210937,1.5298948608398437,26.96465878579238,100.95540223587582,66.19993570677198,43.876176666666666,10.246472666666667,26.0,-29.450381679389313,-3.435114503816794,104.07633587786259
141.23,0.005228124843672521,26.005228124843672,0.0,0.006687777777777778,10.737938127197094,9.41639512939453,4.505887524414062,2.5163059448242184,26.96465878579238,100.95540223587582,66.19993570677198,43.876176666666666,10.246472666666667,26.0,-25.46564885496183,-1.297709923664122,131.31297709923663
141.24,-0.06187548178204105,25.938124518217958,-6.710360662558388,0.006687777777777778,10.737938127197094,9.41639512939453,4.505887524414062,2.5163059448242184,26.933194873446155,100.95620530303339,66.1878647965706,43.876176666666666,10.246472666666667,26.0,-25.46564885496183,-1.297709923664122,131.31297709923663
141.24,-0.06187548178204105,25.938124518217958,-6.710360662558388,0.006687777777777778,11.38217948173898,10.254365710449218,3.8762124877929685,3.0621839233398433,26.933194873446155,100.95620530303339,66.1878647965706,43.876176666666666,10.246472666666667,26.0,-17.603053435114504,-0.7480916030534351,130.9770992366412
141.25,-0.06187548178204105,25.938124518217958,0.0,0.006687777777777778,10.619296249417506,9.751583361816406,3.689464758300781,2.0159177978515626,26.933194873446155,100.95620530303339,66.1878647965706,43.876176666666666,10.246472666666667,26.0,-1.9389312977099236,0.8091603053435115,109.86259541984732
141.26,-0.06187548178204105,25.938124518217958,0.0,0.006687777777777778,10.619296249417506,9.751583361816406,3.689464758300781,2.0159177978515626,26.933194873446155,100.95620530303339,66.1878647965706,43.876176666666666,10.246472666666667,26.0,-1.9389312977099236,0.8091603053435115,109.86259541984732
141.27,-0.06187548178204105,25.938124518217958,0.0,0.006687777777777778,10.156192436499346,9.205705383300781,4.060566015625,1.3838485595703125,26.933194873446155,100.95620530303339,66.1878647965706,43.876176666666666,10.246472666666667,26.0,20.16793893129771,-1.5114503816793894,85.09923664122137
141.28,-0.06187548178204105,25.938124518217958,0.0,0.006687777777777778,8.693703933254332,7.659051110839843,4.084508032226562,0.4860229370117187,26.933194873446155,100.95620530303339,66.1878647965706,43.876176666666666,10.246472666666667,26.0,32.16793893129771,-7.480916030534351,62.62595419847328
141.29,-0.06187548178204105,25.938124518217958,0.0,0.006687777777777778,7.688853664655894,6.816292126464844,3.5482068603515624,0.258573779296875,26.933194873446155,100.95620530303339,66.1878647965706,43.876176666666666,10.246472666666667,26.0,40.2442748091603,-15.98473282442748,46.06106870229008
141.3,-0.06187548178204105,25.938124518217958,0.0,0.006687777777777778,6.7293419360820925,5.691017346191406,3.5889082885742187,0.12689268798828124,26.933194873446155,100.95620530303339,66.1878647965706,43.876176666666666,10.246472666666667,26.0,36.732824427480914,-23.389312977099237,38.29007633587786
141.31,-0.06187548178204105,25.938124518217958,0.0,0.006687777777777778,8.329447188982524,7.117961535644531,4.165910888671875,1.1659762084960936,26.933194873446155,100.95620530303339,66.1878647965706,43.876176666666666,10.246472666666667,26.0,14.793893129770993,-26.137404580152673,40.54961832061068
141.33,-0.06187548178204105,25.938124518217958,0.0,0.006687777777777778,10.638614804163598,9.203311181640624,5.125985754394531,1.484405029296875,26.933194873446155,100.95620530303339,66.1878647965706,43.876176666666666,10.246472666666667,26.0,-8.610687022900763,-20.3206106870229,44.18320610687023
141.34,-0.06187548178204105,25.938124518217958,0.0,0.006687777777777778,11.654612922787432,10.091559997558592,5.664681127929687,1.37906015625,26.933194873446155,100.95620530303339,66.1878647965706,43.876176666666666,10.246472666666667,26.0,-16.900763358778626,-9.312977099236642,40.916030534351144
141.35,-0.06187548178204105,25.938124518217958,0.0,0.006687777777777778,11.258687421108192,9.562441430664062,5.9400143188476555,0.18435352783203124,26.933194873446155,100.95620530303339,66.1878647965706,43.876176666666666,10.246472666666667,26.0,-15.648854961832061,-1.465648854961832,36.091603053435115
141.35,-0.09767920342158343,25.902320796578415,0.0,0.006687777777777778,11.258687421108192,9.562441430664062,5.9400143188476555,0.18435352783203124,26.894494276228215,100.95663378872027,66.18863970140485,43.876176666666666,10.246472666666667,26.0,-15.648854961832061,-1.465648854961832,36.091603053435115
141.36,-0.09767920342158343,25.902320796578415,0.0,0.006687777777777778,11.258687421108192,9.562441430664062,5.9400143188476555,0.18435352783203124,26.894494276228215,100.95663378872027,66.18863970140485,43.876176666666666,10.246472666666667,26.0,-15.648854961832061,-1.465648854961832,36.091603053435115
141.36,-0.09767920342158343,25.902320796578415,0.0,0.006687777777777778,11.474238120955087,9.78031378173828,5.4515971801757805,2.5067291381835934,26.894494276228215,100.95663378872027,66.18863970140485,43.876176666666666,10.246472666666667,26.0,-14.534351145038167,-1.3435114503816794,37.17557251908397
141.37,-0.09767920342158343,25.902320796578415,0.0,0.006687777777777778,11.86626558605679,10.050858569335936,5.506663818359375,3.076549133300781,26.894494276228215,100.95663378872027,66.18863970140485,43.876176666666666,10.246472666666667,26.0,-6.8396946564885495,-0.1984732824427481,41.847328244274806
141.39,-0.09767920342158343,25.902320796578415,0.0,0.006687777777777778,10.538224045153765,9.141061938476563,4.783614916992187,2.147598889160156,26.894494276228215,100.95663378872027,66.18863970140485,43.876176666666666,10.246472666666667,26.0,6.3816793893129775,4.442748091603053,42.2442748091603
141.4,-0.09767920342158343,25.902320796578415,0.0,0.006687777777777778,8.576198447130897,7.788338000488281,3.239354846191406,1.5490484741210937,26.894494276228215,100.95663378872027,66.18863970140485,43.876176666666666,10.246472666666667,26.0,13.221374045801527,6.442748091603053,37.6793893129771
141.41,-0.09767920342158343,25.902320796578415,0.0,0.006687777777777778,8.575306106858605,7.999027746582031,2.7054478759765623,1.4939818359375,26.894494276228215,100.95663378872027,66.18863970140485,43.876176666666666,10.246472666666667,26.0,3.0381679389312977,5.190839694656488,33.12977099236641
141.42,-0.09767920342158343,25.902320796578415,0.0,0.006687777777777778,9.06065397510744,8.463502868652343,3.0502129150390624,1.0773907470703123,26.894494276228215,100.95663378872027,66.18863970140485,43.876176666666666,10.246472666666667,26.0,-13.48091603053435,5.00763358778626,25.633587786259543
141.43,-0.09767920342158343,25.902320796578415,0.0,0.006687777777777778,9.845348780210026,8.870517150878905,4.2137949218749995,0.699106884765625,26.894494276228215,100.95663378872027,66.18863970140485,43.876176666666666,10.246472666666667,26.0,-22.137404580152673,5.877862595419847,11.679389312977099
141.45,-0.09767920342158343,25.902320796578415,0.0,0.006687777777777778,10.829209662313938,9.306261853027344,5.461173986816406,0.9169792358398436,26.894494276228215,100.95663378872027,66.18863970140485,43.876176666666666,10.246472666666667,26.0,-21.51145038167939,5.3893129770992365,-7.190839694656488
141.46,-0.09767920342158343,25.902320796578415,0.0,0.006687777777777778,11.938764780378213,10.022128149414062,6.37815322265625,1.1875240234375,26.894494276228215,100.95663378872027,66.18863970140485,43.876176666666666,10.246472666666667,26.0,-12.366412213740459,3.5877862595419847,-27.572519083969464
141.46,-0.04979139949526479,25.950208600504734,0.0,0.006687777777777778,11.938764780378213,10.022128149414062,6.37815322265625,1.1875240234375,26.853905862739158,100.95606068554223,66.19611640106697,43.876176666666666,10.246472666666667,26.0,-12.366412213740459,3.5877862595419847,-27.572519083969464
141.46,-0.04979139949526479,25.950208600504734,0.0,0.006687777777777778,11.938764780378213,10.022128149414062,6.37815322265625,1.1875240234375,26.853905862739158,100.95606068554223,66.19611640106697,43.876176666666666,10.246472666666667,26.0,-12.366412213740459,3.5877862595419847,-27.572519083969464
141.47,-0.04979139949526479,25.950208600504734,0.0,0.006687777777777778,11.603346376255988,9.694122521972655,6.198588098144531,1.4963760375976562,26.853905862739158,100.95606068554223,66.19611640106697,43.876176666666666,10.246472666666667,26.0,3.7557251908396947,1.5877862595419847,-44.29007633587786
141.48,-0.04979139949526479,25.950208600504734,0.0,0.006687777777777778,10.503055967587049,8.659827404785156,5.7843912109375,1.3646949462890625,26.853905862739158,100.95606068554223,66.19611640106697,43.876176666666666,10.246472666666667,26.0,17.0381679389313,-1.099236641221374,-50.19847328244275
141.49,-0.04979139949526479,25.950208600504734,0.0,0.006687777777777778,9.91543435082991,8.097190014648437,5.595249279785156,1.2018892333984375,26.853905862739158,100.95606068554223,66.19611640106697,43.876176666666666,10.246472666666667,26.0,16.442748091603054,-4.122137404580153,-38.25954198473283
141.51,-0.04979139949526479,25.950208600504734,0.0,0.006687777777777778,10.965361531230178,9.45470235595703,5.329492895507812,1.5634136840820312,26.853905862739158,100.95606068554223,66.19611640106697,43.876176666666666,10.246472666666667,26.0,10.778625954198473,-6.748091603053435,-11.633587786259541
141.52,-0.04979139949526479,25.950208600504734,0.0,0.006687777777777778,11.261929895105387,9.95987890625,4.786009118652344,2.1739351074218747,26.853905862739158,100.95606068554223,66.19611640106697,43.876176666666666,10.246472666666667,26.0,9.419847328244275,-7.267175572519084,15.83206106870229
141.53,-0.04979139949526479,25.950208600504734,0.0,0.006687777777777778,10.923894228757787,9.842563024902343,4.3813890380859375,1.8052280517578123,26.853905862739158,100.95606068554223,66.19611640106697,43.876176666666666,10.246472666666667,26.0,9.969465648854962,-5.9541984732824424,32.79389312977099
141.54,-0.04979139949526479,25.950208600504734,0.0,0.006687777777777778,10.596871782057562,9.591171850585937,4.242525341796875,1.5179238525390624,26.853905862739158,100.95606068554223,66.19611640106697,43.876176666666666,10.246472666666667,26.0,12.717557251908397,-5.435114503816794,40.13740458015267
141.55,-0.04979139949526479,25.950208600504734,0.0,0.006687777777777778,10.615481130303436,9.375693701171874,4.742913488769531,1.5131354492187499,26.853905862739158,100.95606068554223,66.19611640106697,43.876176666666666,10.246472666666667,26.0,17.251908396946565,-6.900763358778626,38.36641221374046
141.56,-0.04979139949526479,25.950208600504734,0.0,0.006687777777777778,10.615481130303436,9.375693701171874,4.742913488769531,1.5131354492187499,26.853905862739158,100.95606068554223,66.19611640106697,43.876176666666666,10.246472666666667,26.0,17.251908396946565,-6.900763358778626,38.36641221374046
141.57,-0.04979139949526479,25.950208600504734,0.0,0.006687777777777778,10.572802392642927,9.13627353515625,5.183446594238281,1.2018892333984375,26.853905862739158,100.95606068554223,66.19611640106697,43.876176666666666,10.246472666666667,26.0,22.35114503816794,-10.15267175572519,30.290076335877863
141.58,-0.04979139949526479,25.950208600504734,0.0,0.006687777777777778,10.05592201706162,8.532934716796875,5.116408947753906,1.4604630126953124,26.853905862739158,100.95606068554223,66.19611640106697,43.876176666666666,10.246472666666667,26.0,29.64885496183206,-15.022900763358779,21.00763358778626
141.59,-0.04979139949526479,25.950208600504734,0.0,0.006687777777777778,9.660836885817613,8.271966735839843,4.623203405761719,1.879448303222656,26.853905862739158,100.95606068554223,66.19611640106697,43.876176666666666,10.246472666666667,26.0,37.083969465648856,-20.53435114503817,15.32824427480916
141.6,-0.04979139949526479,25.950208600504734,0.0,0.006687777777777778,8.934983851576343,7.728482958984374,3.9743747558593747,2.0757728393554684,26.853905862739158,100.95606068554223,66.19611640106697,43.876176666666666,10.246472666666667,26.0,50.38167938931298,-26.82442748091603,21.69465648854962
141.61,-0.04979139949526479,25.950208600504734,0.0,0.006687777777777778,8.110637206912791,7.232883215332031,3.5146880371093747,1.0558429321289062,26.853905862739158,100.95606068554223,66.19611640106697,43.876176666666666,10.246472666666667,26.0,55.32824427480916,-37.51145038167939,45.954198473282446
141.63,-0.04979139949526479,25.950208600504734,0.0,0.006687777777777778,7.675452429361915,6.847416748046874,3.162740393066406,1.4221557861328125,26.853905862739158,100.95606068554223,66.19611640106697,43.876176666666666,10.246472666666667,26.0,35.786259541984734,-51.41984732824427,80.06106870229007
141.64,-0.04979139949526479,25.950208600504734,0.0,0.006687777777777778,7.683166218288486,6.739677673339843,3.1699229980468746,1.886630908203125,26.853905862739158,100.95606068554223,66.19611640106697,43.876176666666666,10.246472666666667,26.0,14.229007633587786,-63.52671755725191,115.70992366412214
141.65,-0.04979139949526479,25.950208600504734,0.0,0.006687777777777778,7.7913391902942655,6.845022546386718,3.1268273681640624,2.0183119995117185,26.853905862739158,100.95606068554223,66.19611640106697,43.876176666666666,10.246472666666667,26.0,-9.145038167938932,-68.42748091603053,143.6793893129771
141.66,-0.04979139949526479,25.950208600504734,0.0,0.006687777777777778,7.7913391902942655,6.845022546386718,3.1268273681640624,2.0183119995117185,26.853905862739158,100.95606068554223,66.19611640106697,43.876176666666666,10.246472666666667,26.0,-9.145038167938932,-68.42748091603053,143.6793893129771
141.66,-0.04979139949526479,25.950208600504734,0.0,0.006687777777777778,9.507292794789729,8.839392529296875,2.942473840332031,1.89620771484375,26.853905862739158,100.95606068554223,66.19611640106697,43.876176666666666,10.246472666666667,26.0,-25.61832061068702,-66.59541984732824,159.93893129770993
141.67,-0.04979139949526479,25.950208600504734,0.0,0.006687777777777778,11.341331242457075,10.711658227539061,2.9664158569335934,2.2553379638671873,26.853905862739158,100.95606068554223,66.19611640106697,43.876176666666666,10.246472666666667,26.0,-34.29007633587786,-60.44274809160305,159.16030534351145
141.69,-0.04979139949526479,25.950208600504734,0.0,0.006687777777777778,12.00958592207494,11.212046374511718,3.0502129150390624,3.0358477050781247,26.853905862739158,100.95606068554223,66.19611640106697,43.876176666666666,10.246472666666667,26.0,-34.656488549618324,-50.48854961832061,141.58778625954199
141.7,-0.04979139949526479,25.950208600504734,0.0,0.006687777777777778,11.666894575208422,10.862492932128905,2.9448680419921875,3.0741549316406247,26.853905862739158,100.95606068554223,66.19611640106697,43.876176666666666,10.246472666666667,26.0,-24.580152671755727,-34.213740458015266,117.7557251908397
141.71,-0.04979139949526479,25.950208600504734,0.0,0.006687777777777778,11.507965326325728,10.991779821777342,2.5570073730468748,2.252943762207031,26.853905862739158,100.95606068554223,66.19611640106697,43.876176666666666,10.246472666666667,26.0,-10.50381679389313,-11.572519083969466,96.21374045801527
141.72,-0.04979139949526479,25.950208600504734,0.0,0.006687777777777778,10.279989888328743,9.866505041503906,1.8650830932617186,2.2026655273437497,26.853905862739158,100.95606068554223,66.19611640106697,43.876176666666666,10.246472666666667,26.0,-8.549618320610687,12.458015267175572,81.8473282442748
141.73,-0.04979139949526479,25.950208600504734,0.0,0.006687777777777778,9.656129926257288,9.445125549316407,0.7948749511718749,1.8435352783203125,26.853905862739158,100.95606068554223,66.19611640106697,43.876176666666666,10.246472666666667,26.0,-15.938931297709924,33.343511450381676,77.72519083969466
141.74,-0.12121346390440602,25.878786536095593,-7.14220644090032,0.006687777777777778,9.656129926257288,9.445125549316407,0.7948749511718749,1.8435352783203125,26.781538969018403,100.95691543883983,66.1704706013555,43.876176666666666,10.246472666666667,26.0,-15.938931297709924,33.343511450381676,77.72519083969466
141.74,-0.12121346390440602,25.878786536095593,-7.14220644090032,0.006687777777777778,9.656129926257288,9.445125549316407,0.7948749511718749,1.8435352783203125,26.781538969018403,100.95691543883983,66.1704706013555,43.876176666666666,10.246472666666667,26.0,-15.938931297709924,33.343511450381676,77.72519083969466
141.75,-0.12121346390440602,25.878786536095593,0.0,0.006687777777777778,9.023918839462938,8.858546142578124,0.28969840087890625,1.695094775390625,26.781538969018403,100.95691543883983,66.1704706013555,43.876176666666666,10.246472666666667,26.0,-28.717557251908396,49.19083969465649,82.10687022900764
141.76,-0.12121346390440602,25.878786536095593,0.0,0.006687777777777778,9.42288031217438,9.287108239746093,0.18914193115234373,1.5825672973632812,26.781538969018403,100.95691543883983,66.1704706013555,43.876176666666666,10.246472666666667,26.0,-35.603053435114504,59.70992366412214,91.64885496183206
141.76,-0.12121346390440602,25.878786536095593,0.0,0.006687777777777778,9.42288031217438,9.287108239746093,0.18914193115234373,1.5825672973632812,26.781538969018403,100.95691543883983,66.1704706013555,43.876176666666666,10.246472666666667,26.0,-35.603053435114504,59.70992366412214,91.64885496183206
141.77,-0.12121346390440602,25.878786536095593,0.0,0.006687777777777778,10.384655334092193,10.225635290527343,0.5530605834960938,1.7238251953125,26.781538969018403,100.95691543883983,66.1704706013555,43.876176666666666,10.246472666666667,26.0,-28.15267175572519,64.80916030534351,101.17557251908397
141.78,-0.12121346390440602,25.878786536095593,0.0,0.006687777777777778,10.910549817231654,10.647014782714843,0.8690952026367187,2.2194249389648437,26.781538969018403,100.95691543883983,66.1704706013555,43.876176666666666,10.246472666666667,26.0,-15.389312977099237,65.20610687022901,105.87786259541984
141.79,-0.12121346390440602,25.878786536095593,0.0,0.006687777777777778,10.731008417826317,10.486603271484375,0.852335791015625,2.1116858642578125,26.781538969018403,100.95691543883983,66.1704706013555,43.876176666666666,10.246472666666667,26.0,-8.15267175572519,62.16793893129771,106.07633587786259
141.81,-0.12121346390440602,25.878786536095593,0.0,0.006687777777777778,10.32018508013044,10.134655627441406,0.6081272216796875,1.8507178833007811,26.781538969018403,100.95691543883983,66.1704706013555,43.876176666666666,10.246472666666667,26.0,-5.465648854961832,55.16030534351145,104.04580152671755
141.82,-0.12121346390440602,25.878786536095593,0.0,0.006687777777777778,10.256630532748948,10.13226142578125,-0.028730419921875,1.5921441040039062,26.781538969018403,100.95691543883983,66.1704706013555,43.876176666666666,10.246472666666667,26.0,-5.068702290076335,44.35114503816794,101.8473282442748
141.83,-0.12121346390440602,25.878786536095593,0.0,0.006687777777777778,10.285961247787906,10.158597644042969,-0.7757213378906249,1.4149731811523436,26.781538969018403,100.95691543883983,66.1704706013555,43.876176666666666,10.246472666666667,26.0,-8.977099236641221,31.251908396946565,99.06870229007633
141.84,-0.12121346390440602,25.878786536095593,0.0,0.006687777777777778,10.379124877052355,10.146626635742187,-1.7764976318359373,1.2713210815429687,26.781538969018403,100.95691543883983,66.1704706013555,43.876176666666666,10.246472666666667,26.0,-17.908396946564885,20.412213740458014,96.10687022900764
141.85,-0.12121346390440602,25.878786536095593,0.0,0.006687777777777778,10.950438734639611,10.730811840820312,-1.886630908203125,1.0965443603515623,26.781538969018403,100.95691543883983,66.1704706013555,43.876176666666666,10.246472666666667,26.0,-26.580152671755727,13.740458015267176,92.45801526717557
141.85,-0.13504347049100085,25.864956529508998,0.0,0.006687777777777778,10.950438734639611,10.730811840820312,-1.886630908203125,1.0965443603515623,26.8951235540997,100.95708095200732,66.19574522696752,43.876176666666666,10.246472666666667,26.0,-26.580152671755727,13.740458015267176,92.45801526717557
141.86,-0.13504347049100085,25.864956529508998,0.0,0.006687777777777778,10.950438734639611,10.730811840820312,-1.886630908203125,1.0965443603515623,26.8951235540997,100.95708095200732,66.19574522696752,43.876176666666666,10.246472666666667,26.0,-26.580152671755727,13.740458015267176,92.45801526717557
141.87,-0.13504347049100085,25.864956529508998,0.0,0.006687777777777778,11.781093008840038,11.54244620361328,-1.8914193115234375,1.4101847778320311,26.8951235540997,100.95708095200732,66.19574522696752,43.876176666666666,10.246472666666667,26.0,-29.64885496183206,10.51908396946565,84.58015267175573
141.88,-0.13504347049100085,25.864956529508998,0.0,0.006687777777777778,12.161084731326271,11.805808386230469,-1.3431471313476562,2.5905261962890624,26.8951235540997,100.95708095200732,66.19574522696752,43.876176666666666,10.246472666666667,26.0,-29.083969465648856,9.84732824427481,68.97709923664122
141.89,-0.13504347049100085,25.864956529508998,0.0,0.006687777777777778,12.364292070557392,12.011709729003906,-1.0941501586914062,2.7198130859375,26.8951235540997,100.95708095200732,66.19574522696752,43.876176666666666,10.246472666666667,26.0,-34.85496183206107,12.748091603053435,44.152671755725194
141.9,-0.13504347049100085,25.864956529508998,0.0,0.010803333333333335,12.364292070557392,12.011709729003906,-1.0941501586914062,2.7198130859375,26.8951235540997,100.95708095200732,66.19574522696752,43.8761765,10.246473166666666,26.1,-34.85496183206107,12.748091603053435,44.152671755725194
141.9,-0.13504347049100085,25.864956529508998,0.0,0.010803333333333335,12.01685112758346,11.865663427734374,-1.120486376953125,1.5346832641601562,26.8951235540997,100.95708095200732,66.19574522696752,43.8761765,10.246473166666666,26.1,-49.55725190839695,18.610687022900763,13.053435114503817
141.91,-0.13504347049100085,25.864956529508998,0.0,0.010803333333333335,11.436168070071572,11.396399902343749,-0.7637503295898437,0.5698199951171875,26.8951235540997,100.95708095200732,66.19574522696752,43.8761765,10.246473166666666,26.1,-54.900763358778626,23.053435114503817,-17.389312977099237
141.93,-0.13504347049100085,25.864956529508998,0.0,0.010803333333333335,11.004081095759902,10.984597216796875,0.33039982910156246,0.565031591796875,26.8951235540997,100.95708095200732,66.19574522696752,43.8761765,10.246473166666666,26.1,-44.29007633587786,23.52671755725191,-42.50381679389313
141.94,-0.13504347049100085,25.864956529508998,0.0,0.010803333333333335,10.469754070072298,10.388441003417968,0.9720458740234375,0.8667010009765624,26.8951235540997,100.95708095200732,66.19574522696752,43.8761765,10.246473166666666,26.1,-34.76335877862596,20.916030534351144,-59.29770992366412
141.95,-0.13504347049100085,25.864956529508998,0.0,0.010803333333333335,10.029317612931198,9.883264453125,1.6639701538085936,0.373495458984375,26.8951235540997,100.95708095200732,66.19574522696752,43.8761765,10.246473166666666,26.1,-35.221374045801525,16.717557251908396,-64.94656488549619
141.96,-0.13504347049100085,25.864956529508998,0.0,0.010803333333333335,9.794496688898503,9.651026892089844,1.6543933471679686,0.229843359375,26.8951235540997,100.95708095200732,66.19574522696752,43.8761765,10.246473166666666,26.1,-37.83206106870229,11.770992366412214,-60.76335877862596
141.96,-0.08867034418192032,25.91132965581808,0.0,0.010803333333333335,9.794496688898503,9.651026892089844,1.6543933471679686,0.229843359375,26.94011693322591,100.95652597388913,66.22400439720734,43.8761765,10.246473166666666,26.1,-37.83206106870229,11.770992366412214,-60.76335877862596
141.97,-0.08867034418192032,25.91132965581808,0.0,0.010803333333333335,9.794496688898503,9.651026892089844,1.6543933471679686,0.229843359375,26.94011693322591,100.95652597388913,66.22400439720734,43.8761765,10.246473166666666,26.1,-37.83206106870229,11.770992366412214,-60.76335877862596
141.97,-0.08867034418192032,25.91132965581808,0.0,0.010803333333333335,9.57176641763456,9.507374792480467,1.0319009155273438,0.40462008056640625,26.94011693322591,100.95652597388913,66.22400439720734,43.8761765,10.246473166666666,26.1,-36.19847328244275,6.717557251908397,-49.51145038167939
141.99,-0.08867034418192032,25.91132965581808,0.0,0.010803333333333335,9.714553706299407,9.694122521972655,-0.00718260498046875,0.6296750366210937,26.94011693322591,100.95652597388913,66.22400439720734,43.8761765,10.246473166666666,26.1,-30.595419847328245,4.793893129770993,-32.030534351145036
142.0,-0.08867034418192032,25.91132965581808,0.0,0.010803333333333335,9.99385229625388,9.926360083007811,-0.8786720092773437,0.7565677246093749,26.94011693322591,100.95652597388913,66.22400439720734,43.8761765,10.246473166666666,26.1,-22.458015267175572,8.564885496183207,-9.48091603053435
142.01,-0.08867034418192032,25.91132965581808,0.0,0.010803333333333335,10.351005743482599,10.27830772705078,-0.8930372192382812,0.8379705810546875,26.94011693322591,100.95652597388913,66.22400439720734,43.8761765,10.246473166666666,26.1,-20.442748091603054,14.992366412213741,14.946564885496183
142.02,-0.08867034418192032,25.91132965581808,0.0,0.010803333333333335,10.431395958580154,10.347739575195313,-0.6751648681640625,1.1324573852539062,26.94011693322591,100.95652597388913,66.22400439720734,43.8761765,10.246473166666666,26.1,-21.16030534351145,19.83206106870229,35.954198473282446
142.03,-0.08867034418192032,25.91132965581808,0.0,0.010803333333333335,10.541129664312109,10.445901843261717,-1.0103531005859374,0.9888052856445312,26.94011693322591,100.95652597388913,66.22400439720734,43.8761765,10.246473166666666,26.1,-16.015267175572518,22.549618320610687,49.38931297709924
142.05,-0.08867034418192032,25.91132965581808,0.0,0.010803333333333335,10.678419887242617,10.570400329589843,-1.4796166259765624,0.32561142578124996,26.94011693322591,100.95652597388913,66.22400439720734,43.8761765,10.246473166666666,26.1,-7.083969465648855,23.34351145038168,53.14503816793893
142.06,-0.08867034418192032,25.91132965581808,0.0,0.010803333333333335,10.672228525660818,10.601524951171875,-1.226429800415039,-0.0005985504150390625,26.94011693322591,100.95652597388913,66.22400439720734,43.8761765,10.246473166666666,26.1,-0.015267175572519083,-0.015267175572519083,-0.015267175572519083
142.06,-0.08867034418192032,25.91132965581808,0.0,0.010803333333333335,10.672228525660818,10.601524951171875,-1.226429800415039,-0.0005985504150390625,26.94011693322591,100.95652597388913,66.22400439720734,43.8761765,10.246473166666666,26.1,-0.015267175572519083,-0.015267175572519083,-0.015267175572519083
142.07,-0.08867034418192032,25.91132965581808,0.0,0.010803333333333335,10.591192082348329,10.570400329589843,-0.6560112548828124,0.09816226806640624,26.94011693322591,100.95652597388913,66.22400439720734,43.8761765,10.246473166666666,26.1,16.68702290076336,16.244274809160306,29.633587786259543
142.08,-0.08867034418192032,25.91132965581808,0.0,0.010803333333333335,10.399508359749113,10.381258398437499,0.05985504150390625,0.612915625,26.94011693322591,100.95652597388913,66.22400439720734,43.8761765,10.246473166666666,26.1,28.442748091603054,9.664122137404581,10.961832061068701
142.08,-0.0495558722348477,25.950444127765152,0.0,0.010803333333333335,10.399508359749113,10.381258398437499,0.05985504150390625,0.612915625,26.94137548960625,100.95605786684733,66.21019630218903,43.8761765,10.246473166666666,26.1,28.442748091603054,9.664122137404581,10.961832061068701
142.09,-0.0495558722348477,25.950444127765152,0.0,0.010803333333333335,10.093755153688424,10.043675964355469,0.40940848388671874,0.9169792358398436,26.94137548960625,100.95605786684733,66.21019630218903,43.8761765,10.246473166666666,26.1,36.091603053435115,4.900763358778626,-4.6106870229007635
142.11,-0.0495558722348477,25.950444127765152,0.0,0.010803333333333335,9.938086534817613,9.878476049804688,0.5602431884765625,0.9313444458007812,26.94137548960625,100.95605786684733,66.21019630218903,43.8761765,10.246473166666666,26.1,37.52671755725191,3.404580152671756,-11.86259541984733
142.12,-0.0495558722348477,25.950444127765152,0.0,0.010803333333333335,9.640526427528227,9.600748657226562,0.5291185668945312,0.6967126831054687,26.94137548960625,100.95605786684733,66.21019630218903,43.8761765,10.246473166666666,26.1,34.87022900763359,2.564885496183206,-9.740458015267176
142.13,-0.0495558722348477,25.950444127765152,0.0,0.010803333333333335,9.73263736159386,9.6917283203125,0.6009446166992187,0.6584054565429687,26.94137548960625,100.95605786684733,66.21019630218903,43.8761765,10.246473166666666,26.1,31.022900763358777,0.4122137404580153,0.42748091603053434
142.14,-0.0495558722348477,25.950444127765152,0.0,0.010803333333333335,9.59453067522019,9.552864624023437,0.4860229370117187,0.7493851196289062,26.94137548960625,100.95605786684733,66.21019630218903,43.8761765,10.246473166666666,26.1,29.61832061068702,-1.816793893129771,15.358778625954198
142.15,-0.0495558722348477,25.950444127765152,0.0,0.010803333333333335,9.525475356129041,9.490615380859374,0.1867477294921875,0.7924807495117187,26.94137548960625,100.95605786684733,66.21019630218903,43.8761765,10.246473166666666,26.1,28.564885496183205,-4.534351145038168,31.0381679389313
142.16,-0.0495558722348477,25.950444127765152,0.0,0.010803333333333335,9.525475356129041,9.490615380859374,0.1867477294921875,0.7924807495117187,26.94137548960625,100.95605786684733,66.21019630218903,43.8761765,10.246473166666666,26.1,28.564885496183205,-4.534351145038168,31.0381679389313
142.17,-0.0495558722348477,25.950444127765152,0.0,0.010803333333333335,9.378947563363159,9.325415466308593,0.2059013427734375,0.9792284790039062,26.94137548960625,100.95605786684733,66.21019630218903,43.8761765,10.246473166666666,26.1,25.83206106870229,-6.6106870229007635,45.25190839694657
142.18,-0.0495558722348477,25.950444127765152,0.0,0.010803333333333335,9.52274079477006,9.440337145996093,-0.02633621826171875,1.2497732666015624,26.94137548960625,100.95605786684733,66.21019630218903,43.8761765,10.246473166666666,26.1,20.03053435114504,-7.66412213740458,55.282442748091604
142.19,-0.0495558722348477,25.950444127765152,0.0,0.010803333333333335,9.670102259295891,9.574412438964844,-0.45489831542968745,1.2785036865234374,26.94137548960625,100.95605786684733,66.21019630218903,43.8761765,10.246473166666666,26.1,14.549618320610687,-7.175572519083969,60.030534351145036
142.19,-0.09724281643813448,25.902757183561867,0.0,0.010803333333333335,9.670102259295891,9.574412438964844,-0.45489831542968745,1.2785036865234374,26.920609311563567,100.95662856619346,66.17883470373884,43.8761765,10.246473166666666,26.1,14.549618320610687,-7.175572519083969,60.030534351145036
142.2,-0.09724281643813448,25.902757183561867,0.0,0.010803333333333335,9.406168715449972,9.3086560546875,-0.6655880615234374,1.1755530151367186,26.920609311563567,100.95662856619346,66.17883470373884,43.8761765,10.246473166666666,26.1,6.732824427480916,-5.648854961832061,61.14503816793893
142.21,-0.09724281643813448,25.902757183561867,0.0,0.010803333333333335,9.38063426155661,9.284714038085937,-0.9169792358398436,0.9744400756835937,26.920609311563567,100.95662856619346,66.17883470373884,43.8761765,10.246473166666666,26.1,-4.458015267175573,-4.595419847328245,60.33587786259542
142.23,-0.09724281643813448,25.902757183561867,0.0,0.010803333333333335,9.627495114184454,9.540893615722656,-0.9888052856445312,0.8259995727539062,26.920609311563567,100.95662856619346,66.17883470373884,43.8761765,10.246473166666666,26.1,-15.954198473282442,-5.114503816793893,59.587786259541986
142.24,-0.09724281643813448,25.902757183561867,0.0,0.010803333333333335,10.449194929129176,10.357316381835936,-1.1755530151367186,0.7278373046875,26.920609311563567,100.95662856619346,66.17883470373884,43.8761765,10.246473166666666,26.1,-27.16030534351145,-7.603053435114504,58.274809160305345
142.25,-0.09724281643813448,25.902757183561867,0.0,0.010803333333333335,10.943352090683765,10.778695874023438,-1.6017209106445311,1.005564697265625,26.920609311563567,100.95662856619346,66.17883470373884,43.8761765,10.246473166666666,26.1,-34.87022900763359,-11.053435114503817,52.36641221374046
142.26,-0.09724281643813448,25.902757183561867,0.0,0.010803333333333335,10.943352090683765,10.778695874023438,-1.6017209106445311,1.005564697265625,26.920609311563567,100.95662856619346,66.17883470373884,43.8761765,10.246473166666666,26.1,-34.87022900763359,-11.053435114503817,52.36641221374046
142.26,-0.09724281643813448,25.902757183561867,0.0,0.010803333333333335,11.744171466752631,11.391611499023437,-2.3774422485351563,1.5825672973632812,26.920609311563567,100.95662856619346,66.17883470373884,43.8761765,10.246473166666666,26.1,-34.82442748091603,-13.511450381679388,35.038167938931295
142.27,-0.09724281643813448,25.902757183561867,0.0,0.010803333333333335,12.584670269596202,12.196063256835936,-2.8467057739257813,1.235408056640625,26.920609311563567,100.95662856619346,66.17883470373884,43.8761765,10.246473166666666,26.1,-30.977099236641223,-14.244274809160306,4.854961832061068
142.29,-0.09724281643813448,25.902757183561867,0.0,0.010803333333333335,12.373432922772514,12.11705460205078,-2.4684219116210935,0.430956298828125,26.920609311563567,100.95662856619346,66.17883470373884,43.8761765,10.246473166666666,26.1,-24.946564885496183,-12.213740458015268,-32.70229007633588
142.3,-0.09724281643813448,25.902757183561867,0.0,0.010803333333333335,11.383789667052211,11.200075366210937,-2.0087351928710935,-0.33758243408203126,26.920609311563567,100.95662856619346,66.17883470373884,43.8761765,10.246473166666666,26.1,-7.465648854961832,-6.824427480916031,-65.87786259541984
142.3,-0.138533146195996,25.861466853804004,0.0,0.010803333333333335,11.383789667052211,11.200075366210937,-2.0087351928710935,-0.33758243408203126,26.891347886936273,100.95712271538284,66.19513753436198,43.8761765,10.246473166666666,26.1,-7.465648854961832,-6.824427480916031,-65.87786259541984
142.31,-0.138533146195996,25.861466853804004,0.0,0.010803333333333335,10.61227124359032,10.407594616699217,-1.6065093139648436,-1.3120225097656248,26.891347886936273,100.95712271538284,66.19513753436198,43.8761765,10.246473166666666,26.1,23.83206106870229,-1.1297709923664123,-89.92366412213741
142.32,-0.138533146195996,25.861466853804004,0.0,0.010803333333333335,9.965384911451492,9.923965881347655,-0.8499415893554687,-0.3184288208007812,26.891347886936273,100.95712271538284,66.19513753436198,43.8761765,10.246473166666666,26.1,69.78625954198473,3.2061068702290076,-107.70992366412214
142.33,-0.138533146195996,25.861466853804004,0.0,0.010803333333333335,9.705336970860083,9.65342109375,0.30406361083984373,0.9552864624023437,26.891347886936273,100.95712271538284,66.19513753436198,43.8761765,10.246473166666666,26.1,107.92366412213741,4.778625954198473,-119.29770992366412
142.35,-0.138533146195996,25.861466853804004,0.0,0.010803333333333335,8.898236563815,8.729259252929687,0.9457096557617187,1.4437036010742186,26.891347886936273,100.95712271538284,66.19513753436198,43.8761765,10.246473166666666,26.1,125.81679389312977,-1.6641221374045803,-112.3969465648855
142.36,-0.138533146195996,25.861466853804004,0.0,0.010803333333333335,8.545571165156854,7.994239343261718,1.2401964599609374,2.7533319091796873,26.891347886936273,100.95712271538284,66.19513753436198,43.8761765,10.246473166666666,26.1,123.5114503816794,-18.106870229007633,-79.09923664122137
142.36,-0.138533146195996,25.861466853804004,0.0,0.010803333333333335,8.545571165156854,7.994239343261718,1.2401964599609374,2.7533319091796873,26.891347886936273,100.95712271538284,66.19513753436198,43.8761765,10.246473166666666,26.1,123.5114503816794,-18.106870229007633,-79.09923664122137
142.37,-0.138533146195996,25.861466853804004,0.0,0.010803333333333335,9.427164096447816,8.66940421142578,1.599326708984375,3.3399113159179685,26.891347886936273,100.95712271538284,66.19513753436198,43.8761765,10.246473166666666,26.1,98.82442748091603,-28.213740458015266,-35.05343511450382
142.38,-0.138533146195996,25.861466853804004,0.0,0.010803333333333335,9.956599288414262,9.34696328125,1.2761094848632812,3.1842882080078123,26.891347886936273,100.95712271538284,66.19513753436198,43.8761765,10.246473166666666,26.1,68.65648854961832,-32.0,4.030534351145038
142.39,-0.138533146195996,25.861466853804004,0.0,0.010803333333333335,10.069084856394845,9.622296472167967,0.7278373046875,2.8754361938476563,26.891347886936273,100.95712271538284,66.19513753436198,43.8761765,10.246473166666666,26.1,38.80916030534351,-34.51908396946565,31.893129770992367
142.41,-0.138533146195996,25.861466853804004,0.0,0.010803333333333335,9.997994927379386,9.655815295410155,0.45968671875,2.5522189697265625,26.891347886936273,100.95712271538284,66.19513753436198,43.8761765,10.246473166666666,26.1,11.465648854961833,-36.48854961832061,50.13740458015267
142.41,-0.18946680524086768,25.81053319475913,0.0,0.010803333333333335,9.997994927379386,9.655815295410155,0.45968671875,2.5522189697265625,26.85673761192811,100.95773227548736,66.1825642741913,43.8761765,10.246473166666666,26.1,11.465648854961833,-36.48854961832061,50.13740458015267
142.42,-0.18946680524086768,25.81053319475913,0.0,0.010803333333333335,9.978297803443043,9.80665,0.20350714111328125,1.8315642700195311,26.85673761192811,100.95773227548736,66.1825642741913,43.8761765,10.246473166666666,26.1,-11.34351145038168,-38.717557251908396,62.44274809160305
142.43,-0.18946680524086768,25.81053319475913,0.0,0.010803333333333335,10.373280090107148,10.263942517089843,-0.4836287353515625,1.4221557861328125,26.85673761192811,100.95773227548736,66.1825642741913,43.8761765,10.246473166666666,26.1,-18.763358778625953,-38.42748091603053,68.29007633587786
142.44,-0.18946680524086768,25.81053319475913,0.0,0.010803333333333335,11.423823270274806,11.192892761230468,-0.8738836059570312,2.1116858642578125,26.85673761192811,100.95773227548736,66.1825642741913,43.8761765,10.246473166666666,26.1,-10.50381679389313,-35.45038167938932,66.13740458015268
142.46,-0.18946680524086768,25.81053319475913,0.0,0.010803333333333335,12.470890846830144,12.045228552246092,-0.4165910888671875,3.2034418212890623,26.85673761192811,100.95773227548736,66.1825642741913,43.8761765,10.246473166666666,26.1,-0.7786259541984732,-29.00763358778626,54.58015267175573
142.46,-0.18946680524086768,25.81053319475913,0.0,0.010803333333333335,12.470890846830144,12.045228552246092,-0.4165910888671875,3.2034418212890623,26.85673761192811,100.95773227548736,66.1825642741913,43.8761765,10.246473166666666,26.1,-0.7786259541984732,-29.00763358778626,54.58015267175573
142.47,-0.18946680524086768,25.81053319475913,0.0,0.010803333333333335,12.575875540752591,12.00931552734375,-0.7733271362304687,3.651157531738281,26.85673761192811,100.95773227548736,66.1825642741913,43.8761765,10.246473166666666,26.1,0.42748091603053434,-17.221374045801525,32.16793893129771
142.48,-0.18946680524086768,25.81053319475913,0.0,0.010803333333333335,11.824832327016132,11.322179650878905,-0.737414111328125,3.3303345092773435,26.85673761192811,100.95773227548736,66.1825642741913,43.8761765,10.246473166666666,26.1,-4.67175572519084,-0.13740458015267176,7.236641221374046
142.49,-0.18946680524086768,25.81053319475913,0.0,0.010803333333333335,10.867971776167082,10.579977136230468,-0.11252747802734374,2.482787121582031,26.85673761192811,100.95773227548736,66.1825642741913,43.8761765,10.246473166666666,26.1,-15.86259541984733,15.587786259541986,-11.465648854961833
142.5,-0.18946680524086768,25.81053319475913,0.0,0.010803333333333335,10.228310549218357,10.062829577636718,0.3280056274414062,1.8028338500976562,26.85673761192811,100.95773227548736,66.1825642741913,43.8761765,10.246473166666666,26.1,-29.52671755725191,25.84732824427481,-22.366412213740457
142.52,-0.18946680524086768,25.81053319475913,0.0,0.010803333333333335,10.324743091691921,10.146626635742187,0.33758243408203126,1.879448303222656,26.85673761192811,100.95773227548736,66.1825642741913,43.8761765,10.246473166666666,26.1,-39.587786259541986,29.46564885496183,-25.0381679389313
142.53,-0.18946680524086768,25.81053319475913,0.0,0.010803333333333335,11.206469253209562,10.946289990234375,0.4740519287109375,2.3535002319335936,26.85673761192811,100.95773227548736,66.1825642741913,43.8761765,10.246473166666666,26.1,-46.6412213740458,25.923664122137403,-22.015267175572518
142.54,-0.18946680524086768,25.81053319475913,0.0,0.010803333333333335,11.933479740805465,11.537657800292967,-0.679953271484375,2.971204260253906,26.85673761192811,100.95773227548736,66.1825642741913,43.8761765,10.246473166666666,26.1,-52.0763358778626,20.916030534351144,-18.641221374045802
142.54,-0.15498183514263575,25.845018164857365,0.0,0.010803333333333335,11.933479740805465,11.537657800292967,-0.679953271484375,2.971204260253906,26.82212735012581,100.95731956846875,66.19100396403917,43.8761765,10.246473166666666,26.1,-52.0763358778626,20.916030534351144,-18.641221374045802
142.55,-0.15498183514263575,25.845018164857365,0.0,0.010803333333333335,12.3058120109563,11.863269226074218,-1.4125789794921875,2.9496564453125,26.82212735012581,100.95731956846875,66.19100396403917,43.8761765,10.246473166666666,26.1,-54.0763358778626,19.61832061068702,-12.488549618320612
142.56,-0.15498183514263575,25.845018164857365,0.0,0.010803333333333335,12.3058120109563,11.863269226074218,-1.4125789794921875,2.9496564453125,26.82212735012581,100.95731956846875,66.19100396403917,43.8761765,10.246473166666666,26.1,-54.0763358778626,19.61832061068702,-12.488549618320612
142.56,-0.15498183514263575,25.845018164857365,0.0,0.010803333333333335,11.558665072394858,11.190498559570312,-1.6328455322265625,2.389413256835937,26.82212735012581,100.95731956846875,66.19100396403917,43.8761765,10.246473166666666,26.1,-51.038167938931295,21.61832061068702,-4.580152671755725
142.58,-0.15498183514263575,25.845018164857365,0.0,0.010803333333333335,9.965809120725197,9.677363110351562,-1.6927005737304686,1.6735469604492186,26.82212735012581,100.95731956846875,66.19100396403917,43.8761765,10.246473166666666,26.1,-39.6793893129771,25.389312977099237,2.6564885496183206
142.59,-0.15498183514263575,25.845018164857365,0.0,0.010803333333333335,8.465902825602996,8.221688500976562,-1.5777788940429687,1.2593500732421874,26.82212735012581,100.95731956846875,66.19100396403917,43.8761765,10.246473166666666,26.1,-27.282442748091604,30.091603053435115,10.427480916030534
142.6,-0.15498183514263575,25.845018164857365,0.0,0.010803333333333335,7.341053717810183,7.1395093505859375,-1.2832920898437499,1.1276689819335937,26.82212735012581,100.95731956846875,66.19100396403917,43.8761765,10.246473166666666,26.1,-19.557251908396946,37.86259541984733,17.83206106870229
142.61,-0.15498183514263575,25.845018164857365,0.0,0.010803333333333335,6.743203414423833,6.622361791992187,-0.8595183959960937,0.9361328491210937,26.82212735012581,100.95731956846875,66.19100396403917,43.8761765,10.246473166666666,26.1,-20.83969465648855,46.961832061068705,21.557251908396946
142.62,-0.15498183514263575,25.845018164857365,0.0,0.010803333333333335,7.321932939861641,7.264007836914062,-0.6105214233398437,0.6871358764648438,26.82212735012581,100.95731956846875,66.19100396403917,43.8761765,10.246473166666666,26.1,-32.030534351145036,54.732824427480914,21.893129770992367
142.64,-0.15498183514263575,25.845018164857365,0.0,0.010803333333333335,8.983968888688683,8.916006982421875,-0.612915625,0.9169792358398436,26.82212735012581,100.95731956846875,66.19100396403917,43.8761765,10.246473166666666,26.1,-45.02290076335878,58.67175572519084,21.099236641221374
142.65,-0.15498183514263575,25.845018164857365,0.0,0.010803333333333335,9.96620599169629,9.911994873046874,-0.7781155395507812,0.6871358764648438,26.82212735012581,100.95731956846875,66.19100396403917,43.8761765,10.246473166666666,26.1,-52.0763358778626,57.98473282442748,20.748091603053435
142.66,-0.15498183514263575,25.845018164857365,0.0,0.010803333333333335,10.373840404239736,10.36210478515625,-0.36631285400390623,0.33039982910156246,26.82212735012581,100.95731956846875,66.19100396403917,43.8761765,10.246473166666666,26.1,-49.86259541984733,50.76335877862596,22.47328244274809
142.66,-0.15498183514263575,25.845018164857365,0.0,0.010803333333333335,10.373840404239736,10.36210478515625,-0.36631285400390623,0.33039982910156246,26.82212735012581,100.95731956846875,66.19100396403917,43.8761765,10.246473166666666,26.1,-49.86259541984733,50.76335877862596,22.47328244274809
142.67,-0.15498183514263575,25.845018164857365,0.0,0.010803333333333335,10.546574353678938,10.544064111328124,-0.22505495605468748,0.047884033203124995,26.82212735012581,100.95731956846875,66.19100396403917,43.8761765,10.246473166666666,26.1,-43.98473282442748,39.11450381679389,24.244274809160306
142.68,-0.15498183514263575,25.845018164857365,0.0,0.010803333333333335,10.11360574204083,10.09395419921875,-0.6081272216796875,-0.16519991455078123,26.82212735012581,100.95731956846875,66.19100396403917,43.8761765,10.246473166666666,26.1,-26.396946564885496,25.099236641221374,26.99236641221374
142.7,-0.15498183514263575,25.845018164857365,0.0,0.010803333333333335,8.96503240929318,8.916006982421875,-0.9361328491210937,0.016759411621093748,26.82212735012581,100.95731956846875,66.19100396403917,43.8761765,10.246473166666666,26.1,-2.717557251908397,9.694656488549619,32.88549618320611
142.71,-0.15498183514263575,25.845018164857365,0.0,0.010803333333333335,8.375650077544405,8.315062365722655,-0.948103857421875,0.33518823242187495,26.82212735012581,100.95731956846875,66.19100396403917,43.8761765,10.246473166666666,26.1,14.305343511450381,-1.633587786259542,42.79389312977099
142.72,-0.15498183514263575,25.845018164857365,0.0,0.010803333333333335,8.14932015067332,8.080430603027343,-0.8547299926757812,0.622492431640625,26.82212735012581,100.95731956846875,66.19100396403917,43.8761765,10.246473166666666,26.1,19.267175572519083,-11.49618320610687,53.404580152671755
142.73,-0.15498183514263575,25.845018164857365,0.0,0.010803333333333335,8.742570544179163,8.647856396484375,-1.1659762084960936,0.5363011718749999,26.82212735012581,100.95731956846875,66.19100396403917,43.8761765,10.246473166666666,26.1,9.267175572519085,-18.106870229007633,59.099236641221374
142.74,-0.15498183514263575,25.845018164857365,0.0,0.010803333333333335,9.425958861264672,9.275137231445312,-1.6639701538085936,0.22744915771484372,26.82212735012581,100.95731956846875,66.19100396403917,43.8761765,10.246473166666666,26.1,-4.625954198473282,-20.427480916030536,57.3587786259542
142.76,-0.15498183514263575,25.845018164857365,0.0,0.010803333333333335,10.40639386659069,10.251971508789062,-1.7669208251953124,0.2609679809570312,26.82212735012581,100.95731956846875,66.19100396403917,43.8761765,10.246473166666666,26.1,-15.083969465648854,-20.610687022900763,50.68702290076336
142.76,-0.15498183514263575,25.845018164857365,0.0,0.010803333333333335,10.40639386659069,10.251971508789062,-1.7669208251953124,0.2609679809570312,26.82212735012581,100.95731956846875,66.19100396403917,43.8761765,10.246473166666666,26.1,-15.083969465648854,-20.610687022900763,50.68702290076336
142.77,-0.15498183514263575,25.845018164857365,0.0,0.010803333333333335,10.7720927790393,10.685322009277343,-1.2713210815429687,0.4955997436523437,26.82212735012581,100.95731956846875,66.19100396403917,43.8761765,10.246473166666666,26.1,-20.396946564885496,-20.85496183206107,40.06106870229008
142.78,-0.15498183514263575,25.845018164857365,0.0,0.010803333333333335,11.183130403703291,11.099518896484375,-1.3646949462890625,-0.02633621826171875,26.82212735012581,100.95731956846875,66.19100396403917,43.8761765,10.246473166666666,26.1,-31.51145038167939,-21.96946564885496,21.984732824427482
142.79,-0.15498183514263575,25.845018164857365,0.0,0.010803333333333335,11.930783493189889,11.822567797851562,-1.5083470458984374,-0.5434837768554687,26.82212735012581,100.95731956846875,66.19100396403917,43.8761765,10.246473166666666,26.1,-36.44274809160305,-25.129770992366414,-1.1450381679389312
142.8,-0.15498183514263575,25.845018164857365,0.0,0.010803333333333335,12.550043592064624,12.54561669921875,-0.3232172241210937,0.08140285644531249,26.82212735012581,100.95731956846875,66.19100396403917,43.8761765,10.246473166666666,26.1,-24.610687022900763,-31.72519083969466,-24.16793893129771
142.82,-0.15498183514263575,25.845018164857365,0.0,0.010803333333333335,13.361539466363357,13.275848205566405,-0.5099649536132812,1.4221557861328125,26.82212735012581,100.95731956846875,66.19100396403917,43.8761765,10.246473166666666,26.1,-8.534351145038167,-36.534351145038165,-47.3587786259542
142.82,-0.1778970787520162,25.822102921247982,0.0,0.010803333333333335,13.361539466363357,13.275848205566405,-0.5099649536132812,1.4221557861328125,26.771470536206287,100.95759381190275,66.182857659194,43.8761765,10.246473166666666,26.1,-8.534351145038167,-36.534351145038165,-47.3587786259542
142.82,-0.1778970787520162,25.822102921247982,0.0,0.010803333333333335,13.361539466363357,13.275848205566405,-0.5099649536132812,1.4221557861328125,26.771470536206287,100.95759381190275,66.182857659194,43.8761765,10.246473166666666,26.1,-8.534351145038167,-36.534351145038165,-47.3587786259542
142.83,-0.1778970787520162,25.822102921247982,0.0,0.010803333333333335,12.426249365208987,12.303802331542968,-0.6392518432617187,1.618480322265625,26.771470536206287,100.95759381190275,66.182857659194,43.8761765,10.246473166666666,26.1,1.1297709923664123,-38.3206106870229,-66.4885496183206
142.84,-0.1778970787520162,25.822102921247982,0.0,0.010803333333333335,11.338517693377678,11.271901416015623,-0.6967126831054687,1.0103531005859374,26.771470536206287,100.95759381190275,66.182857659194,43.8761765,10.246473166666666,26.1,1.5267175572519085,-39.43511450381679,-76.73282442748092
142.85,-0.1778970787520162,25.822102921247982,0.0,0.010803333333333335,10.196838817633825,10.153809240722655,-0.4860229370117187,0.7996633544921875,26.771470536206287,100.95759381190275,66.182857659194,43.8761765,10.246473166666666,26.1,4.015267175572519,-38.732824427480914,-77.06870229007633
142.86,-0.1778970787520162,25.822102921247982,0.0,0.010803333333333335,10.196838817633825,10.153809240722655,-0.4860229370117187,0.7996633544921875,26.771470536206287,100.95759381190275,66.182857659194,43.8761765,10.246473166666666,26.1,4.015267175572519,-38.732824427480914,-77.06870229007633
142.86,-0.1778970787520162,25.822102921247982,0.0,0.010803333333333335,9.426831790427654,9.337386474609374,-0.6248866333007812,1.1348515869140625,26.771470536206287,100.95759381190275,66.182857659194,43.8761765,10.246473166666666,26.1,11.32824427480916,-37.603053435114504,-72.42748091603053
142.88,-0.1778970787520162,25.822102921247982,0.0,0.010803333333333335,9.254897927095074,9.172186560058593,-0.6703764648437499,1.0366893188476562,26.771470536206287,100.95759381190275,66.182857659194,43.8761765,10.246473166666666,26.1,21.251908396946565,-35.343511450381676,-63.86259541984733
142.89,-0.1778970787520162,25.822102921247982,0.0,0.010803333333333335,9.66723190976861,9.593566052246093,-0.8068459594726562,0.8762778076171874,26.771470536206287,100.95759381190275,66.182857659194,43.8761765,10.246473166666666,26.1,28.3206106870229,-28.18320610687023,-50.961832061068705
142.9,-0.1778970787520162,25.822102921247982,0.0,0.007202222222222224,9.66723190976861,9.593566052246093,-0.8068459594726562,0.8762778076171874,26.771470536206287,100.95759381190275,66.182857659194,43.87617633333333,10.246473666666667,26.1,28.3206106870229,-28.18320610687023,-50.961832061068705
142.9,-0.1778970787520162,25.822102921247982,0.0,0.007202222222222224,9.818393320060347,9.730035546875,-0.9816226806640624,0.8738836059570312,26.771470536206287,100.95759381190275,66.182857659194,43.87617633333333,10.246473666666667,26.1,26.717557251908396,-19.221374045801525,-35.587786259541986
142.91,-0.1778970787520162,25.822102921247982,0.0,0.007202222222222224,10.114574608092807,10.012551342773437,-1.1923124267578125,0.7948749511718749,26.771470536206287,100.95759381190275,66.182857659194,43.87617633333333,10.246473666666667,26.1,22.091603053435115,-11.358778625954198,-22.076335877862597
142.92,-0.1778970787520162,25.822102921247982,0.0,0.007202222222222224,10.034175993527386,9.900023864746093,-1.3168109130859373,0.9696516723632812,26.771470536206287,100.95759381190275,66.182857659194,43.87617633333333,10.246473666666667,26.1,18.38167938931298,-6.198473282442748,-12.778625954198473
142.93,-0.14918263526732423,25.850817364732677,2.871444348463649,0.007202222222222224,10.034175993527386,9.900023864746093,-1.3168109130859373,0.9696516723632812,26.890089331250056,100.95725016530977,66.20193938983951,43.87617633333333,10.246473666666667,26.1,18.38167938931298,-6.198473282442748,-12.778625954198473
142.95,-0.14918263526732423,25.850817364732677,0.0,0.007202222222222224,9.816445494087995,9.720458740234374,-1.180341418457031,0.6943184814453125,26.890089331250056,100.95725016530977,66.20193938983951,43.87617633333333,10.246473666666667,26.1,8.793893129770993,-3.450381679389313,-6.778625954198473
142.96,-0.14918263526732423,25.850817364732677,0.0,0.007202222222222224,9.398107963674326,9.373299499511718,0.009576806640625,0.6823474731445313,26.890089331250056,100.95725016530977,66.20193938983951,43.87617633333333,10.246473666666667,26.1,-16.35114503816794,-4.412213740458015,6.519083969465649
142.96,-0.14918263526732423,25.850817364732677,0.0,0.007202222222222224,9.398107963674326,9.373299499511718,0.009576806640625,0.6823474731445313,26.890089331250056,100.95725016530977,66.20193938983951,43.87617633333333,10.246473666666667,26.1,-16.35114503816794,-4.412213740458015,6.519083969465649
142.97,-0.14918263526732423,25.850817364732677,0.0,0.007202222222222224,8.607696393777891,8.55448253173828,-0.28490999755859375,0.9121908325195311,26.890089331250056,100.95725016530977,66.20193938983951,43.87617633333333,10.246473666666667,26.1,-20.916030534351144,-5.267175572519084,13.755725190839694
142.98,-0.14918263526732423,25.850817364732677,0.0,0.007202222222222224,8.703813487228016,8.626308581542968,-0.679953271484375,0.93852705078125,26.890089331250056,100.95725016530977,66.20193938983951,43.87617633333333,10.246473666666667,26.1,-14.51908396946565,-3.9083969465648853,21.709923664122137
143.0,-0.14918263526732423,25.850817364732677,0.0,0.007202222222222224,9.583165324907121,9.572018237304688,-0.13168109130859373,0.4429273071289062,26.890089331250056,100.95725016530977,66.20193938983951,43.87617633333333,10.246473666666667,26.1,-2.8396946564885495,-1.9389312977099236,34.030534351145036
143.01,-0.14918263526732423,25.850817364732677,0.0,0.007202222222222224,10.913998139497831,10.87925234375,-0.6177040283203125,0.612915625,26.890089331250056,100.95725016530977,66.20193938983951,43.87617633333333,10.246473666666667,26.1,-1.2061068702290076,-2.3969465648854964,44.67175572519084
143.02,-0.14918263526732423,25.850817364732677,0.0,0.007202222222222224,11.524150153199221,11.434707128906249,-1.1875240234375,0.8020575561523438,26.890089331250056,100.95725016530977,66.20193938983951,43.87617633333333,10.246473666666667,26.1,-2.2290076335877864,-6.793893129770993,46.50381679389313
143.03,-0.14918263526732423,25.850817364732677,0.0,0.007202222222222224,11.66721368446179,11.544840405273437,-1.3934253662109375,0.948103857421875,26.890089331250056,100.95725016530977,66.20193938983951,43.87617633333333,10.246473666666667,26.1,-3.0076335877862594,-11.007633587786259,37.20610687022901
143.04,-0.14918263526732423,25.850817364732677,0.0,0.007202222222222224,11.454524583422959,11.329362255859374,-1.1563994018554686,1.2306196533203124,26.890089331250056,100.95725016530977,66.20193938983951,43.87617633333333,10.246473666666667,26.1,-1.1908396946564885,-13.007633587786259,21.00763358778626
143.06,-0.14918263526732423,25.850817364732677,0.0,0.007202222222222224,10.838493797245782,10.685322009277343,-0.8858546142578124,1.5849614990234373,26.890089331250056,100.95725016530977,66.20193938983951,43.87617633333333,10.246473666666667,26.1,1.0229007633587786,-11.114503816793894,4.183206106870229
143.06,-0.14918263526732423,25.850817364732677,0.0,0.007202222222222224,10.838493797245782,10.685322009277343,-0.8858546142578124,1.5849614990234373,26.890089331250056,100.95725016530977,66.20193938983951,43.87617633333333,10.246473666666667,26.1,1.0229007633587786,-11.114503816793894,4.183206106870229
143.07,-0.14918263526732423,25.850817364732677,0.0,0.007202222222222224,10.4200062764198,10.256759912109374,-0.8738836059570312,1.6160861206054686,26.890089331250056,100.95725016530977,66.20193938983951,43.87617633333333,10.246473666666667,26.1,-1.5572519083969465,-5.0534351145038165,-8.106870229007633
143.07,-0.19535940070499747,25.804640599295002,0.0,0.007202222222222224,10.4200062764198,10.256759912109374,-0.8738836059570312,1.6160861206054686,26.937599820517608,100.957802796651,66.22359899717084,43.87617633333333,10.246473666666667,26.1,-1.5572519083969465,-5.0534351145038165,-8.106870229007633
143.08,-0.19535940070499747,25.804640599295002,0.0,0.007202222222222224,10.660079581745112,10.496180078124999,-1.1731588134765625,1.446097802734375,26.937599820517608,100.957802796651,66.22359899717084,43.87617633333333,10.246473666666667,26.1,-5.908396946564886,2.8091603053435112,-14.961832061068701
143.09,-0.19535940070499747,25.804640599295002,0.0,0.007202222222222224,11.04013998501275,10.91037696533203,-1.0989385620117187,1.2808978881835937,26.937599820517608,100.957802796651,66.22359899717084,43.87617633333333,10.246473666666667,26.1,-9.267175572519085,9.709923664122137,-19.87786259541985
143.1,-0.19535940070499747,25.804640599295002,0.0,0.007202222222222224,10.951554187615109,10.864887133789061,-0.8978256225585937,1.0414777221679687,26.937599820517608,100.957802796651,66.22359899717084,43.87617633333333,10.246473666666667,26.1,-9.755725190839694,14.061068702290076,-26.244274809160306
143.12,-0.19535940070499747,25.804640599295002,0.0,0.007202222222222224,10.930351079796855,10.900800158691405,-0.4955997436523437,0.63206923828125,26.937599820517608,100.957802796651,66.22359899717084,43.87617633333333,10.246473666666667,26.1,-3.0839694656488548,16.015267175572518,-32.61068702290076
143.13,-0.19535940070499747,25.804640599295002,0.0,0.007202222222222224,11.124245983579913,11.106701501464842,0.07422025146484375,0.6200982299804687,26.937599820517608,100.957802796651,66.22359899717084,43.87617633333333,10.246473666666667,26.1,9.664122137404581,15.145038167938932,-36.10687022900763
143.14,-0.19535940070499747,25.804640599295002,0.0,0.007202222222222224,11.09956485927699,11.092336291503905,0.07900865478515624,0.39264907226562495,26.937599820517608,100.957802796651,66.22359899717084,43.87617633333333,10.246473666666667,26.1,24.244274809160306,12.16793893129771,-35.17557251908397
143.15,-0.19535940070499747,25.804640599295002,0.0,0.007202222222222224,10.550012329110816,10.453084448242187,0.6751648681640625,1.2569558715820313,26.937599820517608,100.957802796651,66.22359899717084,43.87617633333333,10.246473666666667,26.1,38.56488549618321,7.938931297709924,-31.083969465648856
143.16,-0.19535940070499747,25.804640599295002,0.0,0.007202222222222224,10.550012329110816,10.453084448242187,0.6751648681640625,1.2569558715820313,26.937599820517608,100.957802796651,66.22359899717084,43.87617633333333,10.246473666666667,26.1,38.56488549618321,7.938931297709924,-31.083969465648856
143.16,-0.19535940070499747,25.804640599295002,0.0,0.007202222222222224,9.949922453556901,9.785102185058593,0.622492431640625,1.6927005737304686,26.937599820517608,100.957802796651,66.22359899717084,43.87617633333333,10.246473666666667,26.1,37.221374045801525,3.6793893129770994,-20.916030534351144
143.18,-0.19535940070499747,25.804640599295002,0.0,0.007202222222222224,9.394061722321934,9.217676391601563,0.24181436767578124,1.7956512451171873,26.937599820517608,100.957802796651,66.22359899717084,43.87617633333333,10.246473666666667,26.1,25.099236641221374,2.8244274809160306,-5.145038167938932
143.18,-0.1584703429868939,25.841529657013105,0.0,0.007202222222222224,9.394061722321934,9.217676391601563,0.24181436767578124,1.7956512451171873,26.96717589925156,100.95736131794762,66.23536912893387,43.87617633333333,10.246473666666667,26.1,25.099236641221374,2.8244274809160306,-5.145038167938932
143.19,-0.1584703429868939,25.841529657013105,0.0,0.007202222222222224,9.141474549565658,8.98304462890625,-0.1197100830078125,1.6903063720703124,26.96717589925156,100.95736131794762,66.23536912893387,43.87617633333333,10.246473666666667,26.1,13.969465648854962,6.0,9.251908396946565
143.2,-0.1584703429868939,25.841529657013105,0.0,0.007202222222222224,9.264912359184883,9.119514123535156,-0.316034619140625,1.6041151123046875,26.96717589925156,100.95736131794762,66.23536912893387,43.87617633333333,10.246473666666667,26.1,6.427480916030534,11.145038167938932,17.541984732824428
143.21,-0.1584703429868939,25.841529657013105,0.0,0.007202222222222224,9.745813056993118,9.600748657226562,-0.40462008056640625,1.6256629272460936,26.96717589925156,100.95736131794762,66.23536912893387,43.87617633333333,10.246473666666667,26.1,-0.5038167938931297,15.404580152671755,18.35114503816794
143.22,-0.1584703429868939,25.841529657013105,0.0,0.007202222222222224,10.605071593694008,10.467449658203124,-0.047884033203124995,1.7022773803710936,26.96717589925156,100.95736131794762,66.23536912893387,43.87617633333333,10.246473666666667,26.1,-9.816793893129772,17.00763358778626,14.351145038167939
143.24,-0.1584703429868939,25.841529657013105,0.0,0.007202222222222224,11.669312365742597,11.578359228515625,-0.6368576416015624,1.3072341064453123,26.96717589925156,100.95736131794762,66.23536912893387,43.87617633333333,10.246473666666667,26.1,-20.198473282442748,16.30534351145038,6.6106870229007635
143.25,-0.1584703429868939,25.841529657013105,0.0,0.007202222222222224,12.398947214913582,12.31577333984375,-1.24498486328125,0.7110778930664062,26.96717589925156,100.95736131794762,66.23536912893387,43.87617633333333,10.246473666666667,26.1,-29.053435114503817,13.725190839694656,-6.351145038167939
143.26,-0.1584703429868939,25.841529657013105,0.0,0.007202222222222224,12.11970066051399,12.038045947265624,-1.3359645263671873,0.4333505004882812,26.96717589925156,100.95736131794762,66.23536912893387,43.87617633333333,10.246473666666667,26.1,-25.557251908396946,10.885496183206106,-23.709923664122137
143.26,-0.1584703429868939,25.841529657013105,0.0,0.007202222222222224,12.11970066051399,12.038045947265624,-1.3359645263671873,0.4333505004882812,26.96717589925156,100.95736131794762,66.23536912893387,43.87617633333333,10.246473666666667,26.1,-25.557251908396946,10.885496183206106,-23.709923664122137
143.27,-0.1584703429868939,25.841529657013105,0.0,0.007202222222222224,11.1804813547005,11.125855114746093,-1.0965443603515623,0.12689268798828124,26.96717589925156,100.95736131794762,66.23536912893387,43.87617633333333,10.246473666666667,26.1,-8.15267175572519,7.648854961832061,-41.221374045801525
143.28,-0.1584703429868939,25.841529657013105,0.0,0.007202222222222224,10.156648747356419,10.129867224121092,-0.6368576416015624,0.3711012573242187,26.96717589925156,100.95736131794762,66.23536912893387,43.87617633333333,10.246473666666667,26.1,9.358778625954198,4.6106870229007635,-55.00763358778626
143.29,-0.06410192117433544,25.935898078825666,9.436842181264428,0.007202222222222224,10.156648747356419,10.129867224121092,-0.6368576416015624,0.3711012573242187,26.96151239406663,100.95623194819296,66.21343938832844,43.87617633333333,10.246473666666667,26.1,9.358778625954198,4.6106870229007635,-55.00763358778626
143.3,-0.06410192117433544,25.935898078825666,0.0,0.007202222222222224,9.303279248153354,9.272743029785156,0.04548983154296875,0.7517793212890624,26.96151239406663,100.95623194819296,66.21343938832844,43.87617633333333,10.246473666666667,26.1,21.267175572519083,3.969465648854962,-63.98473282442748
143.31,-0.06410192117433544,25.935898078825666,0.0,0.007202222222222224,8.776071838350639,8.683769421386717,0.4908113403320312,1.1707646118164061,26.96151239406663,100.95623194819296,66.21343938832844,43.87617633333333,10.246473666666667,26.1,25.419847328244273,4.061068702290076,-67.55725190839695
143.32,-0.06410192117433544,25.935898078825666,0.0,0.007202222222222224,8.648523525782617,8.530540515136718,0.699106884765625,1.2401964599609374,26.96151239406663,100.95623194819296,66.21343938832844,43.87617633333333,10.246473666666667,26.1,21.282442748091604,2.9923664122137406,-63.64885496183206
143.33,-0.06410192117433544,25.935898078825666,0.0,0.007202222222222224,8.470522384838363,8.389282617187499,0.5147533569335937,1.0510545288085937,26.96151239406663,100.95623194819296,66.21343938832844,43.87617633333333,10.246473666666667,26.1,15.32824427480916,2.687022900763359,-51.81679389312977
143.34,-0.06410192117433544,25.935898078825666,0.0,0.007202222222222224,9.06133689252651,9.026140258789061,0.1867477294921875,0.7757213378906249,26.96151239406663,100.95623194819296,66.21343938832844,43.87617633333333,10.246473666666667,26.1,15.694656488549619,4.259541984732825,-35.57251908396947
143.36,-0.06410192117433544,25.935898078825666,0.0,0.007202222222222224,10.138071582615327,10.115502014160155,0.3854664672851562,0.55545478515625,26.96151239406663,100.95623194819296,66.21343938832844,43.87617633333333,10.246473666666667,26.1,21.450381679389313,6.793893129770993,-20.18320610687023
143.36,-0.06410192117433544,25.935898078825666,0.0,0.007202222222222224,10.138071582615327,10.115502014160155,0.3854664672851562,0.55545478515625,26.96151239406663,100.95623194819296,66.21343938832844,43.87617633333333,10.246473666666667,26.1,21.450381679389313,6.793893129770993,-20.18320610687023
143.37,-0.06410192117433544,25.935898078825666,0.0,0.007202222222222224,10.830020032835607,10.771513269042968,1.0342951171875,0.44053310546874996,26.96151239406663,100.95623194819296,66.21343938832844,43.87617633333333,10.246473666666667,26.1,28.870229007633586,5.526717557251908,-10.412213740458014
143.38,-0.06410192117433544,25.935898078825666,0.0,0.007202222222222224,10.985637977259316,10.836156713867187,1.68551796875,0.6488286499023437,26.96151239406663,100.95623194819296,66.21343938832844,43.87617633333333,10.246473666666667,26.1,37.61832061068702,-0.5801526717557252,-6.793893129770993
143.39,-0.06410192117433544,25.935898078825666,0.0,0.007202222222222224,10.430451300668523,10.196904870605469,1.908178723144531,1.0845733520507812,26.96151239406663,100.95623194819296,66.21343938832844,43.87617633333333,10.246473666666667,26.1,44.534351145038165,-9.312977099236642,-7.0534351145038165
143.4,-0.08326249562470522,25.916737504375295,-1.9160574450332752,0.007202222222222224,10.430451300668523,10.196904870605469,1.908178723144531,1.0845733520507812,26.93571198603222,100.95646125472099,66.20227931043806,43.87617633333333,10.246473666666667,26.1,44.534351145038165,-9.312977099236642,-7.0534351145038165
143.4,-0.08326249562470522,25.916737504375295,-1.9160574450332752,0.007202222222222224,9.620343203465966,9.428366137695312,1.2114660400390624,1.4796166259765624,26.93571198603222,100.95646125472099,66.20227931043806,43.87617633333333,10.246473666666667,26.1,40.717557251908396,-18.27480916030534,-8.885496183206106
143.42,-0.08326249562470522,25.916737504375295,0.0,0.007202222222222224,9.469948930112995,9.306261853027344,0.2920926025390625,1.7286135986328124,26.93571198603222,100.95646125472099,66.20227931043806,43.87617633333333,10.246473666666667,26.1,24.671755725190838,-24.931297709923665,-10.106870229007633
143.43,-0.08326249562470522,25.916737504375295,0.0,0.007202222222222224,10.101634188908958,9.931148486328125,-0.08858546142578125,1.8459294799804686,26.93571198603222,100.95646125472099,66.20227931043806,43.87617633333333,10.246473666666667,26.1,14.13740458015267,-26.458015267175572,-7.801526717557252
143.44,-0.08326249562470522,25.916737504375295,0.0,0.007202222222222224,10.756054813075778,10.560823522949217,0.02633621826171875,2.039859814453125,26.93571198603222,100.95646125472099,66.20227931043806,43.87617633333333,10.246473666666667,26.1,19.51145038167939,-20.870229007633586,-3.1297709923664123
143.45,-0.08326249562470522,25.916737504375295,0.0,0.007202222222222224,11.413240677356166,11.183315954589844,0.4165910888671875,2.24097275390625,26.93571198603222,100.95646125472099,66.20227931043806,43.87617633333333,10.246473666666667,26.1,29.053435114503817,-10.83969465648855,0.015267175572519083
143.46,-0.08326249562470522,25.916737504375295,0.0,0.007202222222222224,11.413240677356166,11.183315954589844,0.4165910888671875,2.24097275390625,26.93571198603222,100.95646125472099,66.20227931043806,43.87617633333333,10.246473666666667,26.1,29.053435114503817,-10.83969465648855,0.015267175572519083
143.46,-0.08326249562470522,25.916737504375295,0.0,0.007202222222222224,10.935190233222135,10.663774194335938,0.9840168823242187,2.212242333984375,26.93571198603222,100.95646125472099,66.20227931043806,43.87617633333333,10.246473666666667,26.1,37.282442748091604,-0.7938931297709924,0.015267175572519083
143.48,-0.08326249562470522,25.916737504375295,0.0,0.007202222222222224,10.149599179617008,9.859322436523437,1.3910311645507811,1.9680337646484374,26.93571198603222,100.95646125472099,66.20227931043806,43.87617633333333,10.246473666666667,26.1,38.97709923664122,5.358778625954199,-3.068702290076336
143.49,-0.08326249562470522,25.916737504375295,0.0,0.007202222222222224,9.622154987451674,9.351751684570312,1.0558429321289062,2.003946789550781,26.93571198603222,100.95646125472099,66.20227931043806,43.87617633333333,10.246473666666667,26.1,32.48854961832061,6.244274809160306,-6.5038167938931295
143.5,-0.08326249562470522,25.916737504375295,0.0,0.007202222222222224,9.113234174682828,8.88009395751953,0.47644613037109373,1.9919757812499999,26.93571198603222,100.95646125472099,66.20227931043806,43.87617633333333,10.246473666666667,26.1,18.3206106870229,2.519083969465649,-9.770992366412214
143.51,-0.08537265867534449,25.914627341324657,-0.2110163050641188,0.007202222222222224,9.113234174682828,8.88009395751953,0.47644613037109373,1.9919757812499999,26.902674888898037,100.95648650838227,66.1969606781194,43.87617633333333,10.246473666666667,26.1,18.3206106870229,2.519083969465649,-9.770992366412214
143.51,-0.08537265867534449,25.914627341324657,-0.2110163050641188,0.007202222222222224,8.83381835167966,8.652644799804687,-0.19393033447265623,1.7693150268554687,26.902674888898037,100.95648650838227,66.1969606781194,43.87617633333333,10.246473666666667,26.1,4.106870229007634,-4.33587786259542,-12.106870229007633
143.52,-0.08537265867534449,25.914627341324657,0.0,0.007202222222222224,8.625550683415884,8.40843623046875,0.17238251953125,1.915361328125,26.902674888898037,100.95648650838227,66.1969606781194,43.87617633333333,10.246473666666667,26.1,0.4732824427480916,-9.603053435114504,-10.274809160305344
143.54,-0.08537265867534449,25.914627341324657,0.0,0.007202222222222224,8.999704998120658,8.762778076171875,0.19393033447265623,2.042254016113281,26.902674888898037,100.95648650838227,66.1969606781194,43.87617633333333,10.246473666666667,26.1,10.122137404580153,-9.34351145038168,-0.9312977099236641
143.55,-0.08537265867534449,25.914627341324657,0.0,0.007202222222222224,9.688488390793273,9.469067565917967,0.8355763793945312,1.8722656982421875,26.902674888898037,100.95648650838227,66.1969606781194,43.87617633333333,10.246473666666667,26.1,18.35114503816794,-7.786259541984733,12.931297709923664
143.56,-0.08537265867534449,25.914627341324657,0.0,0.007202222222222224,10.246408037278218,10.01733974609375,1.2497732666015624,1.7549498168945312,26.902674888898037,100.95648650838227,66.1969606781194,43.87617633333333,10.246473666666667,26.1,23.541984732824428,-10.83969465648855,28.137404580152673
143.56,-0.08537265867534449,25.914627341324657,0.0,0.007202222222222224,10.246408037278218,10.01733974609375,1.2497732666015624,1.7549498168945312,26.902674888898037,100.95648650838227,66.1969606781194,43.87617633333333,10.246473666666667,26.1,23.541984732824428,-10.83969465648855,28.137404580152673
143.57,-0.08537265867534449,25.914627341324657,0.0,0.007202222222222224,10.096264657409746,9.8449572265625,1.3527239379882812,1.7836802368164062,26.902674888898037,100.95648650838227,66.1969606781194,43.87617633333333,10.246473666666667,26.1,28.702290076335878,-19.587786259541986,42.29007633587786
143.58,-0.08537265867534449,25.914627341324657,0.0,0.007202222222222224,9.28741159909058,9.035717065429687,0.8810662109374999,1.9584569580078124,26.902674888898037,100.95648650838227,66.1969606781194,43.87617633333333,10.246473666666667,26.1,33.969465648854964,-30.977099236641223,54.3206106870229
143.6,-0.08537265867534449,25.914627341324657,0.0,0.007202222222222224,8.751341570987659,8.461108666992187,0.3016694091796875,2.214636535644531,26.902674888898037,100.95648650838227,66.1969606781194,43.87617633333333,10.246473666666667,26.1,34.0,-39.37404580152672,62.12213740458015
143.61,-0.08537265867534449,25.914627341324657,0.0,0.007202222222222224,9.043013452907982,8.657433203124999,-0.2537853759765625,2.6001030029296874,26.902674888898037,100.95648650838227,66.1969606781194,43.87617633333333,10.246473666666667,26.1,27.022900763358777,-40.56488549618321,64.41221374045801
143.62,-0.08537265867534449,25.914627341324657,0.0,0.007202222222222224,10.241734848317952,9.842563024902343,-0.9504980590820312,2.6671406494140624,26.902674888898037,100.95648650838227,66.1969606781194,43.87617633333333,10.246473666666667,26.1,18.946564885496183,-35.49618320610687,60.229007633587784
143.62,-0.08560397925110763,25.914396020748892,0.0,0.007202222222222224,10.241734848317952,9.842563024902343,-0.9504980590820312,2.6671406494140624,26.866491415366728,100.95648927674281,66.19113744014247,43.87617633333333,10.246473666666667,26.1,18.946564885496183,-35.49618320610687,60.229007633587784
143.63,-0.08560397925110763,25.914396020748892,0.0,0.007202222222222224,11.57085734270359,11.118672509765624,-1.6041151123046875,2.7724855224609373,26.866491415366728,100.95648927674281,66.19113744014247,43.87617633333333,10.246473666666667,26.1,12.320610687022901,-26.076335877862597,49.61832061068702
143.64,-0.08560397925110763,25.914396020748892,0.0,0.007202222222222224,12.347119644774567,11.9518546875,-1.5370774658203123,2.6910826660156246,26.866491415366728,100.95648927674281,66.19113744014247,43.87617633333333,10.246473666666667,26.1,6.931297709923665,-16.015267175572518,33.45038167938932
143.66,-0.08560397925110763,25.914396020748892,0.0,0.007202222222222224,12.39667797223961,12.071564770507813,-0.8595183959960937,2.6862942626953124,26.866491415366728,100.95648927674281,66.19113744014247,43.87617633333333,10.246473666666667,26.1,4.290076335877862,-7.984732824427481,16.0
143.66,-0.08560397925110763,25.914396020748892,0.0,0.007202222222222224,12.39667797223961,12.071564770507813,-0.8595183959960937,2.6862942626953124,26.866491415366728,100.95648927674281,66.19113744014247,43.87617633333333,10.246473666666667,26.1,4.290076335877862,-7.984732824427481,16.0
143.67,-0.08560397925110763,25.914396020748892,0.0,0.007202222222222224,11.177162429401726,10.793061083984375,-0.37828386230468747,2.8802245971679685,26.866491415366728,100.95648927674281,66.19113744014247,43.87617633333333,10.246473666666667,26.1,4.519083969465649,-3.3587786259541983,7.877862595419847
143.68,-0.08560397925110763,25.914396020748892,0.0,0.007202222222222224,9.579596975433837,9.181763366699219,-0.1197100830078125,2.729389892578125,26.866491415366728,100.95648927674281,66.19113744014247,43.87617633333333,10.246473666666667,26.1,11.312977099236642,-3.618320610687023,8.534351145038167
143.69,-0.08560397925110763,25.914396020748892,0.0,0.007202222222222224,8.97182277572683,8.588001354980468,-0.06464344482421874,2.5953145996093747,26.866491415366728,100.95648927674281,66.19113744014247,43.87617633333333,10.246473666666667,26.1,17.0381679389313,-7.251908396946565,13.48091603053435
143.7,-0.08560397925110763,25.914396020748892,0.0,0.007202222222222224,8.997366197778453,8.645462194824217,0.2609679809570312,2.4779987182617185,26.866491415366728,100.95648927674281,66.19113744014247,43.87617633333333,10.246473666666667,26.1,13.893129770992367,-11.34351145038168,20.213740458015266
143.72,-0.08560397925110763,25.914396020748892,0.0,0.007202222222222224,9.687175724641493,9.397241516113281,0.5219359619140624,2.2936451904296873,26.866491415366728,100.95648927674281,66.19113744014247,43.87617633333333,10.246473666666667,26.1,2.4122137404580153,-13.725190839694656,24.396946564885496
143.73,-0.08560397925110763,25.914396020748892,0.0,0.007202222222222224,9.886602316018505,9.682151513671874,0.5602431884765625,1.9201497314453124,26.866491415366728,100.95648927674281,66.19113744014247,43.87617633333333,10.246473666666667,26.1,-6.549618320610687,-14.50381679389313,25.419847328244273
143.74,-0.08560397925110763,25.914396020748892,0.0,0.007202222222222224,9.702884391558234,9.528922607421874,0.30885201416015623,1.8028338500976562,26.866491415366728,100.95648927674281,66.19113744014247,43.87617633333333,10.246473666666667,26.1,-16.732824427480917,-15.923664122137405,23.938931297709924
143.75,-0.08560397925110763,25.914396020748892,0.0,0.007202222222222224,9.365931146215996,9.188945971679686,-0.2920926025390625,1.7884686401367187,26.866491415366728,100.95648927674281,66.19113744014247,43.87617633333333,10.246473666666667,26.1,-25.6793893129771,-18.519083969465647,23.587786259541986
143.76,-0.08560397925110763,25.914396020748892,0.0,0.007202222222222224,9.365931146215996,9.188945971679686,-0.2920926025390625,1.7884686401367187,26.866491415366728,100.95648927674281,66.19113744014247,43.87617633333333,10.246473666666667,26.1,-25.6793893129771,-18.519083969465647,23.587786259541986
143.76,-0.08560397925110763,25.914396020748892,0.0,0.007202222222222224,9.053473425727997,8.875305554199219,-0.6584054565429687,1.6615759521484375,26.866491415366728,100.95648927674281,66.19113744014247,43.87617633333333,10.246473666666667,26.1,-25.480916030534353,-21.557251908396946,27.709923664122137
143.78,-0.08560397925110763,25.914396020748892,0.0,0.007202222222222224,9.556998377891631,9.315838659667968,-1.484405029296875,1.5322890624999999,26.866491415366728,100.95648927674281,66.19113744014247,43.87617633333333,10.246473666666667,26.1,-23.297709923664122,-24.427480916030536,34.396946564885496
143.79,-0.08560397925110763,25.914396020748892,0.0,0.007202222222222224,11.43007218616194,10.93671318359375,-2.9448680419921875,1.5370774658203123,26.866491415366728,100.95648927674281,66.19113744014247,43.87617633333333,10.246473666666667,26.1,-15.236641221374045,-30.27480916030534,39.725190839694655
143.8,-0.08560397925110763,25.914396020748892,0.0,0.007202222222222224,12.820755178140336,12.299013928222655,-3.047818713378906,1.9536685546875,26.866491415366728,100.95648927674281,66.19113744014247,43.87617633333333,10.246473666666667,26.1,-6.152671755725191,-37.14503816793893,37.282442748091604
143.81,-0.08560397925110763,25.914396020748892,0.0,0.007202222222222224,13.044283007624173,12.703634008789061,-1.6472107421875,2.461239306640625,26.866491415366728,100.95648927674281,66.19113744014247,43.87617633333333,10.246473666666667,26.1,2.183206106870229,-36.18320610687023,21.206106870229007
143.82,-0.08560397925110763,25.914396020748892,0.0,0.007202222222222224,12.68178787561451,12.275071911621094,-0.8188169677734375,3.0789433349609374,26.866491415366728,100.95648927674281,66.19113744014247,43.87617633333333,10.246473666666667,26.1,12.213740458015268,-28.916030534351144,-5.480916030534351
143.84,-0.08560397925110763,25.914396020748892,0.0,0.007202222222222224,11.387367768588039,10.87925234375,-0.86191259765625,3.2513258544921873,26.866491415366728,100.95648927674281,66.19113744014247,43.87617633333333,10.246473666666667,26.1,18.82442748091603,-20.244274809160306,-29.755725190839694
143.85,-0.08560397925110763,25.914396020748892,0.0,0.007202222222222224,9.70968653004617,9.016563452148437,-1.5059528442382812,3.2728736694335936,26.866491415366728,100.95648927674281,66.19113744014247,43.87617633333333,10.246473666666667,26.1,21.328244274809162,-12.67175572519084,-39.16030534351145
143.86,-0.08560397925110763,25.914396020748892,0.0,0.007202222222222224,8.70421356846117,7.819462622070312,-1.848323681640625,3.347093920898437,26.866491415366728,100.95648927674281,66.19113744014247,43.87617633333333,10.246473666666667,26.1,16.519083969465647,-7.679389312977099,-30.99236641221374
143.86,-0.08560397925110763,25.914396020748892,0.0,0.007202222222222224,8.70421356846117,7.819462622070312,-1.848323681640625,3.347093920898437,26.866491415366728,100.95648927674281,66.19113744014247,43.87617633333333,10.246473666666667,26.1,16.519083969465647,-7.679389312977099,-30.99236641221374
143.87,-0.08560397925110763,25.914396020748892,0.0,0.007202222222222224,7.990059332422157,7.053318090820312,-1.5394716674804687,3.423708374023437,26.866491415366728,100.95648927674281,66.19113744014247,43.87617633333333,10.246473666666667,26.1,5.343511450381679,-4.809160305343512,-11.801526717557252
143.88,-0.08560397925110763,25.914396020748892,0.0,0.007202222222222224,7.727140739611224,7.134720947265625,-0.9145850341796874,2.8227637573242186,26.866491415366728,100.95648927674281,66.19113744014247,43.87617633333333,10.246473666666667,26.1,-6.534351145038168,-2.1526717557251906,9.236641221374045
143.89,-0.08560397925110763,25.914396020748892,0.0,0.008745555555555557,7.727140739611224,7.134720947265625,-0.9145850341796874,2.8227637573242186,26.866491415366728,100.95648927674281,66.19113744014247,43.876175833333335,10.246473833333333,26.2,-6.534351145038168,-2.1526717557251906,9.236641221374045
143.9,-0.08560397925110763,25.914396020748892,0.0,0.008745555555555557,8.007923125135022,7.785943798828124,-0.5770026000976562,1.7812860351562498,26.866491415366728,100.95648927674281,66.19113744014247,43.876175833333335,10.246473833333333,26.2,-26.900763358778626,-3.0381679389312977,23.206106870229007
143.9,-0.1198049551497804,25.88019504485022,0.0,0.008745555555555557,8.007923125135022,7.785943798828124,-0.5770026000976562,1.7812860351562498,26.79852945192306,100.95689858226255,66.18720860849731,43.876175833333335,10.246473833333333,26.2,-26.900763358778626,-3.0381679389312977,23.206106870229007
143.9,-0.1198049551497804,25.88019504485022,0.0,0.008745555555555557,8.007923125135022,7.785943798828124,-0.5770026000976562,1.7812860351562498,26.79852945192306,100.95689858226255,66.18720860849731,43.876175833333335,10.246473833333333,26.2,-26.900763358778626,-3.0381679389312977,23.206106870229007
143.91,-0.1198049551497804,25.88019504485022,0.0,0.008745555555555557,8.077236283979133,7.876923461914062,-1.1109095703125,1.4006079711914061,26.79852945192306,100.95689858226255,66.18720860849731,43.876175833333335,10.246473833333333,26.2,-63.74045801526717,-8.625954198473282,29.893129770992367
143.92,-0.1198049551497804,25.88019504485022,0.0,0.008745555555555557,10.094643871558159,9.988609326171874,0.7206546997070312,1.2689268798828124,26.79852945192306,100.95689858226255,66.18720860849731,43.876175833333335,10.246473833333333,26.2,-101.08396946564885,-15.694656488549619,32.717557251908396
143.93,-0.1198049551497804,25.88019504485022,0.0,0.008745555555555557,12.338438986774541,12.267889306640624,0.7158662963867187,1.1061211669921875,26.79852945192306,100.95689858226255,66.18720860849731,43.876175833333335,10.246473833333333,26.2,-124.36641221374046,-16.15267175572519,32.35114503816794
143.94,-0.1198049551497804,25.88019504485022,0.0,0.008745555555555557,13.41330534680841,13.333309045410155,-0.9169792358398436,1.139639990234375,26.79852945192306,100.95689858226255,66.18720860849731,43.876175833333335,10.246473833333333,26.2,-108.45801526717557,-11.022900763358779,29.068702290076335
143.96,-0.1198049551497804,25.88019504485022,0.0,0.008745555555555557,12.989624772417983,12.758700646972656,-2.109291662597656,1.2234370483398436,26.79852945192306,100.95689858226255,66.18720860849731,43.876175833333335,10.246473833333333,26.2,-64.3206106870229,-5.526717557251908,23.251908396946565
143.96,-0.1198049551497804,25.88019504485022,0.0,0.008745555555555557,12.989624772417983,12.758700646972656,-2.109291662597656,1.2234370483398436,26.79852945192306,100.95689858226255,66.18720860849731,43.876175833333335,10.246473833333333,26.2,-64.3206106870229,-5.526717557251908,23.251908396946565
143.97,-0.1198049551497804,25.88019504485022,0.0,0.008745555555555557,11.42466145651514,11.106701501464842,-2.3630770385742186,1.2569558715820313,26.79852945192306,100.95689858226255,66.18720860849731,43.876175833333335,10.246473833333333,26.2,-21.633587786259543,-2.8244274809160306,14.183206106870228
143.98,-0.1198049551497804,25.88019504485022,0.0,0.008745555555555557,9.672815013148433,9.459490759277344,-1.6112977172851561,1.218648645019531,26.79852945192306,100.95689858226255,66.18720860849731,43.876175833333335,10.246473833333333,26.2,-0.6717557251908397,-0.732824427480916,0.7480916030534351
143.99,-0.1198049551497804,25.88019504485022,0.0,0.008745555555555557,8.847819448469744,8.779537487792968,-0.33758243408203126,1.0438719238281249,26.79852945192306,100.95689858226255,66.18720860849731,43.876175833333335,10.246473833333333,26.2,-3.6793893129770994,2.183206106870229,-13.48091603053435
144.0,-0.1198049551497804,25.88019504485022,0.0,0.008745555555555557,8.725856406794017,8.655039001464843,0.430956298828125,1.0223241088867188,26.79852945192306,100.95689858226255,66.18720860849731,43.876175833333335,10.246473833333333,26.2,-24.12213740458015,6.442748091603053,-24.53435114503817
144.01,-0.12553135019931716,25.874468649800683,-0.5726395049541967,0.008745555555555557,8.725856406794017,8.655039001464843,0.430956298828125,1.0223241088867188,26.910540863314782,100.95696711392091,66.2122364365404,43.876175833333335,10.246473833333333,26.2,-24.12213740458015,6.442748091603053,-24.53435114503817
144.02,-0.12553135019931716,25.874468649800683,0.0,0.008745555555555557,8.726889026095472,8.626308581542968,-0.7972691528320313,1.0534487304687499,26.910540863314782,100.95696711392091,66.2122364365404,43.876175833333335,10.246473833333333,26.2,-50.2442748091603,8.061068702290076,-29.206106870229007
144.03,-0.12553135019931716,25.874468649800683,0.0,0.008745555555555557,8.962097103305984,8.817844714355468,-1.1827356201171875,1.0797849487304687,26.910540863314782,100.95696711392091,66.2122364365404,43.876175833333335,10.246473833333333,26.2,-73.69465648854961,5.038167938931298,-22.68702290076336
144.04,-0.12553135019931716,25.874468649800683,0.0,0.008745555555555557,9.700634467324228,9.624690673828125,-0.13168109130859373,1.2042834350585936,26.910540863314782,100.95696711392091,66.2122364365404,43.876175833333335,10.246473833333333,26.2,-90.59541984732824,-1.9236641221374047,-5.022900763358779
144.05,-0.12553135019931716,25.874468649800683,0.0,0.008745555555555557,10.805259414381235,10.742782849121093,0.21787235107421873,1.139639990234375,26.910540863314782,100.95696711392091,66.2122364365404,43.876175833333335,10.246473833333333,26.2,-96.03053435114504,-7.893129770992366,20.229007633587788
144.06,-0.12553135019931716,25.874468649800683,0.0,0.008745555555555557,10.805259414381235,10.742782849121093,0.21787235107421873,1.139639990234375,26.910540863314782,100.95696711392091,66.2122364365404,43.876175833333335,10.246473833333333,26.2,-96.03053435114504,-7.893129770992366,20.229007633587788
144.06,-0.12553135019931716,25.874468649800683,0.0,0.008745555555555557,15.109183360106778,14.884751721191405,-1.4628572143554686,2.142810485839844,26.910540863314782,100.95696711392091,66.2122364365404,43.876175833333335,10.246473833333333,26.2,-68.68702290076335,-2.381679389312977,42.12213740458015
144.08,-0.12553135019931716,25.874468649800683,0.0,0.008745555555555557,16.70223049140109,16.601394311523435,-1.8315642700195311,0.05985504150390625,26.910540863314782,100.95696711392091,66.2122364365404,43.876175833333335,10.246473833333333,26.2,-55.93893129770992,8.50381679389313,45.52671755725191
144.09,-0.12553135019931716,25.874468649800683,0.0,0.008745555555555557,15.908179380387665,15.744270117187499,-2.233790148925781,-0.44532150878906246,26.910540863314782,100.95696711392091,66.2122364365404,43.876175833333335,10.246473833333333,26.2,-63.29770992366412,12.961832061068701,15.938931297709924
144.1,-0.12553135019931716,25.874468649800683,0.0,0.008745555555555557,14.451496813925742,14.252682482910155,-2.3343466186523436,-0.507570751953125,26.910540863314782,100.95696711392091,66.2122364365404,43.876175833333335,10.246473833333333,26.2,-49.12977099236641,15.17557251908397,-33.61832061068702
144.11,-0.12553135019931716,25.874468649800683,0.0,0.008745555555555557,13.232796976852121,13.031639636230468,-2.1978771240234374,-0.6727706665039062,26.910540863314782,100.95696711392091,66.2122364365404,43.876175833333335,10.246473833333333,26.2,-32.79389312977099,14.82442748091603,-86.7175572519084
144.12,-0.12553135019931716,25.874468649800683,0.0,0.008745555555555557,10.537980355515606,10.536881506347656,0.1484405029296875,-0.033518823242187495,26.910540863314782,100.95696711392091,66.2122364365404,43.876175833333335,10.246473833333333,26.2,-14.702290076335878,14.549618320610687,-132.793893129771
144.12,-0.07913048065690154,25.9208695193431,0.0,0.008745555555555557,10.537980355515606,10.536881506347656,0.1484405029296875,-0.033518823242187495,26.955534250088384,100.95641180428876,66.23349360429499,43.876175833333335,10.246473833333333,26.2,-14.702290076335878,14.549618320610687,-132.793893129771
144.14,-0.07913048065690154,25.9208695193431,0.0,0.008745555555555557,8.740720388296356,8.664615808105468,-0.4525041137695312,1.0582371337890624,26.955534250088384,100.95641180428876,66.23349360429499,43.876175833333335,10.246473833333333,26.2,-7.175572519083969,20.931297709923665,-164.10687022900763
144.15,-0.07913048065690154,25.9208695193431,0.0,0.008745555555555557,6.847663697960834,6.768408093261718,-0.1197100830078125,1.0319009155273438,26.955534250088384,100.95641180428876,66.23349360429499,43.876175833333335,10.246473833333333,26.2,12.65648854961832,21.114503816793892,-159.0381679389313
144.16,-0.07913048065690154,25.9208695193431,0.0,0.008745555555555557,6.228780549184775,6.169857678222656,0.40222587890625,0.7541735229492187,26.955534250088384,100.95641180428876,66.23349360429499,43.876175833333335,10.246473833333333,26.2,19.557251908396946,16.82442748091603,-124.97709923664122
144.16,-0.07913048065690154,25.9208695193431,0.0,0.008745555555555557,6.228780549184775,6.169857678222656,0.40222587890625,0.7541735229492187,26.955534250088384,100.95641180428876,66.23349360429499,43.876175833333335,10.246473833333333,26.2,19.557251908396946,16.82442748091603,-124.97709923664122
144.17,-0.07913048065690154,25.9208695193431,0.0,0.008745555555555557,6.294257809358868,6.248866333007812,0.1484405029296875,0.7398083129882812,26.955534250088384,100.95641180428876,66.23349360429499,43.876175833333335,10.246473833333333,26.2,15.816793893129772,14.366412213740459,-81.66412213740458
144.18,-0.07913048065690154,25.9208695193431,0.0,0.008745555555555557,7.357526224942279,7.326257080078125,0.05746083984375,0.6751648681640625,26.955534250088384,100.95641180428876,66.23349360429499,43.876175833333335,10.246473833333333,26.2,6.549618320610687,13.83206106870229,-42.99236641221374
144.2,-0.07913048065690154,25.9208695193431,0.0,0.008745555555555557,9.186695595706965,9.133879333496093,0.9050082275390624,0.3854664672851562,26.955534250088384,100.95641180428876,66.23349360429499,43.876175833333335,10.246473833333333,26.2,2.198473282442748,12.01526717557252,-15.419847328244275
144.21,-0.07913048065690154,25.9208695193431,0.0,0.008745555555555557,10.04836225562558,10.029310754394531,0.5243301635742187,0.3280056274414062,26.955534250088384,100.95641180428876,66.23349360429499,43.876175833333335,10.246473833333333,26.2,0.48854961832061067,9.267175572519085,-4.916030534351145
144.22,-0.07913048065690154,25.9208695193431,0.0,0.008745555555555557,10.900887449682905,10.867281335449219,0.74699091796875,0.4165910888671875,26.955534250088384,100.95641180428876,66.23349360429499,43.876175833333335,10.246473833333333,26.2,-7.068702290076335,8.83969465648855,-6.244274809160306
144.23,-0.07913048065690154,25.9208695193431,0.0,0.008745555555555557,11.082489493830687,11.066000073242186,0.5913678100585937,-0.12449848632812499,26.955534250088384,100.95641180428876,66.23349360429499,43.876175833333335,10.246473833333333,26.2,-20.610687022900763,9.511450381679388,-12.748091603053435
144.24,-0.07913048065690154,25.9208695193431,0.0,0.008745555555555557,11.156789637151904,11.104307299804686,0.6943184814453125,-0.8283937744140625,26.955534250088384,100.95641180428876,66.23349360429499,43.876175833333335,10.246473833333333,26.2,-34.12213740458015,8.580152671755725,-21.450381679389313
144.24,-0.0782556724275163,25.921744327572483,0.0,0.008745555555555557,11.156789637151904,11.104307299804686,0.6943184814453125,-0.8283937744140625,26.956478167532442,100.95640133490878,66.20562331164693,43.876175833333335,10.246473833333333,26.2,-34.12213740458015,8.580152671755725,-21.450381679389313
144.26,-0.0782556724275163,25.921744327572483,0.0,0.008745555555555557,10.630173946356075,10.544064111328124,0.6200982299804687,-1.199495031738281,26.956478167532442,100.95640133490878,66.20562331164693,43.876175833333335,10.246473833333333,26.2,-38.19847328244275,7.526717557251908,-30.717557251908396
144.26,-0.0782556724275163,25.921744327572483,0.0,0.008745555555555557,10.630173946356075,10.544064111328124,0.6200982299804687,-1.199495031738281,26.956478167532442,100.95640133490878,66.20562331164693,43.876175833333335,10.246473833333333,26.2,-38.19847328244275,7.526717557251908,-30.717557251908396
144.27,-0.0782556724275163,25.921744327572483,0.0,0.008745555555555557,10.028975823480227,9.931148486328125,0.7326257080078125,-1.189918225097656,26.956478167532442,100.95640133490878,66.20562331164693,43.876175833333335,10.246473833333333,26.2,-35.51145038167939,5.801526717557252,-37.6793893129771
144.28,-0.0782556724275163,25.921744327572483,0.0,0.008745555555555557,9.424259899003925,9.306261853027344,1.0319009155273438,-1.0702081420898437,26.956478167532442,100.95640133490878,66.20562331164693,43.876175833333335,10.246473833333333,26.2,-33.23664122137404,1.5267175572519085,-40.045801526717554
144.29,-0.0782556724275163,25.921744327572483,0.0,0.008745555555555557,9.004289423596129,8.923189587402343,0.9720458740234375,-0.7134720947265625,26.956478167532442,100.95640133490878,66.20562331164693,43.876175833333335,10.246473833333333,26.2,-34.79389312977099,-3.9083969465648853,-37.17557251908397
144.3,-0.0782556724275163,25.921744327572483,0.0,0.008745555555555557,9.241080937719584,9.22485899658203,0.4955997436523437,-0.23223756103515625,26.956478167532442,100.95640133490878,66.20562331164693,43.876175833333335,10.246473833333333,26.2,-35.61832061068702,-9.740458015267176,-29.129770992366414
144.32,-0.0782556724275163,25.921744327572483,0.0,0.008745555555555557,9.443480416537797,9.442731347656249,0.076614453125,0.0909796630859375,26.956478167532442,100.95640133490878,66.20562331164693,43.876175833333335,10.246473833333333,26.2,-32.778625954198475,-15.709923664122137,-16.702290076335878
144.33,-0.0782556724275163,25.921744327572483,0.0,0.008745555555555557,9.94690637401174,9.94072529296875,0.11731588134765625,0.33039982910156246,26.956478167532442,100.95640133490878,66.20562331164693,43.876175833333335,10.246473833333333,26.2,-30.900763358778626,-18.65648854961832,-2.5343511450381677
144.34,-0.0782556724275163,25.921744327572483,0.0,0.008745555555555557,10.49768563027073,10.486603271484375,0.36631285400390623,0.3136404174804687,26.956478167532442,100.95640133490878,66.20562331164693,43.876175833333335,10.246473833333333,26.2,-30.48854961832061,-15.038167938931299,6.748091603053435
144.35,-0.0782556724275163,25.921744327572483,0.0,0.008745555555555557,10.62216916881926,10.601524951171875,0.584185205078125,0.3112462158203125,26.956478167532442,100.95640133490878,66.20562331164693,43.876175833333335,10.246473833333333,26.2,-26.259541984732824,-6.290076335877862,8.549618320610687
144.35,-0.0014561497870957396,25.998543850212904,0.0,0.008745555555555557,10.62216916881926,10.601524951171875,0.584185205078125,0.3112462158203125,26.936970542351446,100.95548223017315,66.21649219052203,43.876175833333335,10.246473833333333,26.2,-26.259541984732824,-6.290076335877862,8.549618320610687
144.36,-0.0014561497870957396,25.998543850212904,0.0,0.008745555555555557,10.62216916881926,10.601524951171875,0.584185205078125,0.3112462158203125,26.936970542351446,100.95548223017315,66.21649219052203,43.876175833333335,10.246473833333333,26.2,-26.259541984732824,-6.290076335877862,8.549618320610687
144.36,-0.0014561497870957396,25.998543850212904,0.0,0.008745555555555557,10.315170774992286,10.307038146972655,0.39983167724609375,0.08858546142578125,26.936970542351446,100.95548223017315,66.21649219052203,43.876175833333335,10.246473833333333,26.2,-24.47328244274809,2.4122137404580153,6.320610687022901
144.38,-0.0014561497870957396,25.998543850212904,0.0,0.008745555555555557,9.958865347677188,9.957484704589843,0.16519991455078123,-0.0143652099609375,26.936970542351446,100.95548223017315,66.21649219052203,43.876175833333335,10.246473833333333,26.2,-27.236641221374047,9.541984732824428,2.7480916030534353
144.39,-0.0014561497870957396,25.998543850212904,0.0,0.008745555555555557,9.607554494702992,9.603142858886718,0.15083470458984374,-0.24899697265624998,26.936970542351446,100.95548223017315,66.21649219052203,43.876175833333335,10.246473833333333,26.2,-29.068702290076335,16.366412213740457,0.9923664122137404
144.4,-0.0014561497870957396,25.998543850212904,0.0,0.008745555555555557,9.686958261080468,9.670180505371093,0.565031591796875,-0.07422025146484375,26.936970542351446,100.95548223017315,66.21649219052203,43.876175833333335,10.246473833333333,26.2,-27.69465648854962,23.053435114503817,4.351145038167939
144.41,-0.0014561497870957396,25.998543850212904,0.0,0.008745555555555557,10.17894659833286,10.108319409179687,1.1947066284179686,-0.07422025146484375,26.936970542351446,100.95548223017315,66.21649219052203,43.876175833333335,10.246473833333333,26.2,-31.129770992366414,29.251908396946565,13.374045801526718
144.42,-0.0014561497870957396,25.998543850212904,0.0,0.008745555555555557,10.58030464754589,10.46984385986328,1.5059528442382812,-0.239420166015625,26.936970542351446,100.95548223017315,66.21649219052203,43.876175833333335,10.246473833333333,26.2,-35.57251908396947,34.2442748091603,24.35114503816794
144.44,-0.0014561497870957396,25.998543850212904,0.0,0.008745555555555557,10.826634176367453,10.74517705078125,1.189918225097656,-0.584185205078125,26.936970542351446,100.95548223017315,66.21649219052203,43.876175833333335,10.246473833333333,26.2,-37.06870229007634,37.7557251908397,33.51145038167939
144.45,-0.0014561497870957396,25.998543850212904,0.0,0.008745555555555557,10.939308603240757,10.848127722167968,0.8092401611328125,-1.1540052001953125,26.936970542351446,100.95548223017315,66.21649219052203,43.876175833333335,10.246473833333333,26.2,-39.52671755725191,39.465648854961835,37.86259541984733
144.46,-0.0014561497870957396,25.998543850212904,0.0,0.008745555555555557,10.96931885940291,10.850521923828124,0.6177040283203125,-1.4867992309570313,26.936970542351446,100.95548223017315,66.21649219052203,43.876175833333335,10.246473833333333,26.2,-43.49618320610687,38.412213740458014,37.49618320610687
144.46,-0.07742864963089291,25.922571350369108,0.0,0.008745555555555557,10.96931885940291,10.850521923828124,0.6177040283203125,-1.4867992309570313,26.906135917557368,100.95639143740787,66.19051340151273,43.876175833333335,10.246473833333333,26.2,-43.49618320610687,38.412213740458014,37.49618320610687
144.46,-0.07742864963089291,25.922571350369108,0.0,0.008745555555555557,10.96931885940291,10.850521923828124,0.6177040283203125,-1.4867992309570313,26.906135917557368,100.95639143740787,66.19051340151273,43.876175833333335,10.246473833333333,26.2,-43.49618320610687,38.412213740458014,37.49618320610687
144.47,-0.07742864963089291,25.922571350369108,0.0,0.008745555555555557,11.080795175810028,10.903194360351561,0.36631285400390623,-1.9416975463867185,26.906135917557368,100.95639143740787,66.19051340151273,43.876175833333335,10.246473833333333,26.2,-45.00763358778626,35.81679389312977,33.9236641221374
144.48,-0.07742864963089291,25.922571350369108,0.0,0.008745555555555557,11.075398063767114,10.845733520507812,0.18435352783203124,-2.2361843505859373,26.906135917557368,100.95639143740787,66.19051340151273,43.876175833333335,10.246473833333333,26.2,-38.274809160305345,34.0763358778626,27.297709923664122
144.5,-0.07742864963089291,25.922571350369108,0.0,0.008745555555555557,11.190209909584086,10.912771166992187,-0.16519991455078123,-2.47081611328125,26.906135917557368,100.95639143740787,66.19051340151273,43.876175833333335,10.246473833333333,26.2,-27.801526717557252,30.946564885496183,19.0381679389313
144.51,-0.07742864963089291,25.922571350369108,0.0,0.008745555555555557,11.457715138678903,11.145008728027342,-0.23702596435546874,-2.6479870361328124,26.906135917557368,100.95639143740787,66.19051340151273,43.876175833333335,10.246473833333333,26.2,-20.259541984732824,24.061068702290076,9.603053435114504
144.52,-0.07742864963089291,25.922571350369108,0.0,0.008745555555555557,11.754813575690239,11.473014355468749,0.23702596435546874,-2.5474305664062498,26.906135917557368,100.95639143740787,66.19051340151273,43.876175833333335,10.246473833333333,26.2,-11.221374045801527,14.381679389312977,-0.7175572519083969
144.53,-0.07742864963089291,25.922571350369108,0.0,0.008745555555555557,11.286256976029385,11.02529864501953,0.7493851196289062,-2.2936451904296873,26.906135917557368,100.95639143740787,66.19051340151273,43.876175833333335,10.246473833333333,26.2,-3.0229007633587788,3.2977099236641223,-11.877862595419847
144.54,-0.07742864963089291,25.922571350369108,0.0,0.008745555555555557,10.568088845266406,10.333374365234375,1.0390835205078124,-1.956062756347656,26.906135917557368,100.95639143740787,66.19051340151273,43.876175833333335,10.246473833333333,26.2,11.19083969465649,-8.595419847328245,-23.31297709923664
144.56,-0.07742864963089291,25.922571350369108,0.0,0.008745555555555557,9.891509931482522,9.665392102050781,0.93852705078125,-1.8818425048828125,26.906135917557368,100.95639143740787,66.19051340151273,43.876175833333335,10.246473833333333,26.2,32.80916030534351,-20.290076335877863,-33.05343511450382
144.56,-0.07742864963089291,25.922571350369108,0.0,0.008745555555555557,9.891509931482522,9.665392102050781,0.93852705078125,-1.8818425048828125,26.906135917557368,100.95639143740787,66.19051340151273,43.876175833333335,10.246473833333333,26.2,32.80916030534351,-20.290076335877863,-33.05343511450382
144.57,-0.07742864963089291,25.922571350369108,0.0,0.008745555555555557,9.641145974830103,9.435548742675781,1.3000515014648437,-1.4939818359375,26.906135917557368,100.95639143740787,66.19051340151273,43.876175833333335,10.246473833333333,26.2,46.54961832061068,-30.35114503816794,-37.969465648854964
144.57,-0.07950247679416433,25.920497523205835,0.0,0.008745555555555557,9.641145974830103,9.435548742675781,1.3000515014648437,-1.4939818359375,26.87309883119524,100.95641625620053,66.18519668938005,43.876175833333335,10.246473833333333,26.2,46.54961832061068,-30.35114503816794,-37.969465648854964
144.58,-0.07950247679416433,25.920497523205835,0.0,0.008745555555555557,9.295593625911344,9.150638745117186,1.37906015625,-0.8786720092773437,26.87309883119524,100.95641625620053,66.18519668938005,43.876175833333335,10.246473833333333,26.2,57.83206106870229,-36.778625954198475,-38.51908396946565
144.59,-0.07950247679416433,25.920497523205835,0.0,0.008745555555555557,8.867720890041754,8.810662109374999,0.9002198242187499,-0.44532150878906246,26.87309883119524,100.95641625620053,66.18519668938005,43.876175833333335,10.246473833333333,26.2,66.85496183206106,-37.48091603053435,-35.083969465648856
144.6,-0.07950247679416433,25.920497523205835,0.0,0.008745555555555557,8.701303257554997,8.693346228027343,0.3711012573242187,-0.02633621826171875,26.87309883119524,100.95641625620053,66.18519668938005,43.876175833333335,10.246473833333333,26.2,67.38931297709924,-32.06106870229008,-25.87786259541985
144.62,-0.07950247679416433,25.920497523205835,0.0,0.008745555555555557,8.784520348512517,8.777143286132812,0.296881005859375,0.20350714111328125,26.87309883119524,100.95641625620053,66.18519668938005,43.876175833333335,10.246473833333333,26.2,58.99236641221374,-23.297709923664122,-12.229007633587786
144.63,-0.07950247679416433,25.920497523205835,0.0,0.008745555555555557,9.01414444995888,9.009380847167968,0.2705447875976562,0.11252747802734374,26.87309883119524,100.95641625620053,66.18519668938005,43.876175833333335,10.246473833333333,26.2,44.213740458015266,-15.114503816793894,1.786259541984733
144.64,-0.07950247679416433,25.920497523205835,0.0,0.008745555555555557,9.662754087383526,9.65342109375,0.36152445068359373,-0.22266075439453123,26.87309883119524,100.95641625620053,66.18519668938005,43.876175833333335,10.246473833333333,26.2,26.458015267175572,-8.83969465648855,14.351145038167939
144.65,-0.07950247679416433,25.920497523205835,0.0,0.008745555555555557,10.499991322216294,10.457872851562499,0.7996633544921875,-0.49320554199218747,26.87309883119524,100.95641625620053,66.18519668938005,43.876175833333335,10.246473833333333,26.2,8.091603053435115,-4.305343511450381,22.16793893129771
144.66,-0.07950247679416433,25.920497523205835,0.0,0.008745555555555557,10.499991322216294,10.457872851562499,0.7996633544921875,-0.49320554199218747,26.87309883119524,100.95641625620053,66.18519668938005,43.876175833333335,10.246473833333333,26.2,8.091603053435115,-4.305343511450381,22.16793893129771
144.66,-0.07950247679416433,25.920497523205835,0.0,0.008745555555555557,11.125201030744842,11.044452258300781,1.0797849487304687,-0.7900865478515624,26.87309883119524,100.95641625620053,66.18519668938005,43.876175833333335,10.246473833333333,26.2,-5.1603053435114505,-2.2748091603053435,22.564885496183205
144.68,-0.07950247679416433,25.920497523205835,0.0,0.008745555555555557,11.326544974518576,11.231199987792968,0.9050082275390624,-1.1540052001953125,26.87309883119524,100.95641625620053,66.18519668938005,43.876175833333335,10.246473833333333,26.2,-12.885496183206106,-3.786259541984733,16.15267175572519
144.68,-0.11802719635377379,25.881972803646228,0.0,0.008745555555555557,11.326544974518576,11.231199987792968,0.9050082275390624,-1.1540052001953125,26.84163495060857,100.95687730662343,66.18713829898296,43.876175833333335,10.246473833333333,26.2,-12.885496183206106,-3.786259541984733,16.15267175572519
144.69,-0.11802719635377379,25.881972803646228,0.0,0.008745555555555557,11.165882255054573,11.089942089843749,0.39743747558593745,-1.2378022583007813,26.84163495060857,100.95687730662343,66.18713829898296,43.876175833333335,10.246473833333333,26.2,-16.106870229007633,-8.030534351145038,5.206106870229007
144.7,-0.11802719635377379,25.881972803646228,0.0,0.008745555555555557,10.79150537810674,10.749965454101561,0.02154781494140625,-0.9457096557617187,26.84163495060857,100.95687730662343,66.18713829898296,43.876175833333335,10.246473833333333,26.2,-14.076335877862595,-14.274809160305344,-6.641221374045801
144.71,-0.11802719635377379,25.881972803646228,0.0,0.008745555555555557,10.646343125241765,10.637437976074217,-0.076614453125,-0.4285620971679687,26.84163495060857,100.95687730662343,66.18713829898296,43.876175833333335,10.246473833333333,26.2,-10.51908396946565,-19.541984732824428,-16.442748091603054
144.72,-0.11802719635377379,25.881972803646228,0.0,0.008745555555555557,10.638817395132044,10.635043774414061,0.2825157958984375,0.02154781494140625,26.84163495060857,100.95687730662343,66.18713829898296,43.876175833333335,10.246473833333333,26.2,-6.0458015267175576,-21.236641221374047,-24.015267175572518
144.74,-0.11802719635377379,25.881972803646228,0.0,0.008745555555555557,10.644251966701887,10.589553942871094,1.0366893188476562,0.29448680419921874,26.84163495060857,100.95687730662343,66.18713829898296,43.876175833333335,10.246473833333333,26.2,-0.5038167938931297,-19.083969465648856,-29.0381679389313
144.75,-0.11802719635377379,25.881972803646228,0.0,0.008745555555555557,10.446472528962333,10.347739575195313,1.4221557861328125,0.17477672119140625,26.84163495060857,100.95687730662343,66.18713829898296,43.876175833333335,10.246473833333333,26.2,0.22900763358778625,-14.290076335877863,-31.633587786259543
144.76,-0.11802719635377379,25.881972803646228,0.0,0.008745555555555557,10.299319309228364,10.17056865234375,1.5969325073242187,-0.2920926025390625,26.84163495060857,100.95687730662343,66.18713829898296,43.876175833333335,10.246473833333333,26.2,-2.5801526717557253,-8.01526717557252,-31.984732824427482
144.76,-0.11802719635377379,25.881972803646228,0.0,0.008745555555555557,10.299319309228364,10.17056865234375,1.5969325073242187,-0.2920926025390625,26.84163495060857,100.95687730662343,66.18713829898296,43.876175833333335,10.246473833333333,26.2,-2.5801526717557253,-8.01526717557252,-31.984732824427482
144.77,-0.11802719635377379,25.881972803646228,0.0,0.008745555555555557,10.303795593120896,10.156203442382813,1.4820108276367188,-0.9074024291992187,26.84163495060857,100.95687730662343,66.18713829898296,43.876175833333335,10.246473833333333,26.2,-7.419847328244275,-3.3587786259541983,-31.068702290076335
144.78,-0.11802719635377379,25.881972803646228,0.0,0.008745555555555557,10.298555122340195,10.134655627441406,1.3862427612304686,-1.1947066284179686,26.84163495060857,100.95687730662343,66.18713829898296,43.876175833333335,10.246473833333333,26.2,-11.038167938931299,-2.687022900763359,-30.793893129770993
144.8,-0.11802719635377379,25.881972803646228,0.0,0.008745555555555557,10.04039602885789,9.892841259765625,1.2042834350585936,-1.2210428466796874,26.84163495060857,100.95687730662343,66.18713829898296,43.876175833333335,10.246473833333333,26.2,-9.114503816793894,-5.786259541984733,-30.99236641221374
144.81,-0.11802719635377379,25.881972803646228,0.0,0.008745555555555557,9.858213646014784,9.734823950195311,1.1324573852539062,-1.0654197387695312,26.84163495060857,100.95687730662343,66.18713829898296,43.876175833333335,10.246473833333333,26.2,-4.488549618320611,-10.778625954198473,-30.198473282442748
144.82,-0.11802719635377379,25.881972803646228,0.0,0.008745555555555557,9.897039203143414,9.830592016601562,0.9193734375,-0.6823474731445313,26.84163495060857,100.95687730662343,66.18713829898296,43.876175833333335,10.246473833333333,26.2,0.549618320610687,-15.419847328244275,-27.6793893129771
144.83,-0.11802719635377379,25.881972803646228,0.0,0.008745555555555557,10.174449190227914,10.12507882080078,0.9720458740234375,-0.239420166015625,26.84163495060857,100.95687730662343,66.18713829898296,43.876175833333335,10.246473833333333,26.2,4.473282442748092,-18.519083969465647,-24.396946564885496
144.84,-0.11802719635377379,25.881972803646228,0.0,0.008745555555555557,10.53644764696698,10.460267053222656,1.2497732666015624,-0.19393033447265623,26.84163495060857,100.95687730662343,66.18713829898296,43.876175833333335,10.246473833333333,26.2,6.687022900763359,-19.96946564885496,-22.549618320610687
144.86,-0.11802719635377379,25.881972803646228,0.0,0.008745555555555557,11.587960784076474,10.395623608398436,1.47482822265625,4.902726449584961,26.84163495060857,100.95687730662343,66.18713829898296,43.876175833333335,10.246473833333333,26.2,-0.015267175572519083,-0.015267175572519083,-0.015267175572519083
144.86,-0.11802719635377379,25.881972803646228,0.0,0.008745555555555557,11.587960784076474,10.395623608398436,1.47482822265625,4.902726449584961,26.84163495060857,100.95687730662343,66.18713829898296,43.876175833333335,10.246473833333333,26.2,-0.015267175572519083,-0.015267175572519083,-0.015267175572519083
144.87,-0.11802719635377379,25.881972803646228,0.0,0.008745555555555557,10.301975155163982,10.175357055664062,1.6017209106445311,-0.16519991455078123,26.84163495060857,100.95687730662343,66.18713829898296,43.876175833333335,10.246473833333333,26.2,6.763358778625954,-17.206106870229007,-24.244274809160306
144.88,-0.11802719635377379,25.881972803646228,0.0,0.008745555555555557,10.137901391751429,10.002974536132811,1.6232687255859375,-0.28730419921875,26.84163495060857,100.95687730662343,66.18713829898296,43.876175833333335,10.246473833333333,26.2,4.015267175572519,-14.51908396946565,-25.83206106870229
144.89,-0.11802719635377379,25.881972803646228,0.0,0.008745555555555557,10.074642981601183,9.935936889648437,1.6304513305664061,-0.34237083740234375,26.84163495060857,100.95687730662343,66.18713829898296,43.876175833333335,10.246473833333333,26.2,-0.5038167938931297,-12.244274809160306,-26.702290076335878
144.9,-0.11802719635377379,25.881972803646228,0.0,0.004115555555555556,10.074642981601183,9.935936889648437,1.6304513305664061,-0.34237083740234375,26.84163495060857,100.95687730662343,66.18713829898296,43.87617566666667,10.246473833333333,26.3,-0.5038167938931297,-12.244274809160306,-26.702290076335878
144.9,-0.11802719635377379,25.881972803646228,0.0,0.004115555555555556,10.282156244810384,10.149020837402343,1.5945383056640625,-0.4213794921875,26.84163495060857,100.95687730662343,66.18713829898296,43.87617566666667,10.246473833333333,26.3,-3.7709923664122136,-11.053435114503817,-27.34351145038168
144.92,-0.11802719635377379,25.881972803646228,0.0,0.004115555555555556,10.546628976606591,10.426748229980468,1.5131354492187499,-0.4740519287109375,26.84163495060857,100.95687730662343,66.18713829898296,43.87617566666667,10.246473833333333,26.3,-5.343511450381679,-11.099236641221374,-29.099236641221374
144.93,-0.11802719635377379,25.881972803646228,0.0,0.004115555555555556,10.78220949160684,10.63025537109375,1.7429788085937499,-0.4644751220703125,26.84163495060857,100.95687730662343,66.18713829898296,43.87617566666667,10.246473833333333,26.3,-3.5267175572519083,-11.770992366412214,-30.748091603053435
144.94,-0.11802719635377379,25.881972803646228,0.0,0.004115555555555556,10.913184812905877,10.709264025878905,2.0566192260742184,-0.42377369384765623,26.84163495060857,100.95687730662343,66.18713829898296,43.87617566666667,10.246473833333333,26.3,0.0916030534351145,-12.061068702290076,-30.519083969465647
144.95,-0.11802719635377379,25.881972803646228,0.0,0.004115555555555556,10.741917070486647,10.472238061523436,2.365471240234375,-0.354341845703125,26.84163495060857,100.95687730662343,66.18713829898296,43.87617566666667,10.246473833333333,26.3,3.618320610687023,-11.465648854961833,-27.984732824427482
144.96,-0.16900012333049164,25.83099987666951,-5.097292697661933,0.004115555555555556,10.741917070486647,10.472238061523436,2.365471240234375,-0.354341845703125,26.812058912808425,100.95748733547639,66.19638817301605,43.87617566666667,10.246473833333333,26.3,3.618320610687023,-11.465648854961833,-27.984732824427482
144.96,-0.16900012333049164,25.83099987666951,-5.097292697661933,0.004115555555555556,10.741917070486647,10.472238061523436,2.365471240234375,-0.354341845703125,26.812058912808425,100.95748733547639,66.19638817301605,43.87617566666667,10.246473833333333,26.3,3.618320610687023,-11.465648854961833,-27.984732824427482
144.96,-0.16900012333049164,25.83099987666951,-5.097292697661933,0.004115555555555556,10.741917070486647,10.472238061523436,2.365471240234375,-0.354341845703125,26.812058912808425,100.95748733547639,66.19638817301605,43.87617566666667,10.246473833333333,26.3,3.618320610687023,-11.465648854961833,-27.984732824427482
144.96,-0.16900012333049164,25.83099987666951,-5.097292697661933,0.004115555555555556,10.769832034694241,10.421959826660157,2.6695348510742187,-0.4955997436523437,26.812058912808425,100.95748733547639,66.19638817301605,43.87617566666667,10.246473833333333,26.3,5.32824427480916,-9.877862595419847,-22.916030534351144
144.98,-0.16900012333049164,25.83099987666951,0.0,0.004115555555555556,10.910369872566413,10.481814868164061,2.961627453613281,-0.6296750366210937,26.812058912808425,100.95748733547639,66.19638817301605,43.87617566666667,10.246473833333333,26.3,4.244274809160306,-7.786259541984733,-16.396946564885496
144.99,-0.16900012333049164,25.83099987666951,0.0,0.004115555555555556,10.98753608713834,10.577582934570312,2.829946362304687,-0.9121908325195311,26.812058912808425,100.95748733547639,66.19638817301605,43.87617566666667,10.246473833333333,26.3,1.9236641221374047,-6.625954198473282,-10.335877862595419
145.0,-0.16900012333049164,25.83099987666951,0.0,0.004115555555555556,11.159657735370224,10.79545528564453,2.5761609863281247,-1.1659762084960936,26.812058912808425,100.95748733547639,66.19638817301605,43.87617566666667,10.246473833333333,26.3,-0.3816793893129771,-7.816793893129771,-6.900763358778626
145.01,-0.16900012333049164,25.83099987666951,0.0,0.004115555555555556,11.716974402666994,11.401188305664062,2.4564509033203126,-1.1252747802734375,26.812058912808425,100.95748733547639,66.19638817301605,43.87617566666667,10.246473833333333,26.3,-5.068702290076335,-12.01526717557252,-7.175572519083969
145.02,-0.16900012333049164,25.83099987666951,0.0,0.004115555555555556,12.504502478696569,12.143390820312499,2.7820623291015623,-1.0773907470703123,26.812058912808425,100.95748733547639,66.19638817301605,43.87617566666667,10.246473833333333,26.3,-8.396946564885496,-17.083969465648856,-11.541984732824428
145.04,-0.16900012333049164,25.83099987666951,0.0,0.004115555555555556,13.384583685071899,12.842497705078124,3.6176387084960937,-1.0630255371093749,26.812058912808425,100.95748733547639,66.19638817301605,43.87617566666667,10.246473833333333,26.3,-13.969465648854962,-20.748091603053435,-19.61832061068702
145.05,-0.16900012333049164,25.83099987666951,0.0,0.004115555555555556,13.451492360068805,12.830526696777342,3.9145197143554684,-0.9983820922851562,26.812058912808425,100.95748733547639,66.19638817301605,43.87617566666667,10.246473833333333,26.3,-22.427480916030536,-23.633587786259543,-31.81679389312977
145.06,-0.16900012333049164,25.83099987666951,0.0,0.004115555555555556,12.079567640514288,11.626243261718749,3.1387983764648437,-0.9457096557617187,26.812058912808425,100.95748733547639,66.19638817301605,43.87617566666667,10.246473833333333,26.3,-30.229007633587788,-26.15267175572519,-48.396946564885496
145.06,-0.16900012333049164,25.83099987666951,0.0,0.004115555555555556,12.079567640514288,11.626243261718749,3.1387983764648437,-0.9457096557617187,26.812058912808425,100.95748733547639,66.19638817301605,43.87617566666667,10.246473833333333,26.3,-30.229007633587788,-26.15267175572519,-48.396946564885496
145.07,-0.16900012333049164,25.83099987666951,0.0,0.004115555555555556,9.75677862405202,9.576806640625,1.697488977050781,-0.7733271362304687,26.812058912808425,100.95748733547639,66.19638817301605,43.87617566666667,10.246473833333333,26.3,-34.74809160305343,-28.793893129770993,-66.91603053435115
145.07,-0.132945198740404,25.867054801259595,0.0,0.004115555555555556,9.75677862405202,9.576806640625,1.697488977050781,-0.7733271362304687,26.928160648483573,100.95705584053695,66.19405881103904,43.87617566666667,10.246473833333333,26.3,-34.74809160305343,-28.793893129770993,-66.91603053435115
145.08,-0.132945198740404,25.867054801259595,0.0,0.004115555555555556,7.0958652302326755,7.086836914062499,0.22266075439453123,-0.28012159423828126,26.928160648483573,100.95705584053695,66.19405881103904,43.87617566666667,10.246473833333333,26.3,-35.00763358778626,-30.885496183206108,-84.38167938931298
145.1,-0.132945198740404,25.867054801259595,0.0,0.004115555555555556,4.052633827525431,3.9695863525390624,-0.6871358764648438,0.44053310546874996,26.928160648483573,100.95705584053695,66.19405881103904,43.87617566666667,10.246473833333333,26.3,-31.770992366412212,-30.9618320610687,-97.78625954198473
145.11,-0.132945198740404,25.867054801259595,0.0,0.004115555555555556,2.1056156289806505,1.3862427612304686,-1.0630255371093749,1.1755530151367186,26.928160648483573,100.95705584053695,66.19405881103904,43.87617566666667,10.246473833333333,26.3,-33.541984732824424,-28.732824427480917,-103.81679389312977
145.12,-0.132945198740404,25.867054801259595,0.0,0.004115555555555556,1.7020887970799434,-0.7541735229492187,-0.7709329345703124,1.3168109130859373,26.928160648483573,100.95705584053695,66.19405881103904,43.87617566666667,10.246473833333333,26.3,-51.80152671755725,-27.786259541984734,-100.09160305343511
145.13,-0.132945198740404,25.867054801259595,0.0,0.004115555555555556,2.9541314903875815,-2.829946362304687,0.16759411621093748,0.8307879760742187,26.928160648483573,100.95705584053695,66.19405881103904,43.87617566666667,10.246473833333333,26.3,-66.76335877862596,-24.702290076335878,-78.87022900763358
145.14,-0.132945198740404,25.867054801259595,0.0,0.004115555555555556,4.789429125846228,-4.61602080078125,1.2234370483398436,0.36631285400390623,26.928160648483573,100.95705584053695,66.19405881103904,43.87617566666667,10.246473833333333,26.3,-66.12213740458016,-9.969465648854962,-31.19083969465649
145.16,-0.132945198740404,25.867054801259595,0.0,0.004115555555555556,5.232023092114141,-4.503493322753906,2.6623522460937497,-0.06703764648437499,26.928160648483573,100.95705584053695,66.19405881103904,43.87617566666667,10.246473833333333,26.3,-59.267175572519086,12.427480916030534,43.7557251908397
145.16,-0.132945198740404,25.867054801259595,0.0,0.004115555555555556,5.232023092114141,-4.503493322753906,2.6623522460937497,-0.06703764648437499,26.928160648483573,100.95705584053695,66.19405881103904,43.87617566666667,10.246473833333333,26.3,-59.267175572519086,12.427480916030534,43.7557251908397
145.17,-0.132945198740404,25.867054801259595,0.0,0.004115555555555556,4.406235293490746,-0.3950432739257812,4.132392065429687,-1.4772224243164063,26.928160648483573,100.95705584053695,66.19405881103904,43.87617566666667,10.246473833333333,26.3,-67.0381679389313,30.931297709923665,144.04580152671755
145.18,-0.132945198740404,25.867054801259595,0.0,0.004115555555555556,9.133571188582598,7.146691955566406,4.517858532714843,-3.4548329956054684,26.928160648483573,100.95705584053695,66.19405881103904,43.87617566666667,10.246473833333333,26.3,-88.19847328244275,41.81679389312977,256.85496183206106
145.18,-0.04914692599220727,25.950853074007792,0.0,0.004115555555555556,9.133571188582598,7.146691955566406,4.517858532714843,-3.4548329956054684,26.97252476558424,100.95605297274443,66.21521321528267,43.87617566666667,10.246473833333333,26.3,-88.19847328244275,41.81679389312977,256.85496183206106
145.19,-0.04914692599220727,25.950853074007792,0.0,0.004115555555555556,16.440076451265835,15.332467431640625,3.1292215698242187,-5.039794494628906,26.97252476558424,100.95605297274443,66.21521321528267,43.87617566666667,10.246473833333333,26.3,-113.08396946564885,46.82442748091603,356.5496183206107
145.21,-0.04914692599220727,25.950853074007792,0.0,0.004115555555555556,20.662669567740895,19.61270144958496,-0.2561795776367187,-6.497863305664062,26.97252476558424,100.95605297274443,66.21521321528267,43.87617566666667,10.246473833333333,26.3,-122.56488549618321,51.19083969465649,414.0458015267176
145.22,-0.04914692599220727,25.950853074007792,0.0,0.004115555555555556,21.049149190482957,19.61270144958496,-3.6655227416992187,-6.706158850097656,26.97252476558424,100.95605297274443,66.21521321528267,43.87617566666667,10.246473833333333,26.3,-89.52671755725191,53.17557251908397,408.59541984732823
145.23,-0.04914692599220727,25.950853074007792,0.0,0.004115555555555556,20.98384015137851,19.61270144958496,-4.75009609375,-5.753266589355468,26.97252476558424,100.95605297274443,66.21521321528267,43.87617566666667,10.246473833333333,26.3,-27.129770992366414,43.64885496183206,340.76335877862596
145.24,-0.04914692599220727,25.950853074007792,0.0,0.004115555555555556,20.208753351151188,19.61270144958496,-3.9240965209960934,-2.887407202148437,26.97252476558424,100.95605297274443,66.21521321528267,43.87617566666667,10.246473833333333,26.3,27.19083969465649,17.557251908396946,226.68702290076337
145.25,-0.04914692599220727,25.950853074007792,0.0,0.004115555555555556,19.940660579944566,19.61270144958496,-3.5625720703124997,-0.5291185668945312,26.97252476558424,100.95605297274443,66.21521321528267,43.87617566666667,10.246473833333333,26.3,52.412213740458014,-14.946564885496183,84.29007633587786
145.26,-0.04914692599220727,25.950853074007792,0.0,0.004115555555555556,19.940660579944566,19.61270144958496,-3.5625720703124997,-0.5291185668945312,26.97252476558424,100.95605297274443,66.21521321528267,43.87617566666667,10.246473833333333,26.3,52.412213740458014,-14.946564885496183,84.29007633587786
145.27,-0.04914692599220727,25.950853074007792,0.0,0.004115555555555556,19.958136994587136,19.61270144958496,-3.5865140869140624,0.8978256225585937,26.97252476558424,100.95605297274443,66.21521321528267,43.87617566666667,10.246473833333333,26.3,47.20610687022901,-35.908396946564885,-71.66412213740458
145.28,-0.04914692599220727,25.950853074007792,0.0,0.004115555555555556,12.749197577033774,12.052411157226562,-4.055777612304687,0.9121908325195311,26.97252476558424,100.95605297274443,66.21521321528267,43.87617566666667,10.246473833333333,26.3,30.366412213740457,-37.86259541984733,-214.70229007633588
145.29,-0.04914692599220727,25.950853074007792,0.0,0.004115555555555556,5.505532181558173,1.9129671264648436,-5.161898779296875,0.07900865478515624,26.97252476558424,100.95605297274443,66.21521321528267,43.87617566666667,10.246473833333333,26.3,16.35114503816794,-31.374045801526716,-322.62595419847327
145.29,-0.0011247361361821362,25.998875263863816,0.0,0.004115555555555556,5.505532181558173,1.9129671264648436,-5.161898779296875,0.07900865478515624,26.973154043997056,100.95547826396721,66.19429889975193,43.87617566666667,10.246473833333333,26.3,16.35114503816794,-31.374045801526716,-322.62595419847327
145.3,-0.0011247361361821362,25.998875263863816,0.0,0.004115555555555556,9.913912651241722,-8.341398583984375,-5.353434912109375,-0.21787235107421873,26.973154043997056,100.95547826396721,66.19429889975193,43.87617566666667,10.246473833333333,26.3,-4.152671755725191,-22.50381679389313,-380.99236641221376
145.31,-0.0011247361361821362,25.998875263863816,0.0,0.004115555555555556,14.470962246582571,-14.26944189453125,-1.8004396484374998,1.5969325073242187,26.973154043997056,100.95547826396721,66.19429889975193,43.87617566666667,10.246473833333333,26.3,-38.47328244274809,-7.068702290076335,-376.793893129771
145.33,-0.0011247361361821362,25.998875263863816,0.0,0.004115555555555556,16.84004878531942,-16.692373974609374,-1.455674609375,1.6831237670898436,26.973154043997056,100.95547826396721,66.19429889975193,43.87617566666667,10.246473833333333,26.3,-72.7175572519084,22.16793893129771,-292.8702290076336
145.34,-0.0011247361361821362,25.998875263863816,0.0,0.004115555555555556,14.114900908042143,-14.113818786621094,0.13168109130859373,-0.1149216796875,26.973154043997056,100.95547826396721,66.19429889975193,43.87617566666667,10.246473833333333,26.3,-97.80152671755725,62.229007633587784,-115.02290076335878
145.35,-0.0011247361361821362,25.998875263863816,0.0,0.004115555555555556,6.325229308400859,-3.9647979492187497,3.4548329956054684,-3.5146880371093747,26.973154043997056,100.95547826396721,66.19429889975193,43.87617566666667,10.246473833333333,26.3,-80.07633587786259,108.70229007633588,116.54961832061069
145.36,-0.0011247361361821362,25.998875263863816,0.0,0.004115555555555556,6.325229308400859,-3.9647979492187497,3.4548329956054684,-3.5146880371093747,26.973154043997056,100.95547826396721,66.19429889975193,43.87617566666667,10.246473833333333,26.3,-80.07633587786259,108.70229007633588,116.54961832061069
145.36,-0.0011247361361821362,25.998875263863816,0.0,0.004115555555555556,13.440152930120739,11.427524523925781,1.2282254516601563,-6.967126831054687,26.973154043997056,100.95547826396721,66.19429889975193,43.87617566666667,10.246473833333333,26.3,-61.23664122137404,157.0381679389313,349.0229007633588
145.37,-0.0011247361361821362,25.998875263863816,0.0,0.004115555555555556,21.885109663750825,19.61270144958496,-6.129156249999999,-7.532158422851562,26.973154043997056,100.95547826396721,66.19429889975193,43.87617566666667,10.246473833333333,26.3,-69.37404580152672,200.1679389312977,500.25954198473283
145.39,-0.0011247361361821362,25.998875263863816,0.0,0.004115555555555556,23.818226890244,19.61270144958496,-11.84890401611328,-6.500257507324219,26.973154043997056,100.95547826396721,66.19429889975193,43.87617566666667,10.246473833333333,26.3,-63.38931297709924,215.57251908396947,500.25954198473283
145.4,-0.0011247361361821362,25.998875263863816,0.0,0.004115555555555556,22.427665114182027,19.61270144958496,-9.725247143554688,-4.874594580078124,26.973154043997056,100.95547826396721,66.19429889975193,43.87617566666667,10.246473833333333,26.3,-31.938931297709924,187.75572519083968,390.0916030534351
145.41,-0.0011247361361821362,25.998875263863816,0.0,0.004115555555555556,21.28006761387822,19.61270144958496,-6.256048937988281,-5.389347937011719,26.973154043997056,100.95547826396721,66.19429889975193,43.87617566666667,10.246473833333333,26.3,-39.55725190839695,117.81679389312977,66.03053435114504
145.42,0.023190007923408196,26.023190007923407,2.4314744059612448,0.004115555555555556,21.28006761387822,19.61270144958496,-6.256048937988281,-5.389347937011719,26.953331776090454,100.95518727664744,66.20511660209127,43.87617566666667,10.246473833333333,26.3,-39.55725190839695,117.81679389312977,66.03053435114504
145.42,0.023190007923408196,26.023190007923407,2.4314744059612448,0.004115555555555556,21.437858408480388,18.56703387451172,-8.827421520996094,-6.076483813476562,26.953331776090454,100.95518727664744,66.20511660209127,43.87617566666667,10.246473833333333,26.3,-66.51908396946565,30.85496183206107,-262.3358778625954
145.43,0.023190007923408196,26.023190007923407,0.0,0.004115555555555556,11.504430213920076,5.346252307128906,-8.580818749999999,-5.4899044067382805,26.953331776090454,100.95518727664744,66.20511660209127,43.87617566666667,10.246473833333333,26.3,-89.93893129770993,-45.20610687022901,-485.2824427480916
145.45,0.023190007923408196,26.023190007923407,0.0,0.004115555555555556,9.71464428059327,-6.373364819335937,-6.366182214355469,-3.6367923217773437,26.953331776090454,100.95518727664744,66.20511660209127,43.87617566666667,10.246473833333333,26.3,-92.67175572519083,-96.56488549618321,-500.2748091603053
145.46,0.023190007923408196,26.023190007923407,0.0,0.004115555555555556,18.979032728336854,-18.128894970703122,-5.506663818359375,-1.1061211669921875,26.953331776090454,100.95518727664744,66.20511660209127,43.87617566666667,10.246473833333333,26.3,-56.30534351145038,-123.19083969465649,-500.2748091603053
145.46,0.023190007923408196,26.023190007923407,0.0,0.004115555555555556,18.979032728336854,-18.128894970703122,-5.506663818359375,-1.1061211669921875,26.953331776090454,100.95518727664744,66.20511660209127,43.87617566666667,10.246473833333333,26.3,-56.30534351145038,-123.19083969465649,-500.2748091603053
145.47,0.023190007923408196,26.023190007923407,0.0,0.004115555555555556,19.90232920551265,-19.6133,-2.4253262817382812,2.3535002319335936,26.953331776090454,100.95518727664744,66.20511660209127,43.87617566666667,10.246473833333333,26.3,-12.625954198473282,-128.7175572519084,-500.2748091603053
145.49,0.023190007923408196,26.023190007923407,0.0,0.004115555555555556,19.90232920551265,-19.6133,-2.4253262817382812,2.3535002319335936,26.953331776090454,100.95518727664744,66.20511660209127,43.87617566666667,10.246473833333333,26.3,-12.625954198473282,-128.7175572519084,-500.2748091603053
145.49,0.023190007923408196,26.023190007923407,0.0,0.004115555555555556,159.81400751751275,-156.9064,0.6512228515624999,30.3393234375,26.953331776090454,100.95518727664744,66.20511660209127,43.87617566666667,10.246473833333333,26.3,4.320610687022901,-105.5114503816794,-328.99236641221376
145.49,0.023190007923408196,26.023190007923407,0.0,0.004115555555555556,24.813101732698712,-24.621969873046872,-0.3399766357421875,3.0550013183593747,26.953331776090454,100.95518727664744,66.20511660209127,43.87617566666667,10.246473833333333,26.3,-6.549618320610687,-64.45801526717557,-74.82442748091603
145.51,0.023190007923408196,26.023190007923407,0.0,0.004115555555555556,11.485305534492309,-9.600748657226562,6.1626750732421876,-1.3263877197265623,26.953331776090454,100.95518727664744,66.20511660209127,43.87617566666667,10.246473833333333,26.3,25.61832061068702,-9.312977099236642,222.70229007633588
145.52,0.023190007923408196,26.023190007923407,0.0,0.004115555555555556,12.312459922232357,11.190498559570312,2.5570073730468748,-4.453215087890625,26.953331776090454,100.95518727664744,66.20511660209127,43.87617566666667,10.246473833333333,26.3,64.54961832061069,65.64885496183206,494.62595419847327
145.53,0.023190007923408196,26.023190007923407,0.0,0.004115555555555556,35.13450467104369,33.75345500488281,-7.618349682617187,-6.0908490234374995,26.953331776090454,100.95518727664744,66.20511660209127,43.87617566666667,10.246473833333333,26.3,68.16793893129771,130.29007633587787,500.25954198473283
145.53,-0.34383955451954495,25.656160445480456,0.0,0.004115555555555556,35.13450467104369,33.75345500488281,-7.618349682617187,-6.0908490234374995,26.838488563150168,100.95957978454395,66.17262529343408,43.87617566666667,10.246473833333333,26.3,68.16793893129771,130.29007633587787,500.25954198473283
145.54,-0.34383955451954495,25.656160445480456,0.0,0.004115555555555556,51.05456384243411,49.53603234863281,-12.186486450195313,-2.059013427734375,26.838488563150168,100.95957978454395,66.17262529343408,43.87617566666667,10.246473833333333,26.3,75.8473282442748,162.35114503816794,500.25954198473283
145.55,-0.34383955451954495,25.656160445480456,0.0,0.004115555555555556,57.974084927947374,57.18311245117187,-8.073247998046874,-5.090072729492187,26.838488563150168,100.95957978454395,66.17262529343408,43.87617566666667,10.246473833333333,26.3,60.80916030534351,144.76335877862596,446.1526717557252
145.56,-0.2725961875089622,25.727403812491037,7.124336701064755,0.004115555555555556,57.974084927947374,57.18311245117187,-8.073247998046874,-5.090072729492187,26.833454343443737,100.95872715160519,66.17881885689356,43.87617566666667,10.246473833333333,26.3,60.80916030534351,144.76335877862596,446.1526717557252
145.56,-0.2725961875089622,25.727403812491037,7.124336701064755,0.004115555555555556,57.974084927947374,57.18311245117187,-8.073247998046874,-5.090072729492187,26.833454343443737,100.95872715160519,66.17881885689356,43.87617566666667,10.246473833333333,26.3,60.80916030534351,144.76335877862596,446.1526717557252
145.57,-0.2725961875089622,25.727403812491037,0.0,0.004115555555555556,43.072529222245585,42.46834904785156,-4.189852905273438,-5.84185205078125,26.833454343443737,100.95872715160519,66.17881885689356,43.87617566666667,10.246473833333333,26.3,-10.15267175572519,84.29007633587786,101.45038167938931
145.58,-0.2725961875089622,25.727403812491037,0.0,0.004115555555555556,25.883978015929745,23.726538452148436,-7.7763669921875,-6.823474731445312,26.833454343443737,100.95872715160519,66.17881885689356,43.87617566666667,10.246473833333333,26.3,-63.98473282442748,8.13740458015267,-221.6793893129771
145.59,-0.2725961875089622,25.727403812491037,0.0,0.004115555555555556,12.971411627718176,7.484274389648437,-8.872911352539061,-5.7891796142578125,26.833454343443737,100.95872715160519,66.17881885689356,43.87617566666667,10.246473833333333,26.3,-89.61832061068702,-71.61832061068702,-436.1526717557252
145.59,-0.21526704318563628,25.784732956814363,0.0,0.004115555555555556,12.971411627718176,7.484274389648437,-8.872911352539061,-5.7891796142578125,26.81331746741198,100.9580410468176,66.18958693072993,43.87617566666667,10.246473833333333,26.3,-89.61832061068702,-71.61832061068702,-436.1526717557252
145.6,-0.21526704318563628,25.784732956814363,0.0,0.004115555555555556,10.890730447985531,-7.876923461914062,-6.9719152343749995,-2.8203695556640622,26.81331746741198,100.9580410468176,66.18958693072993,43.87617566666667,10.246473833333333,26.3,-84.59541984732824,-141.05343511450383,-500.2748091603053
145.61,-0.21526704318563628,25.784732956814363,0.0,0.004115555555555556,21.320481258910753,-20.815189233398435,-4.601655590820312,0.3399766357421875,26.81331746741198,100.9580410468176,66.18958693072993,43.87617566666667,10.246473833333333,26.3,-61.847328244274806,-183.75572519083968,-500.2748091603053
145.62,0.04104641952405341,26.041046419524054,25.63134627099228,0.004115555555555556,21.320481258910753,-20.815189233398435,-4.601655590820312,0.3399766357421875,26.803249031072482,100.95497358001863,66.18096428330277,43.87617566666667,10.246473833333333,26.3,-61.847328244274806,-183.75572519083968,-500.2748091603053
145.63,0.04104641952405341,26.041046419524054,0.0,0.004115555555555556,30.180033219956872,-29.63063974609375,-3.912125512695312,4.189852905273438,26.803249031072482,100.95497358001863,66.18096428330277,43.87617566666667,10.246473833333333,26.3,-40.19847328244275,-197.26717557251908,-408.5648854961832
145.64,0.04104641952405341,26.041046419524054,0.0,0.004115555555555556,30.75518839217895,-29.927520751953125,-0.0430956298828125,7.086836914062499,26.803249031072482,100.95497358001863,66.18096428330277,43.87617566666667,10.246473833333333,26.3,-21.66412213740458,-177.87786259541986,-205.81679389312978
145.65,0.04104641952405341,26.041046419524054,0.0,0.004115555555555556,19.747595321429955,-18.344373120117186,5.923254907226562,4.285620971679688,26.803249031072482,100.95497358001863,66.18096428330277,43.87617566666667,10.246473833333333,26.3,-0.6412213740458015,-119.3587786259542,58.99236641221374
145.65,-0.18659800721427366,25.813401992785728,0.0,0.004115555555555556,19.747595321429955,-18.344373120117186,5.923254907226562,4.285620971679688,26.803249031072482,100.95769794241781,66.16695831242664,43.87617566666667,10.246473833333333,26.3,-0.6412213740458015,-119.3587786259542,58.99236641221374
145.66,-0.18659800721427366,25.813401992785728,0.0,0.004115555555555556,19.747595321429955,-18.344373120117186,5.923254907226562,4.285620971679688,26.803249031072482,100.95769794241781,66.16695831242664,43.87617566666667,10.246473833333333,26.3,-0.6412213740458015,-119.3587786259542,58.99236641221374
145.66,-0.18659800721427366,25.813401992785728,0.0,0.004115555555555556,5.26526044470389,-0.9193734375,5.023035083007812,-1.2832920898437499,26.803249031072482,100.95769794241781,66.16695831242664,43.87617566666667,10.246473833333333,26.3,37.16030534351145,-17.374045801526716,328.381679389313
145.67,-0.18659800721427366,25.813401992785728,0.0,0.004115555555555556,20.80631882823605,19.905392602539063,-2.2649147705078123,-5.616797094726562,26.803249031072482,100.95769794241781,66.16695831242664,43.87617566666667,10.246473833333333,26.3,56.29007633587786,94.62595419847328,500.25954198473283
145.68,-0.31431579775774265,25.685684202242257,-12.771779054322215,0.004115555555555556,20.80631882823605,19.905392602539063,-2.2649147705078123,-5.616797094726562,26.788146378658713,100.95922644669719,66.16453019309881,43.87617566666667,10.246473833333333,26.3,56.29007633587786,94.62595419847328,500.25954198473283
145.69,-0.31431579775774265,25.685684202242257,0.0,0.004115555555555556,47.041161868558284,44.99662600097656,-11.563994018554688,-7.378929516601562,26.788146378658713,100.95922644669719,66.16453019309881,43.87617566666667,10.246473833333333,26.3,28.931297709923665,168.33587786259542,500.25954198473283
145.7,-0.31431579775774265,25.685684202242257,0.0,0.004115555555555556,65.91624770956956,64.38008264160156,-13.034033837890624,-5.501875415039062,26.788146378658713,100.95922644669719,66.16453019309881,43.87617566666667,10.246473833333333,26.3,10.473282442748092,190.76335877862596,500.25954198473283
145.71,-0.31431579775774265,25.685684202242257,0.0,0.004115555555555556,61.88019743993049,60.62118603515625,-7.613561279296874,-9.811438403320311,26.788146378658713,100.95922644669719,66.16453019309881,43.87617566666667,10.246473833333333,26.3,-0.015267175572519083,-0.015267175572519083,-0.015267175572519083
145.71,-0.20049814294928137,25.799501857050718,0.0,0.004115555555555556,61.88019743993049,60.62118603515625,-7.613561279296874,-9.811438403320311,26.788146378658713,100.95786429591338,66.17853578595452,43.87617566666667,10.246473833333333,26.3,-0.015267175572519083,-0.015267175572519083,-0.015267175572519083
145.72,-0.20049814294928137,25.799501857050718,0.0,0.004115555555555556,39.69964352702499,38.51791630859375,-7.168239770507812,-6.406883642578125,26.788146378658713,100.95786429591338,66.17853578595452,43.87617566666667,10.246473833333333,26.3,-72.74809160305344,74.73282442748092,-92.68702290076335
145.73,-0.20049814294928137,25.799501857050718,0.0,0.004115555555555556,21.46565850971234,15.653290454101562,-12.933477368164061,-6.962338427734375,26.788146378658713,100.95786429591338,66.17853578595452,43.87617566666667,10.246473833333333,26.3,-94.85496183206106,-21.893129770992367,-406.5038167938931
145.74,-0.10057304584301319,25.899426954156986,9.992509710607505,0.004115555555555556,21.46565850971234,15.653290454101562,-12.933477368164061,-6.962338427734375,26.77304372875951,100.9566684212194,66.16210242597742,43.87617566666667,10.246473833333333,26.3,-94.85496183206106,-21.893129770992367,-406.5038167938931
145.76,-0.10057304584301319,25.899426954156986,0.0,0.004115555555555556,14.678671329623937,-3.5242648437499997,-13.632584252929687,-4.146757275390625,26.77304372875951,100.9566684212194,66.16210242597742,43.87617566666667,10.246473833333333,26.3,-96.04580152671755,-114.59541984732824,-500.2748091603053
145.76,-0.10057304584301319,25.899426954156986,0.0,0.004115555555555556,14.678671329623937,-3.5242648437499997,-13.632584252929687,-4.146757275390625,26.77304372875951,100.9566684212194,66.16210242597742,43.87617566666667,10.246473833333333,26.3,-96.04580152671755,-114.59541984732824,-500.2748091603053
145.77,-0.10057304584301319,25.899426954156986,0.0,0.004115555555555556,39.01163083919814,-37.05266489257812,-11.03248125,5.224148022460938,26.77304372875951,100.9566684212194,66.16210242597742,43.87617566666667,10.246473833333333,26.3,-74.18320610687023,-217.09923664122138,-500.2748091603053
145.77,-0.48458136897949977,25.515418631020502,0.0,0.004115555555555556,39.01163083919814,-37.05266489257812,-11.03248125,5.224148022460938,26.76800951268524,100.96126418454867,66.17529833746033,43.87617566666667,10.246473833333333,26.3,-74.18320610687023,-217.09923664122138,-500.2748091603053
145.78,-0.48458136897949977,25.515418631020502,0.0,0.004115555555555556,43.405343148625825,-42.233717285156246,-4.242525341796875,9.074024291992187,26.76800951268524,100.96126418454867,66.17529833746033,43.87617566666667,10.246473833333333,26.3,-68.65648854961832,-209.61832061068702,-407.8625954198473
145.79,-0.48458136897949977,25.515418631020502,0.0,0.004115555555555556,32.7403374965649,-31.249120068359375,6.880935571289062,6.9336080078124995,26.76800951268524,100.96126418454867,66.17529833746033,43.87617566666667,10.246473833333333,26.3,-49.29770992366412,-147.29770992366412,-107.64885496183206
145.8,-0.4133322913557169,25.586667708644285,7.124907762364515,0.004115555555555556,32.7403374965649,-31.249120068359375,6.880935571289062,6.9336080078124995,26.762975296890364,100.96041147174685,66.1744890732083,43.87617566666667,10.246473833333333,26.3,-49.29770992366412,-147.29770992366412,-107.64885496183206
145.81,-0.4133322913557169,25.586667708644285,0.0,0.004115555555555556,15.001703844541316,-10.180145458984374,10.970232006835937,1.0342951171875,26.762975296890364,100.96041147174685,66.1744890732083,43.87617566666667,10.246473833333333,26.3,5.847328244274809,-23.480916030534353,247.23664122137404
145.82,-0.4133322913557169,25.586667708644285,0.0,0.004115555555555556,14.179873131153743,13.297396020507811,-1.16837041015625,-4.783614916992187,26.762975296890364,100.96041147174685,66.1744890732083,43.87617566666667,10.246473833333333,26.3,67.32824427480917,116.90076335877863,500.25954198473283
145.83,-0.4133322913557169,25.586667708644285,0.0,0.004115555555555556,41.468064861720094,38.62326118164062,-13.5990654296875,-6.5505357421875,26.762975296890364,100.96041147174685,66.1744890732083,43.87617566666667,10.246473833333333,26.3,89.38931297709924,206.01526717557252,500.25954198473283
145.83,-0.299520074522468,25.70047992547753,0.0,0.004115555555555556,41.468064861720094,38.62326118164062,-13.5990654296875,-6.5505357421875,26.762975296890364,100.9590493730981,66.1744890732083,43.87617566666667,10.246473833333333,26.3,89.38931297709924,206.01526717557252,500.25954198473283
145.84,-0.299520074522468,25.70047992547753,0.0,0.004115555555555556,59.44431672006367,57.499147070312496,-13.814543579101562,-6.0525417968749995,26.762975296890364,100.9590493730981,66.1744890732083,43.87617566666667,10.246473833333333,26.3,81.02290076335878,220.2290076335878,500.25954198473283
145.85,-0.299520074522468,25.70047992547753,0.0,0.004115555555555556,59.379599489417885,58.92609125976562,-4.649539624023437,-5.659892724609374,26.762975296890364,100.9590493730981,66.1744890732083,43.87617566666667,10.246473833333333,26.3,46.85496183206107,176.51908396946564,408.5496183206107
145.86,-0.0006431630433412217,25.999356836956657,29.887691147854913,0.004115555555555556,59.379599489417885,58.92609125976562,-4.649539624023437,-5.659892724609374,26.757941081374884,100.9554725007223,66.15967501114228,43.87617566666667,10.246473833333333,26.3,46.85496183206107,176.51908396946564,408.5496183206107
145.86,-0.0006431630433412217,25.999356836956657,29.887691147854913,0.004115555555555556,59.379599489417885,58.92609125976562,-4.649539624023437,-5.659892724609374,26.757941081374884,100.9554725007223,66.15967501114228,43.87617566666667,10.246473833333333,26.3,46.85496183206107,176.51908396946564,408.5496183206107
145.87,-0.0006431630433412217,25.999356836956657,0.0,0.004115555555555556,40.15601646267325,39.10688991699219,-4.185064501953125,-8.10197841796875,26.757941081374884,100.9554725007223,66.15967501114228,43.87617566666667,10.246473833333333,26.3,-33.12977099236641,103.72519083969466,28.931297709923665
145.88,-0.0006431630433412217,25.999356836956657,0.0,0.004115555555555556,22.651649077439522,19.47922470703125,-7.580042456054687,-8.729259252929687,26.757941081374884,100.9554725007223,66.15967501114228,43.87617566666667,10.246473833333333,26.3,-89.0381679389313,19.96946564885496,-281.1603053435114
145.89,-0.0006431630433412217,25.999356836956657,0.0,0.004115555555555556,10.44810951058847,3.9839515624999997,-7.666233715820312,-5.875370874023437,26.757941081374884,100.9554725007223,66.15967501114228,43.87617566666667,10.246473833333333,26.3,-95.14503816793894,-64.10687022900764,-447.4503816793893
145.89,-0.4984535435715842,25.501546456428414,0.0,0.004115555555555556,10.44810951058847,3.9839515624999997,-7.666233715820312,-5.875370874023437,26.7529068661388,100.96143020816015,66.18687628543535,43.87617566666667,10.246473833333333,26.3,-95.14503816793894,-64.10687022900764,-447.4503816793893
145.9,-0.4984535435715842,25.501546456428414,0.0,0.004115555555555556,11.188164558624518,-8.920795385742187,-5.7508723876953125,-3.5386300537109374,26.7529068661388,100.96143020816015,66.18687628543535,43.87617566666667,10.246473833333333,26.3,-68.93129770992367,-136.82442748091603,-500.2748091603053
145.91,-0.4984535435715842,25.501546456428414,0.0,0.04012666666666667,11.188164558624518,-8.920795385742187,-5.7508723876953125,-3.5386300537109374,26.7529068661388,100.96143020816015,66.18687628543535,43.876174666666664,10.2464725,26.2,-68.93129770992367,-136.82442748091603,-500.2748091603053
145.91,-0.4984535435715842,25.501546456428414,0.0,0.04012666666666667,20.048539780560883,-19.914969409179687,-2.001552587890625,-1.1540052001953125,26.7529068661388,100.96143020816015,66.18687628543535,43.876174666666664,10.2464725,26.2,-43.16030534351145,-180.21374045801528,-474.3206106870229
145.92,-0.3846439728072393,25.61535602719276,11.380957076444846,0.04012666666666667,20.048539780560883,-19.914969409179687,-2.001552587890625,-1.1540052001953125,26.7529068661388,100.96006813005071,66.16586819263506,43.876174666666664,10.2464725,26.2,-43.16030534351145,-180.21374045801528,-474.3206106870229
145.93,-0.3846439728072393,25.61535602719276,0.0,0.04012666666666667,25.706005711505455,-25.680207006835936,0.7996633544921875,0.8283937744140625,26.7529068661388,100.96006813005071,66.16586819263506,43.876174666666664,10.2464725,26.2,-26.12213740458015,-182.3969465648855,-357.0381679389313
145.94,-0.3846439728072393,25.61535602719276,0.0,0.04012666666666667,20.324884281984836,-18.804059838867186,7.709329345703124,0.27293898925781246,26.7529068661388,100.96006813005071,66.16586819263506,43.876174666666664,10.2464725,26.2,-12.916030534351146,-142.70229007633588,-142.91603053435114
145.95,-0.3846439728072393,25.61535602719276,0.0,0.04012666666666667,9.66063188321943,-3.768473413085937,8.82981572265625,-1.0773907470703123,26.7529068661388,100.96006813005071,66.16586819263506,43.876174666666664,10.2464725,26.2,13.099236641221374,-64.22900763358778,130.3969465648855
145.95,-0.3133938381280421,25.686606161871957,0.0,0.04012666666666667,9.66063188321943,-3.768473413085937,8.82981572265625,-1.0773907470703123,26.747872651182114,100.95921541277775,66.15805693033961,43.876174666666664,10.2464725,26.2,13.099236641221374,-64.22900763358778,130.3969465648855
145.96,-0.3133938381280421,25.686606161871957,0.0,0.04012666666666667,9.66063188321943,-3.768473413085937,8.82981572265625,-1.0773907470703123,26.747872651182114,100.95921541277775,66.15805693033961,43.876174666666664,10.2464725,26.2,13.099236641221374,-64.22900763358778,130.3969465648855
145.96,-0.3133938381280421,25.686606161871957,0.0,0.04012666666666667,13.395062536304435,12.895170141601561,2.3127988037109373,-2.7916391357421872,26.747872651182114,100.95921541277775,66.15805693033961,43.876174666666664,10.2464725,26.2,62.0,29.72519083969466,380.76335877862596
145.97,-0.3133938381280421,25.686606161871957,0.0,0.04012666666666667,28.195727714954618,27.193342456054687,-6.76122548828125,-3.1316157714843746,26.747872651182114,100.95921541277775,66.15805693033961,43.876174666666664,10.2464725,26.2,109.63358778625954,91.83206106870229,500.25954198473283
145.98,-0.014521307421064833,25.985478692578937,29.88725307072491,0.04012666666666667,28.195727714954618,27.193342456054687,-6.76122548828125,-3.1316157714843746,26.742838436504826,100.95563858806597,66.17125240777523,43.876174666666664,10.2464725,26.2,109.63358778625954,91.83206106870229,500.25954198473283
145.99,-0.014521307421064833,25.985478692578937,0.0,0.04012666666666667,35.208112723225454,33.60980290527343,-10.007762939453125,-3.1364041748046874,26.742838436504826,100.95563858806597,66.17125240777523,43.876174666666664,10.2464725,26.2,141.12977099236642,101.80152671755725,493.1297709923664
146.0,-0.014521307421064833,25.985478692578937,0.0,0.04012666666666667,28.128892796340327,27.633875561523435,-4.817133740234374,-2.0973206542968748,26.742838436504826,100.95563858806597,66.17125240777523,43.876174666666664,10.2464725,26.2,102.70229007633588,72.51908396946565,296.6106870229008
146.01,-0.014521307421064833,25.985478692578937,0.0,0.04012666666666667,15.418370938397382,15.112200878906249,-1.5849614990234373,-2.6144682128906247,26.742838436504826,100.95563858806597,66.17125240777523,43.876174666666664,10.2464725,26.2,-0.030534351145038167,25.00763358778626,52.595419847328245
146.01,-0.4410650451767739,25.558934954823226,0.0,0.04012666666666667,15.418370938397382,15.112200878906249,-1.5849614990234373,-2.6144682128906247,26.73277000798844,100.9607433781464,66.14862834131932,43.876174666666664,10.2464725,26.2,-0.030534351145038167,25.00763358778626,52.595419847328245
146.02,-0.4410650451767739,25.558934954823226,0.0,0.04012666666666667,6.577317753185503,4.841075756835937,-3.1316157714843746,-3.1651345947265623,26.73277000798844,100.9607433781464,66.14862834131932,43.876174666666664,10.2464725,26.2,-75.20610687022901,-22.625954198473284,-130.44274809160305
146.04,-0.4410650451767739,25.558934954823226,0.0,0.04012666666666667,6.577317753185503,4.841075756835937,-3.1316157714843746,-3.1651345947265623,26.73277000798844,100.9607433781464,66.14862834131932,43.876174666666664,10.2464725,26.2,-75.20610687022901,-22.625954198473284,-130.44274809160305
146.04,-0.4410650451767739,25.558934954823226,0.0,0.04012666666666667,0.4932592923772549,-0.08499415893554688,-0.3447650390625,-0.34237083740234375,26.73277000798844,100.9607433781464,66.14862834131932,43.876174666666664,10.2464725,26.2,-91.64885496183206,-55.69465648854962,-202.87022900763358
146.04,-0.14219910463531216,25.857800895364687,0.0,0.04012666666666667,0.4932592923772549,-0.08499415893554688,-0.3447650390625,-0.34237083740234375,26.72773579414934,100.95716658847151,66.15482123865056,43.876174666666664,10.2464725,26.2,-91.64885496183206,-55.69465648854962,-202.87022900763358
146.05,-0.14219910463531216,25.857800895364687,0.0,0.04012666666666667,4.506459959225293,-0.0718260498046875,2.77727392578125,-3.5482068603515624,26.72773579414934,100.95716658847151,66.15482123865056,43.876174666666664,10.2464725,26.2,-72.58015267175573,-68.06106870229007,-163.34351145038167
146.06,-0.14219910463531216,25.857800895364687,0.0,0.04012666666666667,10.621414988012276,7.170633972167968,6.512228515625,-4.357447021484375,26.72773579414934,100.95716658847151,66.15482123865056,43.876174666666664,10.2464725,26.2,-36.152671755725194,-46.35114503816794,-31.893129770992367
146.06,-0.14219910463531216,25.857800895364687,0.0,0.04012666666666667,10.621414988012276,7.170633972167968,6.512228515625,-4.357447021484375,26.72773579414934,100.95716658847151,66.15482123865056,43.876174666666664,10.2464725,26.2,-36.152671755725194,-46.35114503816794,-31.893129770992367
146.07,-0.14219910463531216,25.857800895364687,0.0,0.04012666666666667,20.313833656722935,19.61270144958496,2.7964275390625,-4.491522314453125,26.72773579414934,100.95716658847151,66.15482123865056,43.876174666666664,10.2464725,26.2,17.450381679389313,-3.7557251908396947,132.9618320610687
146.08,-0.14219910463531216,25.857800895364687,0.0,0.04012666666666667,19.822504889674477,19.61270144958496,-1.7262193969726563,-2.300827795410156,26.72773579414934,100.95716658847151,66.15482123865056,43.876174666666664,10.2464725,26.2,73.7557251908397,22.68702290076336,249.34351145038167
146.09,-0.14219910463531216,25.857800895364687,0.0,0.04012666666666667,19.913860363610482,19.61270144958496,-3.3590649291992185,0.7876923461914062,26.72773579414934,100.95716658847151,66.15482123865056,43.876174666666664,10.2464725,26.2,131.95419847328245,22.48854961832061,247.5267175572519
146.11,-0.14219910463531216,25.857800895364687,0.0,0.04012666666666667,21.41607216318222,19.61270144958496,-8.585607153320312,0.5267243652343749,26.72773579414934,100.95716658847151,66.15482123865056,43.876174666666664,10.2464725,26.2,162.99236641221373,-0.5190839694656488,80.85496183206106
146.12,-0.14219910463531216,25.857800895364687,0.0,0.04012666666666667,12.193118559705258,9.540893615722656,-7.592013464355468,0.06943184814453125,26.72773579414934,100.95716658847151,66.15482123865056,43.876174666666664,10.2464725,26.2,90.90076335877863,-21.87786259541985,-196.74809160305344
146.13,-0.14219910463531216,25.857800895364687,0.0,0.04012666666666667,9.967307657196722,-5.971138940429687,-7.979874133300781,-0.1197100830078125,26.72773579414934,100.95716658847151,66.15482123865056,43.876174666666664,10.2464725,26.2,-48.412213740458014,-36.213740458015266,-450.0610687022901
146.14,-0.14219910463531216,25.857800895364687,0.0,0.04012666666666667,21.94501432767825,-19.6133,-9.840168823242188,0.2705447875976562,26.72773579414934,100.95716658847151,66.15482123865056,43.876174666666664,10.2464725,26.2,-146.793893129771,-51.099236641221374,-500.2748091603053
146.15,-0.14219910463531216,25.857800895364687,0.0,0.04012666666666667,22.466261321018884,-19.6133,-10.749965454101561,2.118868469238281,26.72773579414934,100.95716658847151,66.15482123865056,43.876174666666664,10.2464725,26.2,-183.2824427480916,-68.67175572519083,-500.2748091603053
146.16,-0.14219910463531216,25.857800895364687,0.0,0.04012666666666667,22.466261321018884,-19.6133,-10.749965454101561,2.118868469238281,26.72773579414934,100.95716658847151,66.15482123865056,43.876174666666664,10.2464725,26.2,-183.2824427480916,-68.67175572519083,-500.2748091603053
146.17,-0.14219910463531216,25.857800895364687,0.0,0.04012666666666667,19.977953484280928,-19.6133,-1.4724340209960938,3.5027170288085934,26.72773579414934,100.95716658847151,66.15482123865056,43.876174666666664,10.2464725,26.2,-168.3206106870229,-72.33587786259542,-427.3587786259542
146.18,-0.14219910463531216,25.857800895364687,0.0,0.04012666666666667,25.429879236170056,-19.6133,16.146495996093748,1.1348515869140625,26.72773579414934,100.95716658847151,66.15482123865056,43.876174666666664,10.2464725,26.2,-90.94656488549619,-29.755725190839694,-58.85496183206107
146.19,-0.14219910463531216,25.857800895364687,0.0,0.04012666666666667,11.648753638829437,-3.289633081054687,9.562441430664062,-5.781997009277344,26.72773579414934,100.95716658847151,66.15482123865056,43.876174666666664,10.2464725,26.2,5.175572519083969,67.20610687022901,371.00763358778624
146.2,-0.14219910463531216,25.857800895364687,0.0,0.04012666666666667,24.392911062996358,19.61270144958496,-11.834538806152343,-8.384494213867187,26.72773579414934,100.95716658847151,66.15482123865056,43.876174666666664,10.2464725,26.2,84.54961832061069,164.93129770992365,500.25954198473283
146.21,-0.14219910463531216,25.857800895364687,0.0,0.04012666666666667,28.434269914537364,19.61270144958496,-19.6133,-6.2584431396484375,26.72773579414934,100.95716658847151,66.15482123865056,43.876174666666664,10.2464725,26.2,131.89312977099237,197.80152671755727,500.25954198473283
146.23,-0.14219910463531216,25.857800895364687,0.0,0.04012666666666667,22.273396510660394,19.61270144958496,-10.137049829101562,-2.9472622436523435,26.72773579414934,100.95716658847151,66.15482123865056,43.876174666666664,10.2464725,26.2,129.1145038167939,159.206106870229,500.25954198473283
146.24,-0.14219910463531216,25.857800895364687,0.0,0.04012666666666667,20.862872292062807,19.61270144958496,-3.4165257690429685,-6.2392895263671875,26.72773579414934,100.95716658847151,66.15482123865056,43.876174666666664,10.2464725,26.2,38.42748091603053,99.8473282442748,245.9236641221374
146.24,-0.09964161120164183,25.90035838879836,0.0,0.04012666666666667,20.862872292062807,19.61270144958496,-3.4165257690429685,-6.2392895263671875,26.73277000798844,100.95665727413262,66.19064233138897,43.876174666666664,10.2464725,26.2,38.42748091603053,99.8473282442748,245.9236641221374
146.24,-0.09964161120164183,25.90035838879836,0.0,0.04012666666666667,20.862872292062807,19.61270144958496,-3.4165257690429685,-6.2392895263671875,26.73277000798844,100.95665727413262,66.19064233138897,43.876174666666664,10.2464725,26.2,38.42748091603053,99.8473282442748,245.9236641221374
146.25,-0.09964161120164183,25.90035838879836,0.0,0.04012666666666667,23.292838387043187,19.61270144958496,-7.886500268554687,-9.782707983398437,26.73277000798844,100.95665727413262,66.19064233138897,43.876174666666664,10.2464725,26.2,-62.091603053435115,45.38931297709924,-154.19847328244273
146.26,-0.09964161120164183,25.90035838879836,0.0,0.04012666666666667,23.292838387043187,19.61270144958496,-7.886500268554687,-9.782707983398437,26.73277000798844,100.95665727413262,66.19064233138897,43.876174666666664,10.2464725,26.2,-62.091603053435115,45.38931297709924,-154.19847328244273
146.26,-0.09964161120164183,25.90035838879836,0.0,0.04012666666666667,20.727242759805176,16.70673918457031,-8.573636145019531,-8.774749084472656,26.73277000798844,100.95665727413262,66.19064233138897,43.876174666666664,10.2464725,26.2,-119.6793893129771,-19.954198473282442,-405.87786259541986
146.27,0.2487545979363026,26.2487545979363,34.83962091372711,0.04012666666666667,20.727242759805176,16.70673918457031,-8.573636145019531,-8.774749084472656,27.392254436574877,100.95248785903532,66.2899712522289,43.876174666666664,10.2464725,26.2,-119.6793893129771,-19.954198473282442,-405.87786259541986
146.27,0.2487545979363026,26.2487545979363,34.83962091372711,0.04012666666666667,8.119905192566577,3.0310593017578125,-5.664681127929687,-4.965574243164062,27.392254436574877,100.95248785903532,66.2899712522289,43.876174666666664,10.2464725,26.2,-105.8473282442748,-92.82442748091603,-500.2748091603053
146.29,0.2487545979363026,26.2487545979363,0.0,0.04012666666666667,10.346244060512085,-8.896853369140624,-4.853046765136718,-2.0829554443359375,27.392254436574877,100.95248785903532,66.2899712522289,43.876174666666664,10.2464725,26.2,-0.015267175572519083,-156.35114503816794,-0.015267175572519083
146.3,0.2487545979363026,26.2487545979363,0.0,0.04012666666666667,20.718354344796442,-19.6133,-6.5505357421875,1.2880804931640624,27.392254436574877,100.95248785903532,66.2899712522289,43.876174666666664,10.2464725,26.2,-6.396946564885496,-203.6946564885496,-432.3206106870229
146.3,-0.05031135384113261,25.94968864615887,0.0,0.04012666666666667,20.718354344796442,-19.6133,-6.5505357421875,1.2880804931640624,27.357014689361677,100.95606690814567,66.29128323647393,43.876174666666664,10.2464725,26.2,-6.396946564885496,-203.6946564885496,-432.3206106870229
146.31,-0.05031135384113261,25.94968864615887,0.0,0.04012666666666667,20.581066190489757,-19.6133,-3.6176387084960937,5.080495922851562,27.357014689361677,100.95606690814567,66.29128323647393,43.876174666666664,10.2464725,26.2,-3.7557251908396947,-211.57251908396947,-319.4503816793893
146.32,-0.05031135384113261,25.94968864615887,0.0,0.04012666666666667,20.82410224269219,-19.6133,-1.1037269653320312,6.909665991210937,27.357014689361677,100.95606690814567,66.29128323647393,43.876174666666664,10.2464725,26.2,-12.870229007633588,-177.87786259541986,-159.9236641221374
146.33,-0.007554112517460521,25.99244588748254,4.275724132358945,0.04012666666666667,20.82410224269219,-19.6133,-1.1037269653320312,6.909665991210937,27.32177495583892,100.95555520780661,66.29960720796969,43.876174666666664,10.2464725,26.2,-12.870229007633588,-177.87786259541986,-159.9236641221374
146.33,-0.007554112517460521,25.99244588748254,4.275724132358945,0.04012666666666667,21.012622722690377,-19.6133,1.1707646118164061,7.448361364746093,27.32177495583892,100.95555520780661,66.29960720796969,43.876174666666664,10.2464725,26.2,-4.534351145038168,-108.19847328244275,32.82442748091603
146.35,-0.007554112517460521,25.99244588748254,0.0,0.04012666666666667,8.913357151213846,-7.7979148071289055,3.3016040893554686,2.7820623291015623,27.32177495583892,100.95555520780661,66.29960720796969,43.876174666666664,10.2464725,26.2,11.34351145038168,-5.206106870229007,248.24427480916032
146.36,-0.007554112517460521,25.99244588748254,0.0,0.04012666666666667,12.115850345344642,11.480196960449218,0.6009446166992187,-3.825934252929687,27.32177495583892,100.95555520780661,66.29960720796969,43.876174666666664,10.2464725,26.2,26.213740458015266,110.99236641221374,447.48091603053433
146.36,-0.1640573138063206,25.83594268619368,0.0,0.04012666666666667,12.115850345344642,11.480196960449218,0.6009446166992187,-3.825934252929687,27.27646674714051,100.95742818126914,66.27125394080028,43.876174666666664,10.2464725,26.2,26.213740458015266,110.99236641221374,447.48091603053433
146.36,-0.1640573138063206,25.83594268619368,0.0,0.04012666666666667,12.115850345344642,11.480196960449218,0.6009446166992187,-3.825934252929687,27.27646674714051,100.95742818126914,66.27125394080028,43.876174666666664,10.2464725,26.2,26.213740458015266,110.99236641221374,447.48091603053433
146.37,-0.1640573138063206,25.83594268619368,0.0,0.04012666666666667,22.007446709942794,19.61270144958496,-5.762843395996094,-8.152256652832031,27.27646674714051,100.95742818126914,66.27125394080028,43.876174666666664,10.2464725,26.2,18.427480916030536,212.3206106870229,500.25954198473283
146.38,-0.1640573138063206,25.83594268619368,0.0,0.04012666666666667,25.258791892363426,19.61270144958496,-12.82573829345703,-9.425971936035156,27.27646674714051,100.95742818126914,66.27125394080028,43.876174666666664,10.2464725,26.2,-11.251908396946565,269.57251908396944,500.25954198473283
146.39,-0.32045965023147716,25.679540349768523,-15.64023364252988,0.04012666666666667,25.258791892363426,19.61270144958496,-12.82573829345703,-9.425971936035156,27.231158561073244,100.95929997572627,66.26393536891764,43.876174666666664,10.2464725,26.2,-11.251908396946565,269.57251908396944,500.25954198473283
146.39,-0.32045965023147716,25.679540349768523,-15.64023364252988,0.04012666666666667,24.851373722134234,19.61270144958496,-12.234370483398436,-9.124302526855468,27.231158561073244,100.95929997572627,66.26393536891764,43.876174666666664,10.2464725,26.2,-17.282442748091604,263.64885496183206,464.30534351145036
146.41,-0.32045965023147716,25.679540349768523,0.0,0.04012666666666667,23.735628886313062,19.61270144958496,-8.499415893554687,-10.319009155273436,27.231158561073244,100.95929997572627,66.26393536891764,43.876174666666664,10.2464725,26.2,-46.595419847328245,175.75572519083968,129.58778625954199
146.42,-0.32045965023147716,25.679540349768523,0.0,0.04012666666666667,24.445980787560035,19.61270144958496,-10.520122094726561,-10.1131078125,27.231158561073244,100.95929997572627,66.26393536891764,43.876174666666664,10.2464725,26.2,-71.81679389312977,37.52671755725191,-248.29007633587787
146.42,0.29192833525580886,26.291928335255808,0.0,0.04012666666666667,24.445980787560035,19.61270144958496,-10.520122094726561,-10.1131078125,27.19591887644492,100.95197118909267,66.25824532374378,43.876174666666664,10.2464725,26.2,-71.81679389312977,37.52671755725191,-248.29007633587787
146.43,0.29192833525580886,26.291928335255808,0.0,0.04012666666666667,14.83234208413622,3.1459809814453124,-12.389993591308594,-7.522581616210937,27.19591887644492,100.95197118909267,66.25824532374378,43.876174666666664,10.2464725,26.2,-79.70992366412214,-101.08396946564885,-500.2748091603053
146.44,0.29192833525580886,26.291928335255808,0.0,0.04012666666666667,21.774461849097072,-16.136919189453124,-14.290989709472655,-3.0813375366210938,27.19591887644492,100.95197118909267,66.25824532374378,43.876174666666664,10.2464725,26.2,-68.09160305343511,-213.96946564885496,-500.2748091603053
146.45,0.1356436313440179,26.135643631344017,-15.628470391193309,0.04012666666666667,21.774461849097072,-16.136919189453124,-14.290989709472655,-3.0813375366210938,27.150610730610786,100.95384149387431,66.25794049030758,43.876174666666664,10.2464725,26.2,-68.09160305343511,-213.96946564885496,-500.2748091603053
146.45,0.1356436313440179,26.135643631344017,-15.628470391193309,0.04012666666666667,25.40623491615575,-19.6133,-15.516820959472655,4.474762902832031,27.150610730610786,100.95384149387431,66.25794049030758,43.876174666666664,10.2464725,26.2,-54.82442748091603,-290.21374045801525,-500.2748091603053
146.46,0.1356436313440179,26.135643631344017,0.0,0.04012666666666667,25.40623491615575,-19.6133,-15.516820959472655,4.474762902832031,27.150610730610786,100.95384149387431,66.25794049030758,43.876174666666664,10.2464725,26.2,-54.82442748091603,-290.21374045801525,-500.2748091603053
146.47,0.1356436313440179,26.135643631344017,0.0,0.04012666666666667,24.99177984733963,-19.6133,-11.717222924804688,10.129867224121092,27.150610730610786,100.95384149387431,66.25794049030758,43.876174666666664,10.2464725,26.2,-63.099236641221374,-316.82442748091603,-500.2748091603053
146.48,0.1356436313440179,26.135643631344017,0.0,0.04012666666666667,23.252501930928663,-19.6133,-1.6136919189453125,12.38520518798828,27.150610730610786,100.95384149387431,66.25794049030758,43.876174666666664,10.2464725,26.2,-83.54198473282443,-273.3893129770992,-264.03053435114504
146.48,-0.19154828392656364,25.808451716073435,0.0,0.04012666666666667,23.252501930928663,-19.6133,-1.6136919189453125,12.38520518798828,27.1254395482596,100.95775718611853,66.24687095344842,43.876174666666664,10.2464725,26.2,-83.54198473282443,-273.3893129770992,-264.03053435114504
146.49,-0.19154828392656364,25.808451716073435,0.0,0.04012666666666667,23.899386399758466,-19.6133,10.067617980957031,9.227253198242186,27.1254395482596,100.95775718611853,66.24687095344842,43.876174666666664,10.2464725,26.2,-59.603053435114504,-150.61068702290078,71.40458015267176
146.5,-0.19154828392656364,25.808451716073435,0.0,0.04012666666666667,8.786211554843783,0.05746083984375,8.652644799804687,1.5251064575195312,27.1254395482596,100.95775718611853,66.24687095344842,43.876174666666664,10.2464725,26.2,11.786259541984732,20.580152671755727,415.41984732824426
146.51,0.10782512314577608,26.107825123145776,29.9373407072612,0.04012666666666667,8.786211554843783,0.05746083984375,8.652644799804687,1.5251064575195312,27.08013143762946,100.95417440904328,66.23956288872003,43.876174666666664,10.2464725,26.2,11.786259541984732,20.580152671755727,415.41984732824426
146.51,0.10782512314577608,26.107825123145776,29.9373407072612,0.04012666666666667,20.83928227099807,19.61270144958496,-6.3709706176757805,-3.0047230834960934,27.08013143762946,100.95417440904328,66.23956288872003,43.876174666666664,10.2464725,26.2,73.3587786259542,175.9236641221374,500.25954198473283
146.53,0.10782512314577608,26.107825123145776,0.0,0.04012666666666667,26.323103593076745,19.61270144958496,-16.91024632568359,-4.721365673828124,27.08013143762946,100.95417440904328,66.23956288872003,43.876174666666664,10.2464725,26.2,72.8854961832061,264.19847328244276,500.25954198473283
146.54,0.10782512314577608,26.107825123145776,0.0,0.04012666666666667,24.87132201640326,19.61270144958496,-14.74109962158203,-4.077325427246094,27.08013143762946,100.95417440904328,66.23956288872003,43.876174666666664,10.2464725,26.2,61.05343511450382,287.55725190839695,500.25954198473283
146.54,0.3500758880666033,26.350075888066602,0.0,0.04012666666666667,24.87132201640326,19.61270144958496,-14.74109962158203,-4.077325427246094,27.05496027483605,100.95127532747512,66.25652571276244,43.876174666666664,10.2464725,26.2,61.05343511450382,287.55725190839695,500.25954198473283
146.55,0.3500758880666033,26.350075888066602,0.0,0.04012666666666667,21.985837180370396,19.61270144958496,-7.903259680175781,-6.021417175292968,27.05496027483605,100.95127532747512,66.25652571276244,43.876174666666664,10.2464725,26.2,13.251908396946565,254.83969465648855,363.6793893129771
146.56,0.3500758880666033,26.350075888066602,0.0,0.04012666666666667,21.985837180370396,19.61270144958496,-7.903259680175781,-6.021417175292968,27.05496027483605,100.95127532747512,66.25652571276244,43.876174666666664,10.2464725,26.2,13.251908396946565,254.83969465648855,363.6793893129771
146.56,0.3500758880666033,26.350075888066602,0.0,0.04012666666666667,22.88594575233554,19.61270144958496,-7.453149768066406,-9.141061938476563,27.05496027483605,100.95127532747512,66.25652571276244,43.876174666666664,10.2464725,26.2,-90.44274809160305,172.76335877862596,-10.366412213740459
146.57,0.09423539942222559,26.094235399422224,-25.58404886446104,0.04012666666666667,22.88594575233554,19.61270144958496,-7.453149768066406,-9.141061938476563,27.024754888704045,100.95433704300368,66.23063509689489,43.876174666666664,10.2464725,26.2,-90.44274809160305,172.76335877862596,-10.366412213740459
146.57,0.09423539942222559,26.094235399422224,-25.58404886446104,0.04012666666666667,22.748264894897588,19.61270144958496,-7.41244833984375,-8.825027319335938,27.024754888704045,100.95433704300368,66.23063509689489,43.876174666666664,10.2464725,26.2,-147.8320610687023,67.83206106870229,-298.1832061068702
146.59,0.09423539942222559,26.094235399422224,0.0,0.04012666666666667,12.318946039620386,8.353369592285155,-6.701370446777343,-6.0884548217773435,27.024754888704045,100.95433704300368,66.23063509689489,43.876174666666664,10.2464725,26.2,-123.02290076335878,-30.748091603053435,-443.4351145038168
146.6,0.09423539942222559,26.094235399422224,0.0,0.04012666666666667,10.831964463055636,-6.244077929687499,-8.240842114257813,-3.229778039550781,27.024754888704045,100.95433704300368,66.23063509689489,43.876174666666664,10.2464725,26.2,-43.45038167938932,-114.6412213740458,-494.44274809160305
146.6,-0.07628944016586647,25.923710559834134,0.0,0.04012666666666667,10.831964463055636,-6.244077929687499,-8.240842114257813,-3.229778039550781,27.00461797020398,100.9563778037746,66.22038371907588,43.876174666666664,10.2464725,26.2,-43.45038167938932,-114.6412213740458,-494.44274809160305
146.61,-0.07628944016586647,25.923710559834134,0.0,0.04012666666666667,22.30080392636539,-19.6133,-10.606313354492187,0.38786066894531246,27.00461797020398,100.9563778037746,66.22038371907588,43.876174666666664,10.2464725,26.2,6.015267175572519,-184.0916030534351,-500.12213740458014
146.62,-0.07628944016586647,25.923710559834134,0.0,0.04012666666666667,22.600688574275967,-19.6133,-9.813832604980469,5.45877978515625,27.00461797020398,100.9563778037746,66.22038371907588,43.876174666666664,10.2464725,26.2,-7.740458015267175,-225.25190839694656,-458.2442748091603
146.63,0.08076269726690732,26.080762697266906,15.705213743291663,0.04012666666666667,22.600688574275967,-19.6133,-9.813832604980469,5.45877978515625,26.96937837358564,100.95449827672698,66.21470638852055,43.876174666666664,10.2464725,26.2,-7.740458015267175,-225.25190839694656,-458.2442748091603
146.63,0.08076269726690732,26.080762697266906,15.705213743291663,0.04012666666666667,21.474278050263248,-19.6133,-4.1754876953124995,7.682993127441406,26.96937837358564,100.95449827672698,66.21470638852055,43.876174666666664,10.2464725,26.2,-57.847328244274806,-221.96946564885496,-332.7175572519084
146.65,0.08076269726690732,26.080762697266906,0.0,0.04012666666666667,22.026989027825138,-19.6133,3.8283284545898435,9.265560424804686,26.96937837358564,100.95449827672698,66.21470638852055,43.876174666666664,10.2464725,26.2,-71.7557251908397,-152.93129770992365,-91.37404580152672
146.66,0.08076269726690732,26.080762697266906,0.0,0.04012666666666667,13.3248664784833,-11.79862578125,5.949591125488281,1.7166425903320313,26.96937837358564,100.95449827672698,66.21470638852055,43.876174666666664,10.2464725,26.2,-24.061068702290076,-18.259541984732824,230.4732824427481
146.66,0.29446124847381294,26.294461248473812,0.0,0.04012666666666667,13.3248664784833,-11.79862578125,5.949591125488281,1.7166425903320313,26.95427569351159,100.95194087721005,66.21227383233253,43.876174666666664,10.2464725,26.2,-24.061068702290076,-18.259541984732824,230.4732824427481
146.66,0.29446124847381294,26.294461248473812,0.0,0.04012666666666667,13.3248664784833,-11.79862578125,5.949591125488281,1.7166425903320313,26.95427569351159,100.95194087721005,66.21227383233253,43.876174666666664,10.2464725,26.2,-24.061068702290076,-18.259541984732824,230.4732824427481
146.67,0.29446124847381294,26.294461248473812,0.0,0.04012666666666667,14.414311923177886,13.311761230468749,-2.8850130004882812,-4.716577270507813,26.95427569351159,100.95194087721005,66.21227383233253,43.876174666666664,10.2464725,26.2,44.74809160305343,145.63358778625954,500.25954198473283
146.68,0.29446124847381294,26.294461248473812,0.0,0.04012666666666667,26.641774367340616,19.61270144958496,-16.512808850097656,-7.242460021972656,26.95427569351159,100.95194087721005,66.21227383233253,43.876174666666664,10.2464725,26.2,88.9618320610687,266.0916030534351,500.25954198473283
146.69,-0.10369336534731266,25.89630663465269,-39.815461382148776,0.04012666666666667,26.641774367340616,19.61270144958496,-16.512808850097656,-7.242460021972656,26.934138790657745,100.95670576412829,66.20202600408818,43.876174666666664,10.2464725,26.2,88.9618320610687,266.0916030534351,500.25954198473283
146.69,-0.10369336534731266,25.89630663465269,-39.815461382148776,0.04012666666666667,28.983467613148214,19.61270144958496,-19.6133,-8.40843623046875,26.934138790657745,100.95670576412829,66.20202600408818,43.876174666666664,10.2464725,26.2,102.82442748091603,301.0687022900763,500.25954198473283
146.71,-0.10369336534731266,25.89630663465269,0.0,0.04012666666666667,23.570772355916574,19.61270144958496,-11.470620153808593,-6.272808349609375,26.934138790657745,100.95670576412829,66.20202600408818,43.876174666666664,10.2464725,26.2,84.44274809160305,258.9618320610687,496.30534351145036
146.72,-0.10369336534731266,25.89630663465269,0.0,0.04012666666666667,23.879922554023267,19.61270144958496,-9.253589416503905,-9.9981861328125,26.934138790657745,100.95670576412829,66.20202600408818,43.876174666666664,10.2464725,26.2,-27.206106870229007,153.08396946564886,49.14503816793893
146.72,0.33770537003907086,26.33770537003907,0.0,0.04012666666666667,23.879922554023267,19.61270144958496,-9.253589416503905,-9.9981861328125,26.919036116451025,100.95142336723526,66.20659923459891,43.876174666666664,10.2464725,26.2,-27.206106870229007,153.08396946564886,49.14503816793893
146.73,0.33770537003907086,26.33770537003907,0.0,0.04012666666666667,25.66979840847217,19.61270144958496,-13.012486022949219,-10.244788903808594,26.919036116451025,100.95142336723526,66.20659923459891,43.876174666666664,10.2464725,26.2,-109.08396946564885,28.793893129770993,-350.10687022900765
146.74,0.33770537003907086,26.33770537003907,0.0,0.04012666666666667,13.023225983725611,-0.12689268798828124,-11.075576879882812,-6.849810949707031,26.919036116451025,100.95142336723526,66.20659923459891,43.876174666666664,10.2464725,26.2,-136.94656488549617,-88.27480916030534,-500.2748091603053
146.75,-0.13164196202119394,25.868358037978805,-46.93473320606917,0.04012666666666667,13.023225983725611,-0.12689268798828124,-11.075576879882812,-6.849810949707031,26.903933444758877,100.95704024380373,66.21117266630314,43.876174666666664,10.2464725,26.2,-136.94656488549617,-88.27480916030534,-500.2748091603053
146.75,-0.13164196202119394,25.868358037978805,-46.93473320606917,0.04012666666666667,19.783704538917412,-17.5064025390625,-8.650250598144531,-3.1771056030273437,26.903933444758877,100.95704024380373,66.21117266630314,43.876174666666664,10.2464725,26.2,-104.91603053435115,-182.83969465648855,-500.2748091603053
146.76,-0.13164196202119394,25.868358037978805,0.0,0.04012666666666667,19.783704538917412,-17.5064025390625,-8.650250598144531,-3.1771056030273437,26.903933444758877,100.95704024380373,66.21117266630314,43.876174666666664,10.2464725,26.2,-104.91603053435115,-182.83969465648855,-500.2748091603053
146.77,-0.13164196202119394,25.868358037978805,0.0,0.04012666666666667,20.402426400386446,-19.6133,-5.248090039062499,2.0087351928710935,26.903933444758877,100.95704024380373,66.21117266630314,43.876174666666664,10.2464725,26.2,-51.69465648854962,-240.29007633587787,-500.2748091603053
146.78,-0.13164196202119394,25.868358037978805,0.0,0.04012666666666667,20.70359552003048,-19.6133,-0.7589619262695312,6.586448767089843,26.903933444758877,100.95704024380373,66.21117266630314,43.876174666666664,10.2464725,26.2,-18.68702290076336,-242.67175572519085,-375.89312977099235
146.78,-0.21684132170337822,25.783158678296623,0.0,0.04012666666666667,20.70359552003048,-19.6133,-0.7589619262695312,6.586448767089843,26.893864998361096,100.95805988744662,66.2025471224099,43.876174666666664,10.2464725,26.2,-18.68702290076336,-242.67175572519085,-375.89312977099235
146.79,-0.21684132170337822,25.783158678296623,0.0,0.04012666666666667,21.263933662745284,-19.6133,3.7708676147460936,7.297526660156249,26.893864998361096,100.95805988744662,66.2025471224099,43.876174666666664,10.2464725,26.2,-1.2213740458015268,-185.31297709923663,-125.81679389312977
146.8,-0.21684132170337822,25.783158678296623,0.0,0.04012666666666667,15.145123600058218,-14.379575170898436,3.2249896362304686,3.4931402221679684,26.893864998361096,100.95805988744662,66.2025471224099,43.876174666666664,10.2464725,26.2,34.06106870229008,-83.38931297709924,132.87022900763358
146.81,0.18195255136269073,26.18195255136269,39.87938730664317,0.04012666666666667,15.145123600058218,-14.379575170898436,3.2249896362304686,3.4931402221679684,26.873728108918293,100.9532872985531,66.18529794436363,43.876174666666664,10.2464725,26.2,34.06106870229008,-83.38931297709924,132.87022900763358
146.81,0.18195255136269073,26.18195255136269,39.87938730664317,0.04012666666666667,2.8037614387846697,2.4516625,1.0582371337890624,-0.8547299926757812,26.873728108918293,100.9532872985531,66.18529794436363,43.876174666666664,10.2464725,26.2,76.6412213740458,21.954198473282442,341.74045801526717
146.83,0.18195255136269073,26.18195255136269,0.0,0.04012666666666667,20.070858705324202,19.61270144958496,-2.9041666137695312,-3.1220389648437497,26.873728108918293,100.9532872985531,66.18529794436363,43.876174666666664,10.2464725,26.2,93.83206106870229,98.68702290076335,466.2290076335878
146.84,0.18195255136269073,26.18195255136269,0.0,0.04012666666666667,20.35248406236568,19.61270144958496,-4.027047192382812,-3.6535517333984373,26.873728108918293,100.9532872985531,66.18529794436363,43.876174666666664,10.2464725,26.2,70.76335877862596,137.38931297709922,483.9083969465649
146.84,-0.401155286929995,25.598844713070005,0.0,0.04012666666666667,20.35248406236568,19.61270144958496,-4.027047192382812,-3.6535517333984373,26.85862544476986,100.96026573728494,66.18987178604678,43.876174666666664,10.2464725,26.2,70.76335877862596,137.38931297709922,483.9083969465649
146.85,-0.401155286929995,25.598844713070005,0.0,0.04012666666666667,20.640189234892667,19.61270144958496,-4.790797521972656,-4.290409374999999,26.85862544476986,100.96026573728494,66.18987178604678,43.876174666666664,10.2464725,26.2,39.74045801526717,139.7709923664122,376.58015267175574
146.86,-0.401155286929995,25.598844713070005,0.0,0.04012666666666667,20.640189234892667,19.61270144958496,-4.790797521972656,-4.290409374999999,26.85862544476986,100.96026573728494,66.18987178604678,43.876174666666664,10.2464725,26.2,39.74045801526717,139.7709923664122,376.58015267175574
146.86,-0.401155286929995,25.598844713070005,0.0,0.04012666666666667,21.0919325701736,19.61270144958496,-4.958391638183594,-5.968744738769531,26.85862544476986,100.96026573728494,66.18987178604678,43.876174666666664,10.2464725,26.2,4.961832061068702,111.29770992366412,171.4351145038168
146.87,-0.031012439393245383,25.968987560606756,37.01428475370863,0.04012666666666667,21.0919325701736,19.61270144958496,-4.958391638183594,-5.968744738769531,26.84855700340122,100.95583594674878,66.18124822144951,43.876174666666664,10.2464725,26.2,4.961832061068702,111.29770992366412,171.4351145038168
146.87,-0.031012439393245383,25.968987560606756,37.01428475370863,0.04012666666666667,20.951287058848393,19.61270144958496,-3.5194764404296874,-6.4739212890625,26.84855700340122,100.95583594674878,66.18124822144951,43.876174666666664,10.2464725,26.2,-38.80916030534351,56.229007633587784,-36.091603053435115
146.89,-0.031012439393245383,25.968987560606756,0.0,0.04012666666666667,15.57760057108881,14.69082138671875,-1.9895815795898437,-4.783614916992187,26.84855700340122,100.95583594674878,66.18124822144951,43.876174666666664,10.2464725,26.2,-55.770992366412216,-6.549618320610687,-168.13740458015266
146.9,-0.031012439393245383,25.968987560606756,0.0,0.017491111111111114,15.57760057108881,14.69082138671875,-1.9895815795898437,-4.783614916992187,26.84855700340122,100.95583594674878,66.18124822144951,43.87617483333333,10.2464725,26.4,-55.770992366412216,-6.549618320610687,-168.13740458015266
146.9,-0.031012439393245383,25.968987560606756,0.0,0.017491111111111114,8.47171705593738,8.049305981445311,-1.2138602416992186,-2.346317626953125,26.84855700340122,100.95583594674878,66.18124822144951,43.87617483333333,10.2464725,26.4,-37.3587786259542,-51.55725190839695,-214.6259541984733
146.9,-0.0023574917128121875,25.99764250828719,0.0,0.017491111111111114,8.47171705593738,8.049305981445311,-1.2138602416992186,-2.346317626953125,26.838488563150168,100.95549301701911,66.19363591518666,43.87617483333333,10.2464725,26.4,-37.3587786259542,-51.55725190839695,-214.6259541984733
146.91,-0.0023574917128121875,25.99764250828719,0.0,0.017491111111111114,3.816177952043914,3.7014357666015623,-0.5386953735351562,-0.7565677246093749,26.838488563150168,100.95549301701911,66.19363591518666,43.87617483333333,10.2464725,26.4,1.633587786259542,-74.13740458015268,-201.7709923664122
146.92,-0.0023574917128121875,25.99764250828719,0.0,0.017491111111111114,1.8691371509786425,1.8219874633789062,0.38307226562499996,0.16519991455078123,26.838488563150168,100.95549301701911,66.19363591518666,43.87617483333333,10.2464725,26.4,41.32824427480916,-78.67175572519083,-155.17557251908397
146.93,-0.38642104054892545,25.613578959451075,-38.4063548835371,0.017491111111111114,1.8691371509786425,1.8219874633789062,0.38307226562499996,0.16519991455078123,26.833454343443737,100.96008939796378,66.18582233445217,43.87617483333333,10.2464725,26.4,41.32824427480916,-78.67175572519083,-155.17557251908397
146.93,-0.38642104054892545,25.613578959451075,-38.4063548835371,0.017491111111111114,2.2512040503016895,1.924938134765625,0.9504980590820312,0.6775590698242188,26.833454343443737,100.96008939796378,66.18582233445217,43.87617483333333,10.2464725,26.4,67.3587786259542,-69.17557251908397,-93.74045801526718
146.95,-0.38642104054892545,25.613578959451075,0.0,0.017491111111111114,4.4481824899159434,4.261678955078125,1.0462661254882812,0.7278373046875,26.833454343443737,100.96008939796378,66.18582233445217,43.87617483333333,10.2464725,26.4,80.76335877862596,-51.31297709923664,-35.87786259541985
146.96,-0.38642104054892545,25.613578959451075,0.0,0.017491111111111114,7.075449240493388,6.919242797851562,1.4772224243164063,0.062249243164062495,26.833454343443737,100.96008939796378,66.18582233445217,43.87617483333333,10.2464725,26.4,88.3969465648855,-30.870229007633586,5.938931297709924
146.96,-0.13010854127561977,25.869891458724382,0.0,0.017491111111111114,7.075449240493388,6.919242797851562,1.4772224243164063,0.062249243164062495,26.823385904869063,100.95702189230195,66.18420282758512,43.87617483333333,10.2464725,26.4,88.3969465648855,-30.870229007633586,5.938931297709924
146.96,-0.13010854127561977,25.869891458724382,0.0,0.017491111111111114,7.075449240493388,6.919242797851562,1.4772224243164063,0.062249243164062495,26.823385904869063,100.95702189230195,66.18420282758512,43.87617483333333,10.2464725,26.4,88.3969465648855,-30.870229007633586,5.938931297709924
146.97,-0.13010854127561977,25.869891458724382,0.0,0.017491111111111114,8.761259654436685,8.535328918457031,1.4891934326171874,-1.3000515014648437,26.823385904869063,100.95702189230195,66.18420282758512,43.87617483333333,10.2464725,26.4,99.57251908396947,-13.98473282442748,28.549618320610687
146.98,-0.13010854127561977,25.869891458724382,0.0,0.017491111111111114,9.44579584130743,9.0788126953125,1.1420341918945311,-2.3439234252929686,26.823385904869063,100.95702189230195,66.18420282758512,43.87617483333333,10.2464725,26.4,117.40458015267176,-6.198473282442748,34.732824427480914
146.99,-0.514154861522953,25.485845138477046,-38.404632024659094,0.017491111111111114,9.44579584130743,9.0788126953125,1.1420341918945311,-2.3439234252929686,26.818351686000824,100.96161812341418,66.17638984432973,43.87617483333333,10.2464725,26.4,117.40458015267176,-6.198473282442748,34.732824427480914
146.99,-0.514154861522953,25.485845138477046,-38.404632024659094,0.017491111111111114,10.378016388321367,9.842563024902343,1.4437036010742186,-2.9568390502929685,26.818351686000824,100.96161812341418,66.17638984432973,43.87617483333333,10.2464725,26.4,131.6793893129771,-9.664122137404581,28.3206106870229
147.01,-0.514154861522953,25.485845138477046,0.0,0.017491111111111114,9.018868991007084,8.44674345703125,0.5386953735351562,-3.114856359863281,26.818351686000824,100.96161812341418,66.17638984432973,43.87617483333333,10.2464725,26.4,140.38167938931298,-18.885496183206108,14.946564885496183
147.02,-0.514154861522953,25.485845138477046,0.0,0.017491111111111114,8.325644442245089,7.752424975585937,-0.8188169677734375,-2.923320227050781,26.818351686000824,100.96161812341418,66.17638984432973,43.87617483333333,10.2464725,26.4,132.77862595419847,-31.251908396946565,-4.824427480916031
147.02,-0.1440218649603242,25.855978135039678,0.0,0.017491111111111114,8.325644442245089,7.752424975585937,-0.8188169677734375,-2.923320227050781,26.808283249102534,100.95718840272498,66.16776776379018,43.87617483333333,10.2464725,26.4,132.77862595419847,-31.251908396946565,-4.824427480916031
147.03,-0.1440218649603242,25.855978135039678,0.0,0.017491111111111114,9.566531200083652,9.404424121093749,-0.143652099609375,-1.7477672119140624,26.808283249102534,100.95718840272498,66.16776776379018,43.87617483333333,10.2464725,26.4,99.52671755725191,-42.67175572519084,-24.595419847328245
147.04,-0.1440218649603242,25.855978135039678,0.0,0.017491111111111114,11.612120431293144,11.417947717285156,2.001552587890625,-0.6823474731445313,26.808283249102534,100.95718840272498,66.16776776379018,43.87617483333333,10.2464725,26.4,65.69465648854961,-47.00763358778626,-37.45038167938932
147.05,-0.18659800721427366,25.813401992785728,-4.257614225386717,0.017491111111111114,11.612120431293144,11.417947717285156,2.001552587890625,-0.6823474731445313,26.803249031072482,100.95769794241781,66.18096428330277,43.87617483333333,10.2464725,26.4,65.69465648854961,-47.00763358778626,-37.45038167938932
147.05,-0.18659800721427366,25.813401992785728,-4.257614225386717,0.017491111111111114,12.458858160849733,12.174515441894531,2.645592834472656,-0.0718260498046875,26.803249031072482,100.95769794241781,66.18096428330277,43.87617483333333,10.2464725,26.4,56.83969465648855,-45.55725190839695,-41.89312977099237
147.06,-0.18659800721427366,25.813401992785728,0.0,0.017491111111111114,12.458858160849733,12.174515441894531,2.645592834472656,-0.0718260498046875,26.803249031072482,100.95769794241781,66.18096428330277,43.87617483333333,10.2464725,26.4,56.83969465648855,-45.55725190839695,-41.89312977099237
147.07,-0.18659800721427366,25.813401992785728,0.0,0.017491111111111114,11.86428243020984,11.71482872314453,1.8746598999023436,0.09816226806640624,26.803249031072482,100.95769794241781,66.18096428330277,43.87617483333333,10.2464725,26.4,75.00763358778626,-43.66412213740458,-39.083969465648856
147.08,-0.18659800721427366,25.813401992785728,0.0,0.017491111111111114,10.962873979037477,10.89840595703125,1.1851298217773436,-0.06943184814453125,26.803249031072482,100.95769794241781,66.18096428330277,43.87617483333333,10.2464725,26.4,101.74045801526718,-45.267175572519086,-35.98473282442748
147.09,-0.18659800721427366,25.813401992785728,0.0,0.017491111111111114,10.224765526570573,10.187328063964843,0.842758984375,-0.23223756103515625,26.803249031072482,100.95769794241781,66.18096428330277,43.87617483333333,10.2464725,26.4,127.45038167938931,-51.41984732824427,-34.25954198473283
147.1,-0.18659800721427366,25.813401992785728,0.0,0.017491111111111114,9.234309481373987,9.220070593261719,0.15562310791015624,-0.488417138671875,26.803249031072482,100.95769794241781,66.18096428330277,43.87617483333333,10.2464725,26.4,149.74045801526717,-60.30534351145038,-32.44274809160305
147.11,-0.18659800721427366,25.813401992785728,0.0,0.017491111111111114,7.406127225796112,7.395688928222656,-0.18435352783203124,-0.34715924072265625,26.803249031072482,100.95769794241781,66.18096428330277,43.87617483333333,10.2464725,26.4,166.99236641221373,-66.94656488549619,-34.717557251908396
147.13,-0.18659800721427366,25.813401992785728,0.0,0.017491111111111114,6.499174955840368,6.4643444824218745,0.5291185668945312,-0.41419688720703124,26.803249031072482,100.95769794241781,66.18096428330277,43.87617483333333,10.2464725,26.4,161.06870229007635,-69.81679389312977,-42.412213740458014
147.14,-0.18659800721427366,25.813401992785728,0.0,0.017491111111111114,6.72869239044921,6.624755993652343,1.1563994018554686,-0.22505495605468748,26.803249031072482,100.95769794241781,66.18096428330277,43.87617483333333,10.2464725,26.4,135.9083969465649,-71.14503816793894,-48.44274809160305
147.15,-0.18659800721427366,25.813401992785728,0.0,0.017491111111111114,7.946178213626722,7.8170684204101555,1.4221557861328125,-0.11252747802734374,26.803249031072482,100.95769794241781,66.18096428330277,43.87617483333333,10.2464725,26.4,103.52671755725191,-75.22137404580153,-43.98473282442748
147.16,-0.18659800721427366,25.813401992785728,0.0,0.017491111111111114,7.946178213626722,7.8170684204101555,1.4221557861328125,-0.11252747802734374,26.803249031072482,100.95769794241781,66.18096428330277,43.87617483333333,10.2464725,26.4,103.52671755725191,-75.22137404580153,-43.98473282442748
147.16,-0.18659800721427366,25.813401992785728,0.0,0.017491111111111114,9.386135922951453,9.248801013183593,1.5705962890624998,0.30406361083984373,26.803249031072482,100.95769794241781,66.18096428330277,43.87617483333333,10.2464725,26.4,82.36641221374046,-83.6793893129771,-31.16030534351145
147.17,-0.18659800721427366,25.813401992785728,0.0,0.017491111111111114,10.252199072838788,10.081983190917969,1.235408056640625,1.3910311645507811,26.803249031072482,100.95769794241781,66.18096428330277,43.87617483333333,10.2464725,26.4,81.52671755725191,-98.54961832061069,-15.954198473282442
147.19,-0.18659800721427366,25.813401992785728,0.0,0.017491111111111114,10.418969808241062,10.077194787597655,0.967257470703125,2.463633508300781,26.803249031072482,100.95769794241781,66.18096428330277,43.87617483333333,10.2464725,26.4,88.80916030534351,-116.45801526717557,-0.549618320610687
147.2,-0.18659800721427366,25.813401992785728,0.0,0.017491111111111114,10.27534061913478,9.720458740234374,0.6679822631835937,3.2632968627929686,26.803249031072482,100.95769794241781,66.18096428330277,43.87617483333333,10.2464725,26.4,101.3587786259542,-133.48091603053436,12.106870229007633
147.21,-0.18659800721427366,25.813401992785728,0.0,0.017491111111111114,9.433426163537016,8.671798413085938,-0.00718260498046875,3.7134067749023436,26.803249031072482,100.95769794241781,66.18096428330277,43.87617483333333,10.2464725,26.4,112.68702290076335,-146.0763358778626,22.137404580152673
147.22,-0.18659800721427366,25.813401992785728,0.0,0.017491111111111114,8.42565045328934,7.611167077636718,-0.30885201416015623,3.6008792968749996,26.803249031072482,100.95769794241781,66.18096428330277,43.87617483333333,10.2464725,26.4,116.90076335877863,-150.5648854961832,29.51145038167939
147.23,-0.18659800721427366,25.813401992785728,0.0,0.017491111111111114,8.765138925054927,7.8362220336914055,0.15083470458984374,3.9240965209960934,26.803249031072482,100.95769794241781,66.18096428330277,43.87617483333333,10.2464725,26.4,112.04580152671755,-143.55725190839695,34.29007633587786
147.25,-0.18659800721427366,25.813401992785728,0.0,0.017491111111111114,9.486017025211774,8.59278975830078,1.01514150390625,3.88818349609375,26.803249031072482,100.95769794241781,66.18096428330277,43.87617483333333,10.2464725,26.4,101.1145038167939,-132.3969465648855,38.396946564885496
147.25,-0.08667931043684574,25.913320689563154,0.0,0.017491111111111114,9.486017025211774,8.59278975830078,1.01514150390625,3.88818349609375,26.788146378658713,100.95650214591628,66.17153287549836,43.87617483333333,10.2464725,26.4,101.1145038167939,-132.3969465648855,38.396946564885496
147.25,-0.08667931043684574,25.913320689563154,0.0,0.017491111111111114,9.486017025211774,8.59278975830078,1.01514150390625,3.88818349609375,26.788146378658713,100.95650214591628,66.17153287549836,43.87617483333333,10.2464725,26.4,101.1145038167939,-132.3969465648855,38.396946564885496
147.26,-0.08667931043684574,25.913320689563154,0.0,0.017491111111111114,10.367429796461943,9.466673364257812,1.0127473022460938,4.103661645507812,26.788146378658713,100.95650214591628,66.17153287549836,43.87617483333333,10.2464725,26.4,87.40458015267176,-125.23664122137404,44.274809160305345
147.26,-0.08667931043684574,25.913320689563154,0.0,0.017491111111111114,10.367429796461943,9.466673364257812,1.0127473022460938,4.103661645507812,26.788146378658713,100.95650214591628,66.17153287549836,43.87617483333333,10.2464725,26.4,87.40458015267176,-125.23664122137404,44.274809160305345
147.27,-0.08667931043684574,25.913320689563154,0.0,0.017491111111111114,10.751200876485505,9.792284790039062,0.13168109130859373,4.436455676269531,26.788146378658713,100.95650214591628,66.17153287549836,43.87617483333333,10.2464725,26.4,74.99236641221374,-121.57251908396947,46.2442748091603
147.28,0.4767120148464965,26.4767120148465,56.33913252838546,0.017491111111111114,10.751200876485505,9.792284790039062,0.13168109130859373,4.436455676269531,27.432528450153768,100.94975986492706,66.30349811423353,43.87617483333333,10.2464725,26.4,74.99236641221374,-121.57251908396947,46.2442748091603
147.28,0.4767120148464965,26.4767120148465,56.33913252838546,0.017491111111111114,10.549258695149199,9.545682019042967,-0.8595183959960937,4.407725256347656,27.432528450153768,100.94975986492706,66.30349811423353,43.87617483333333,10.2464725,26.4,64.94656488549619,-120.97709923664122,41.587786259541986
147.29,0.4767120148464965,26.4767120148465,0.0,0.017491111111111114,10.326568397444168,9.10993731689453,-1.1348515869140625,4.728548278808593,27.432528450153768,100.94975986492706,66.30349811423353,43.87617483333333,10.2464725,26.4,58.229007633587784,-120.01526717557252,32.97709923664122
147.31,0.4767120148464965,26.4767120148465,0.0,0.017491111111111114,10.22328706640692,8.657433203124999,-0.8667010009765624,5.367800122070312,27.432528450153768,100.94975986492706,66.30349811423353,43.87617483333333,10.2464725,26.4,54.12213740458015,-116.45801526717557,24.748091603053435
147.31,0.03515924863848996,26.03515924863849,0.0,0.017491111111111114,10.22328706640692,8.657433203124999,-0.8667010009765624,5.367800122070312,27.407357189571485,100.95504403470333,66.31344893119925,43.87617483333333,10.2464725,26.4,54.12213740458015,-116.45801526717557,24.748091603053435
147.32,0.03515924863848996,26.03515924863849,0.0,0.017491111111111114,10.401934731552933,8.82263311767578,-0.2537853759765625,5.504269616699219,27.407357189571485,100.95504403470333,66.31344893119925,43.87617483333333,10.2464725,26.4,46.99236641221374,-111.8473282442748,20.580152671755727
147.33,0.03515924863848996,26.03515924863849,0.0,0.017491111111111114,10.524019987281461,8.963891015625,-0.23223756103515625,5.5090580200195305,27.407357189571485,100.95504403470333,66.31344893119925,43.87617483333333,10.2464725,26.4,36.99236641221374,-105.52671755725191,20.412213740458014
147.34,0.13481086603226222,26.13481086603226,9.96516173938629,0.017491111111111114,10.524019987281461,8.963891015625,-0.23223756103515625,5.5090580200195305,27.351980440877377,100.95385145989565,66.27644811397096,43.87617483333333,10.2464725,26.4,36.99236641221374,-105.52671755725191,20.412213740458014
147.34,0.13481086603226222,26.13481086603226,9.96516173938629,0.017491111111111114,10.691237477907366,9.452308154296874,-0.8092401611328125,4.929661218261718,27.351980440877377,100.95385145989565,66.27644811397096,43.87617483333333,10.2464725,26.4,31.770992366412212,-96.45801526717557,19.96946564885496
147.35,0.13481086603226222,26.13481086603226,0.0,0.017491111111111114,10.81053528566913,9.562441430664062,-1.0271125122070313,4.936843823242187,27.351980440877377,100.95385145989565,66.27644811397096,43.87617483333333,10.2464725,26.4,38.93129770992366,-84.8854961832061,15.740458015267176
147.36,0.13481086603226222,26.13481086603226,0.0,0.017491111111111114,10.81053528566913,9.562441430664062,-1.0271125122070313,4.936843823242187,27.351980440877377,100.95385145989565,66.27644811397096,43.87617483333333,10.2464725,26.4,38.93129770992366,-84.8854961832061,15.740458015267176
147.37,0.13481086603226222,26.13481086603226,0.0,0.017491111111111114,10.807427885129284,9.5384994140625,-0.8116343627929687,5.015852478027344,27.351980440877377,100.95385145989565,66.27644811397096,43.87617483333333,10.2464725,26.4,37.954198473282446,-77.8473282442748,7.099236641221374
147.37,0.02094313609162124,26.02094313609162,0.0,0.017491111111111114,10.807427885129284,9.5384994140625,-0.8116343627929687,5.015852478027344,27.311706463061274,100.95521416611496,66.27694833949917,43.87617483333333,10.2464725,26.4,37.954198473282446,-77.8473282442748,7.099236641221374
147.38,0.02094313609162124,26.02094313609162,0.0,0.017491111111111114,10.530260418685403,9.167398156738281,-0.6105214233398437,5.145139367675781,27.311706463061274,100.95521416611496,66.27694833949917,43.87617483333333,10.2464725,26.4,28.595419847328245,-75.74045801526718,-3.282442748091603
147.39,0.02094313609162124,26.02094313609162,0.0,0.017491111111111114,10.430974197803504,8.961496813964843,-0.6512228515624999,5.298368273925781,27.311706463061274,100.95521416611496,66.27694833949917,43.87617483333333,10.2464725,26.4,26.732824427480917,-74.1526717557252,-10.854961832061068
147.4,0.24886902033373515,26.248869020333736,22.79258842416734,0.017491111111111114,10.430974197803504,8.961496813964843,-0.6512228515624999,5.298368273925781,27.27143250312656,100.95248648971364,66.27044061067748,43.87617483333333,10.2464725,26.4,26.732824427480917,-74.1526717557252,-10.854961832061068
147.4,0.24886902033373515,26.248869020333736,22.79258842416734,0.017491111111111114,10.283679474019975,8.664615808105468,-0.9241618408203125,5.461173986816406,27.27143250312656,100.95248648971364,66.27044061067748,43.87617483333333,10.2464725,26.4,32.58015267175573,-73.19083969465649,-13.404580152671755
147.41,0.24886902033373515,26.248869020333736,0.0,0.017491111111111114,10.615764348707808,8.896853369140624,-0.7781155395507812,5.738901379394531,27.27143250312656,100.95248648971364,66.27044061067748,43.87617483333333,10.2464725,26.4,35.57251908396947,-75.1145038167939,-10.595419847328245
147.43,0.24886902033373515,26.248869020333736,0.0,0.017491111111111114,10.48394334779807,8.757989672851561,-1.0845733520507812,5.659892724609374,27.27143250312656,100.95248648971364,66.27044061067748,43.87617483333333,10.2464725,26.4,35.267175572519086,-78.25954198473282,-3.5114503816793894
147.43,-0.3631411273305396,25.63685887266946,0.0,0.017491111111111114,10.48394334779807,8.757989672851561,-1.0845733520507812,5.659892724609374,27.226124319573863,100.95981078469109,66.25611353068014,43.87617483333333,10.2464725,26.4,35.267175572519086,-78.25954198473282,-3.5114503816793894
147.44,-0.3631411273305396,25.63685887266946,0.0,0.017491111111111114,10.611849919455818,8.781931689453124,-1.4149731811523436,5.786785412597656,27.226124319573863,100.95981078469109,66.25611353068014,43.87617483333333,10.2464725,26.4,34.54961832061068,-77.46564885496183,1.465648854961832
147.45,-0.3631411273305396,25.63685887266946,0.0,0.017491111111111114,10.531927646555008,8.647856396484375,-1.8195932617187498,5.729324572753906,27.226124319573863,100.95981078469109,66.25611353068014,43.87617483333333,10.2464725,26.4,32.54961832061068,-71.77099236641222,1.786259541984733
147.46,-0.06388466672253124,25.93611533327747,29.925646060743,0.017491111111111114,10.531927646555008,8.647856396484375,-1.8195932617187498,5.729324572753906,27.180816158652306,100.95622934817604,66.24879902756919,43.87617483333333,10.2464725,26.4,32.54961832061068,-71.77099236641222,1.786259541984733
147.46,-0.06388466672253124,25.93611533327747,29.925646060743,0.017491111111111114,10.531927646555008,8.647856396484375,-1.8195932617187498,5.729324572753906,27.180816158652306,100.95622934817604,66.24879902756919,43.87617483333333,10.2464725,26.4,32.54961832061068,-71.77099236641222,1.786259541984733
147.46,-0.06388466672253124,25.93611533327747,29.925646060743,0.017491111111111114,10.752786136132135,8.801085302734375,-2.0973206542968748,5.810727429199218,27.180816158652306,100.95622934817604,66.24879902756919,43.87617483333333,10.2464725,26.4,31.14503816793893,-62.35114503816794,-0.48854961832061067
147.47,-0.06388466672253124,25.93611533327747,0.0,0.017491111111111114,11.268519632837222,9.210493786621093,-1.9297265380859374,6.198588098144531,27.180816158652306,100.95622934817604,66.24879902756919,43.87617483333333,10.2464725,26.4,33.63358778625954,-51.41984732824427,-5.038167938931298
147.49,-0.06388466672253124,25.93611533327747,0.0,0.017491111111111114,11.95091701765604,9.871293444824218,-1.3575123413085937,6.598419775390624,27.180816158652306,100.95622934817604,66.24879902756919,43.87617483333333,10.2464725,26.4,31.96946564885496,-41.41984732824427,-11.923664122137405
147.49,0.09297731238258611,26.092977312382587,0.0,0.017491111111111114,11.95091701765604,9.871293444824218,-1.3575123413085937,6.598419775390624,27.145576493581757,100.95435209907305,66.26413637179884,43.87617483333333,10.2464725,26.4,31.96946564885496,-41.41984732824427,-11.923664122137405
147.5,0.09297731238258611,26.092977312382587,0.0,0.017491111111111114,12.291004470432897,10.084377392578125,-0.6823474731445313,6.993463049316406,27.145576493581757,100.95435209907305,66.26413637179884,43.87617483333333,10.2464725,26.4,29.206106870229007,-31.862595419847327,-19.51145038167939
147.51,0.09297731238258611,26.092977312382587,0.0,0.017491111111111114,12.185575067252042,9.911994873046874,-0.13168109130859373,7.086836914062499,27.145576493581757,100.95435209907305,66.26413637179884,43.87617483333333,10.2464725,26.4,25.908396946564885,-23.64885496183206,-26.396946564885496
147.52,-0.006449731713771278,25.993550268286228,-9.942704409616523,0.017491111111111114,12.185575067252042,9.911994873046874,-0.13168109130859373,7.086836914062499,27.120405312627554,100.95554199107823,66.23204395740946,43.87617483333333,10.2464725,26.4,25.908396946564885,-23.64885496183206,-26.396946564885496
147.52,-0.006449731713771278,25.993550268286228,-9.942704409616523,0.017491111111111114,12.113725868638195,9.624690673828125,0.4333505004882812,7.343016491699219,27.120405312627554,100.95554199107823,66.23204395740946,43.87617483333333,10.2464725,26.4,22.045801526717558,-18.366412213740457,-28.549618320610687
147.53,-0.006449731713771278,25.993550268286228,0.0,0.017491111111111114,11.340240481095305,8.810662109374999,0.1867477294921875,7.137115148925781,27.120405312627554,100.95554199107823,66.23204395740946,43.87617483333333,10.2464725,26.4,19.251908396946565,-16.99236641221374,-23.435114503816795
147.55,-0.006449731713771278,25.993550268286228,0.0,0.017491111111111114,10.418622920464797,7.694964135742187,-0.9097966308593749,6.964732629394531,27.120405312627554,100.95554199107823,66.23204395740946,43.87617483333333,10.2464725,26.4,16.259541984732824,-18.0,-13.206106870229007
147.56,-0.006449731713771278,25.993550268286228,0.0,0.017491111111111114,9.78370786013526,6.89530078125,-1.7717092285156248,6.710947253417968,27.120405312627554,100.95554199107823,66.23204395740946,43.87617483333333,10.2464725,26.4,9.312977099236642,-16.916030534351144,-1.251908396946565
147.56,-0.006449731713771278,25.993550268286228,0.0,0.017491111111111114,9.78370786013526,6.89530078125,-1.7717092285156248,6.710947253417968,27.120405312627554,100.95554199107823,66.23204395740946,43.87617483333333,10.2464725,26.4,9.312977099236642,-16.916030534351144,-1.251908396946565
147.57,-0.006449731713771278,25.993550268286228,0.0,0.017491111111111114,9.584881572008301,6.794744311523437,-1.8315642700195311,6.507440112304687,27.120405312627554,100.95554199107823,66.23204395740946,43.87617483333333,10.2464725,26.4,-3.2213740458015265,-12.625954198473282,10.091603053435115
147.57,-0.2764315979877363,25.723568402012262,0.0,0.017491111111111114,9.584881572008301,6.794744311523437,-1.8315642700195311,6.507440112304687,27.075097204511984,100.95877305323596,66.22473738041083,43.87617483333333,10.2464725,26.4,-3.2213740458015265,-12.625954198473282,10.091603053435115
147.58,-0.2764315979877363,25.723568402012262,0.0,0.017491111111111114,9.990254486988903,7.618349682617187,-1.1659762084960936,6.356605407714843,27.075097204511984,100.95877305323596,66.22473738041083,43.87617483333333,10.2464725,26.4,-19.328244274809162,-6.259541984732825,20.85496183206107
147.59,-0.2764315979877363,25.723568402012262,0.0,0.017491111111111114,10.981161407116023,8.817844714355468,-0.718260498046875,6.505045910644531,27.075097204511984,100.95877305323596,66.22473738041083,43.87617483333333,10.2464725,26.4,-31.374045801526716,0.4580152671755725,32.396946564885496
147.6,0.037054824464267666,26.037054824464267,31.34864224522891,0.017491111111111114,10.981161407116023,8.817844714355468,-0.718260498046875,6.505045910644531,27.04489181167446,100.9550213494059,66.21286195555393,43.87617483333333,10.2464725,26.4,-31.374045801526716,0.4580152671755725,32.396946564885496
147.61,0.037054824464267666,26.037054824464267,0.0,0.017491111111111114,11.94079293231521,10.218452685546874,-0.6272808349609375,6.1459156616210935,27.04489181167446,100.9550213494059,66.21286195555393,43.87617483333333,10.2464725,26.4,-38.99236641221374,7.419847328244275,40.62595419847328
147.62,0.037054824464267666,26.037054824464267,0.0,0.017491111111111114,11.02638784249197,11.010933435058593,-0.5835866546630859,-0.0005985504150390625,27.04489181167446,100.9550213494059,66.21286195555393,43.87617483333333,10.2464725,26.4,-0.015267175572519083,-0.015267175572519083,-0.015267175572519083
147.63,0.037054824464267666,26.037054824464267,0.0,0.017491111111111114,12.489635852821841,11.128249316406249,-0.47644613037109373,5.65031591796875,27.04489181167446,100.9550213494059,66.21286195555393,43.87617483333333,10.2464725,26.4,-16.717557251908396,25.480916030534353,32.412213740458014
147.63,-0.09085481299453635,25.909145187005464,0.0,0.017491111111111114,12.489635852821841,11.128249316406249,-0.47644613037109373,5.65031591796875,27.029789119027555,100.95655211682826,66.21743396003883,43.87617483333333,10.2464725,26.4,-16.717557251908396,25.480916030534353,32.412213740458014
147.64,-0.09085481299453635,25.909145187005464,0.0,0.017491111111111114,12.094279767608262,10.77630167236328,-0.7781155395507812,5.434837768554687,27.029789119027555,100.95655211682826,66.21743396003883,43.87617483333333,10.2464725,26.4,-7.6183206106870225,32.13740458015267,12.229007633587786
147.65,-0.09085481299453635,25.909145187005464,0.0,0.017491111111111114,11.36253173014724,10.043675964355469,-1.0558429321289062,5.2073886108398435,27.029789119027555,100.95655211682826,66.21743396003883,43.87617483333333,10.2464725,26.4,-3.5419847328244276,35.48091603053435,-9.801526717557252
147.66,0.10879846853962927,26.10879846853963,19.96532815343472,0.017491111111111114,11.36253173014724,10.043675964355469,-1.0558429321289062,5.2073886108398435,26.999583741277455,100.95416276061621,66.19155077520779,43.87617483333333,10.2464725,26.4,-3.5419847328244276,35.48091603053435,-9.801526717557252
147.66,0.10879846853962927,26.10879846853963,19.96532815343472,0.017491111111111114,11.36253173014724,10.043675964355469,-1.0558429321289062,5.2073886108398435,26.999583741277455,100.95416276061621,66.19155077520779,43.87617483333333,10.2464725,26.4,-3.5419847328244276,35.48091603053435,-9.801526717557252
147.67,0.10879846853962927,26.10879846853963,0.0,0.017491111111111114,10.39486870718139,9.057264880371093,-1.438915197753906,4.893748193359374,26.999583741277455,100.95416276061621,66.19155077520779,43.87617483333333,10.2464725,26.4,2.564885496183206,35.55725190839695,-26.99236641221374
147.68,0.10879846853962927,26.10879846853963,0.0,0.017491111111111114,9.612795993446602,8.276755139160155,-1.637633935546875,4.6064439941406246,26.999583741277455,100.95416276061621,66.19155077520779,43.87617483333333,10.2464725,26.4,8.80916030534351,32.94656488549618,-38.0
147.69,-0.019079154783905317,25.980920845216094,-12.787762332365089,0.017491111111111114,9.612795993446602,8.276755139160155,-1.637633935546875,4.6064439941406246,26.984481056174264,100.9556931343662,66.21013369845804,43.87617483333333,10.2464725,26.4,8.80916030534351,32.94656488549618,-38.0
147.69,-0.019079154783905317,25.980920845216094,-12.787762332365089,0.017491111111111114,9.013541585332083,7.697358337402343,-1.4341267944335936,4.465186096191406,26.984481056174264,100.9556931343662,66.21013369845804,43.87617483333333,10.2464725,26.4,11.053435114503817,29.557251908396946,-43.770992366412216
147.7,-0.019079154783905317,25.980920845216094,0.0,0.017491111111111114,8.596610692370058,7.237671618652343,-0.6727706665039062,4.589684582519531,26.984481056174264,100.9556931343662,66.21013369845804,43.87617483333333,10.2464725,26.4,9.374045801526718,26.290076335877863,-42.61068702290076
147.71,-0.019079154783905317,25.980920845216094,0.0,0.017491111111111114,8.323706779322592,6.924031201171875,0.11013327636718749,4.618415002441406,26.984481056174264,100.9556931343662,66.21013369845804,43.87617483333333,10.2464725,26.4,1.5419847328244274,21.84732824427481,-34.0763358778626
147.72,-0.3460203874863699,25.65397961251363,-32.694123270276194,0.017491111111111114,8.323706779322592,6.924031201171875,0.11013327636718749,4.618415002441406,26.959309919923545,100.95960588460984,66.17806051520623,43.87617483333333,10.2464725,26.4,1.5419847328244274,21.84732824427481,-34.0763358778626
147.73,-0.3460203874863699,25.65397961251363,0.0,0.017491111111111114,8.516310596351262,7.1035963256835934,0.2609679809570312,4.690241052246093,26.959309919923545,100.95960588460984,66.17806051520623,43.87617483333333,10.2464725,26.4,-8.305343511450381,16.015267175572518,-20.519083969465647
147.74,-0.3460203874863699,25.65397961251363,0.0,0.017491111111111114,9.35173145703825,8.054094384765625,-0.016759411621093748,4.752490295410156,26.959309919923545,100.95960588460984,66.17806051520623,43.87617483333333,10.2464725,26.4,-17.49618320610687,8.488549618320612,-5.603053435114504
147.75,-0.3460203874863699,25.65397961251363,0.0,0.017491111111111114,10.184792595547675,8.91840118408203,-0.5386953735351562,4.8889597900390624,26.959309919923545,100.95960588460984,66.17806051520623,43.87617483333333,10.2464725,26.4,-19.16030534351145,0.5343511450381679,8.946564885496183
147.75,-0.10369336534731266,25.89630663465269,0.0,0.017491111111111114,10.184792595547675,8.91840118408203,-0.5386953735351562,4.8889597900390624,26.934138790657745,100.95670576412829,66.20202600408818,43.87617483333333,10.2464725,26.4,-19.16030534351145,0.5343511450381679,8.946564885496183
147.76,-0.10369336534731266,25.89630663465269,0.0,0.017491111111111114,10.184792595547675,8.91840118408203,-0.5386953735351562,4.8889597900390624,26.934138790657745,100.95670576412829,66.20202600408818,43.87617483333333,10.2464725,26.4,-19.16030534351145,0.5343511450381679,8.946564885496183
147.76,-0.10369336534731266,25.89630663465269,0.0,0.017491111111111114,10.75713740160219,9.282319836425781,-1.2880804931640624,5.2816088623046875,26.934138790657745,100.95670576412829,66.20202600408818,43.87617483333333,10.2464725,26.4,-11.709923664122137,-5.908396946564886,20.65648854961832
147.77,-0.10369336534731266,25.89630663465269,0.0,0.017491111111111114,11.199535915735723,9.5001921875,-1.5945383056640625,5.7125651611328125,26.934138790657745,100.95670576412829,66.20202600408818,43.87617483333333,10.2464725,26.4,-5.419847328244275,-11.114503816793894,27.81679389312977
147.78,-0.37398661082923557,25.626013389170765,-27.029324548216874,0.017491111111111114,11.199535915735723,9.5001921875,-1.5945383056640625,5.7125651611328125,26.929104565642774,100.9599405830207,66.18020210688645,43.87617483333333,10.2464725,26.4,-5.419847328244275,-11.114503816793894,27.81679389312977
147.79,-0.37398661082923557,25.626013389170765,0.0,0.017491111111111114,11.46848811173462,9.56962403564453,-1.599326708984375,6.114791040039062,26.929104565642774,100.9599405830207,66.18020210688645,43.87617483333333,10.2464725,26.4,-1.2366412213740459,-13.206106870229007,31.557251908396946
147.8,-0.37398661082923557,25.626013389170765,0.0,0.017491111111111114,11.64805091723085,9.634267480468749,-1.37906015625,6.399701037597656,26.929104565642774,100.9599405830207,66.18020210688645,43.87617483333333,10.2464725,26.4,-0.2595419847328244,-13.374045801526718,33.05343511450382
147.81,-0.37398661082923557,25.626013389170765,0.0,0.017491111111111114,11.597593158977427,9.576806640625,-1.0893617553710937,6.449979272460937,26.929104565642774,100.9599405830207,66.18020210688645,43.87617483333333,10.2464725,26.4,-2.8091603053435112,-12.076335877862595,32.88549618320611
147.81,0.13864389927570886,26.13864389927571,0.0,0.017491111111111114,11.597593158977427,9.576806640625,-1.0893617553710937,6.449979272460937,26.908967668376864,100.95380558852591,66.16995729645593,43.87617483333333,10.2464725,26.4,-2.8091603053435112,-12.076335877862595,32.88549618320611
147.82,0.13864389927570886,26.13864389927571,0.0,0.017491111111111114,11.179700489582174,9.2320416015625,-1.1923124267578125,6.191405493164062,26.908967668376864,100.95380558852591,66.16995729645593,43.87617483333333,10.2464725,26.4,-3.7709923664122136,-8.335877862595419,31.114503816793892
147.83,0.13864389927570886,26.13864389927571,0.0,0.017491111111111114,10.55559553092413,8.884882360839843,-1.3263877197265623,5.542576843261719,26.908967668376864,100.95380558852591,66.16995729645593,43.87617483333333,10.2464725,26.4,-6.366412213740458,-2.381679389312977,27.46564885496183
147.85,0.13864389927570886,26.13864389927571,0.0,0.017491111111111114,10.204437724088079,8.88009395751953,-1.5538368774414062,4.781220715332031,26.908967668376864,100.95380558852591,66.16995729645593,43.87617483333333,10.2464725,26.4,-9.511450381679388,5.343511450381679,22.045801526717558
147.86,0.13864389927570886,26.13864389927571,0.0,0.017491111111111114,10.173991142356325,9.095572106933593,-1.5203180541992187,4.297591979980469,26.908967668376864,100.95380558852591,66.16995729645593,43.87617483333333,10.2464725,26.4,-5.404580152671755,13.969465648854962,14.16793893129771
147.86,0.01083425773438118,26.01083425773438,0.0,0.017491111111111114,10.173991142356325,9.095572106933593,-1.5203180541992187,4.297591979980469,26.893864998361096,100.95533514431813,66.1745306422653,43.87617483333333,10.2464725,26.4,-5.404580152671755,13.969465648854962,14.16793893129771
147.86,0.01083425773438118,26.01083425773438,0.0,0.017491111111111114,10.173991142356325,9.095572106933593,-1.5203180541992187,4.297591979980469,26.893864998361096,100.95533514431813,66.1745306422653,43.87617483333333,10.2464725,26.4,-5.404580152671755,13.969465648854962,14.16793893129771
147.87,0.01083425773438118,26.01083425773438,0.0,0.017491111111111114,10.220538704108645,9.294290844726563,-1.2521674682617188,4.062960217285156,26.893864998361096,100.95533514431813,66.1745306422653,43.87617483333333,10.2464725,26.4,6.076335877862595,17.480916030534353,5.587786259541985
147.88,0.01083425773438118,26.01083425773438,0.0,0.017491111111111114,10.238972963044935,9.318232861328125,-1.0893617553710937,4.101267443847656,26.893864998361096,100.95533514431813,66.1745306422653,43.87617483333333,10.2464725,26.4,18.870229007633586,12.0,-2.9923664122137406
147.89,-0.3446270613938007,25.6553729386062,-35.54613191285052,0.017491111111111114,10.238972963044935,9.318232861328125,-1.0893617553710937,4.101267443847656,26.8787623308599,100.95958920937399,66.1861080062179,43.87617483333333,10.2464725,26.4,18.870229007633586,12.0,-2.9923664122137406
147.9,-0.3446270613938007,25.6553729386062,0.0,0.02675111111111111,10.238972963044935,9.318232861328125,-1.0893617553710937,4.101267443847656,26.8787623308599,100.95958920937399,66.1861080062179,43.8761745,10.246472166666667,26.5,18.870229007633586,12.0,-2.9923664122137406
147.9,-0.3446270613938007,25.6553729386062,0.0,0.02675111111111111,10.21688354397115,9.169792358398437,-1.2904746948242187,4.316745593261719,26.8787623308599,100.95958920937399,66.1861080062179,43.8761745,10.246472166666667,26.5,32.717557251908396,1.1603053435114503,-11.129770992366412
147.91,-0.3446270613938007,25.6553729386062,0.0,0.02675111111111111,9.623423807632728,8.580818749999999,-1.218648645019531,4.182670300292968,26.8787623308599,100.95958920937399,66.1861080062179,43.8761745,10.246472166666667,26.5,50.25954198473283,-13.312977099236642,-18.198473282442748
147.92,-0.3446270613938007,25.6553729386062,0.0,0.02675111111111111,9.226548080775524,7.831433630371094,-1.1707646118164061,4.735730883789063,26.8787623308599,100.95958920937399,66.1861080062179,43.8761745,10.246472166666667,26.5,68.56488549618321,-25.31297709923664,-21.083969465648856
147.92,0.025520711693990394,26.02552071169399,0.0,0.02675111111111111,9.226548080775524,7.831433630371094,-1.1707646118164061,4.735730883789063,26.868693887256086,100.95515938392633,66.17748423083765,43.8761745,10.246472166666667,26.5,68.56488549618321,-25.31297709923664,-21.083969465648856
147.93,0.025520711693990394,26.02552071169399,0.0,0.02675111111111111,9.04643988568221,7.4603323730468745,-0.6655880615234374,5.073313317871094,26.868693887256086,100.95515938392633,66.17748423083765,43.8761745,10.246472166666667,26.5,66.09160305343511,-30.442748091603054,-21.328244274809162
147.94,0.025520711693990394,26.02552071169399,0.0,0.02675111111111111,9.235297973528308,7.438784558105469,-0.28012159423828126,5.465962390136719,26.868693887256086,100.95515938392633,66.17748423083765,43.8761745,10.246472166666667,26.5,54.732824427480914,-31.740458015267176,-19.81679389312977
147.95,-0.059664410665729584,25.94033558933427,-8.518512235979745,0.02675111111111111,9.235297973528308,7.438784558105469,-0.28012159423828126,5.465962390136719,26.85862544476986,100.95617884180105,66.14085002590963,43.8761745,10.246472166666667,26.5,54.732824427480914,-31.740458015267176,-19.81679389312977
147.96,-0.059664410665729584,25.94033558933427,0.0,0.02675111111111111,9.436744552708225,7.319074475097656,0.011971008300781249,5.95677373046875,26.85862544476986,100.95617884180105,66.14085002590963,43.8761745,10.246472166666667,26.5,42.85496183206107,-30.885496183206108,-14.16793893129771
147.96,-0.059664410665729584,25.94033558933427,0.0,0.02675111111111111,9.436744552708225,7.319074475097656,0.011971008300781249,5.95677373046875,26.85862544476986,100.95617884180105,66.14085002590963,43.8761745,10.246472166666667,26.5,42.85496183206107,-30.885496183206108,-14.16793893129771
147.97,-0.059664410665729584,25.94033558933427,0.0,0.02675111111111111,9.431404606193597,7.278373046874999,-0.5147533569335937,5.97592734375,26.85862544476986,100.95617884180105,66.14085002590963,43.8761745,10.246472166666667,26.5,29.83206106870229,-30.106870229007633,-7.129770992366412
147.98,-0.059664410665729584,25.94033558933427,0.0,0.02675111111111111,9.501431142273468,7.395688928222656,-1.0702081420898437,5.868188269042968,26.85862544476986,100.95617884180105,66.14085002590963,43.8761745,10.246472166666667,26.5,18.610687022900763,-27.435114503816795,-0.13740458015267176
147.98,-0.5575678309497611,25.44243216905024,0.0,0.02675111111111111,9.501431142273468,7.395688928222656,-1.0702081420898437,5.868188269042968,26.85359122394584,100.9621376965064,66.16805131261268,43.8761745,10.246472166666667,26.5,18.610687022900763,-27.435114503816795,-0.13740458015267176
147.99,-0.5575678309497611,25.44243216905024,0.0,0.02675111111111111,9.68700619224395,7.594407666015624,-1.484405029296875,5.827486840820312,26.85359122394584,100.9621376965064,66.16805131261268,43.8761745,10.246472166666667,26.5,8.580152671755725,-23.0381679389313,7.358778625954199
148.0,-0.5575678309497611,25.44243216905024,0.0,0.02675111111111111,9.97350128834702,7.975085729980468,-1.6304513305664061,5.762843395996094,26.85359122394584,100.9621376965064,66.16805131261268,43.8761745,10.246472166666667,26.5,2.5801526717557253,-17.480916030534353,15.587786259541986
148.01,-0.642731727662551,25.35726827233745,-8.516389671286735,0.02675111111111111,9.97350128834702,7.975085729980468,-1.6304513305664061,5.762843395996094,26.843522783135995,100.96315695740458,66.15242626015433,43.8761745,10.246472166666667,26.5,2.5801526717557253,-17.480916030534353,15.587786259541986
148.02,-0.642731727662551,25.35726827233745,0.0,0.02675111111111111,10.053569788175151,8.020575561523437,-1.4532804077148436,5.884947680664062,26.843522783135995,100.96315695740458,66.15242626015433,43.8761745,10.246472166666667,26.5,3.0839694656488548,-12.580152671755725,22.366412213740457
148.03,-0.642731727662551,25.35726827233745,0.0,0.02675111111111111,10.208207681622218,8.106766821289062,-1.2737152832031249,6.0716954101562495,26.843522783135995,100.96315695740458,66.15242626015433,43.8761745,10.246472166666667,26.5,9.572519083969466,-9.86259541984733,25.328244274809162
148.04,-0.642731727662551,25.35726827233745,0.0,0.02675111111111111,10.610553432570088,8.530540515136718,-1.1013327636718748,6.212953308105468,26.843522783135995,100.96315695740458,66.15242626015433,43.8761745,10.246472166666667,26.5,16.549618320610687,-7.465648854961832,26.33587786259542
148.04,-0.15877015662721927,25.84122984337278,0.0,0.02675111111111111,10.610553432570088,8.530540515136718,-1.1013327636718748,6.212953308105468,26.833454343443737,100.95736490603339,66.13680278052439,43.8761745,10.246472166666667,26.5,16.549618320610687,-7.465648854961832,26.33587786259542
148.05,-0.15877015662721927,25.84122984337278,0.0,0.02675111111111111,10.417046237370986,8.396465222167969,-1.2234370483398436,6.042964990234375,26.833454343443737,100.95736490603339,66.13680278052439,43.8761745,10.246472166666667,26.5,12.122137404580153,-5.511450381679389,25.52671755725191
148.06,-0.15877015662721927,25.84122984337278,0.0,0.02675111111111111,10.417046237370986,8.396465222167969,-1.2234370483398436,6.042964990234375,26.833454343443737,100.95736490603339,66.13680278052439,43.8761745,10.246472166666667,26.5,12.122137404580153,-5.511450381679389,25.52671755725191
148.06,-0.15877015662721927,25.84122984337278,0.0,0.02675111111111111,10.424244050631302,8.413224633789062,-1.16837041015625,6.042964990234375,26.833454343443737,100.95736490603339,66.13680278052439,43.8761745,10.246472166666667,26.5,10.427480916030534,-3.7557251908396947,21.938931297709924
148.07,-0.2439331033298009,25.756066896670198,-8.516294670265907,0.02675111111111111,10.424244050631302,8.413224633789062,-1.16837041015625,6.042964990234375,26.823385904869063,100.9583841165474,66.16319345718418,43.8761745,10.246472166666667,26.5,10.427480916030534,-3.7557251908396947,21.938931297709924
148.08,-0.2439331033298009,25.756066896670198,0.0,0.02675111111111111,10.280796715018793,8.226476904296874,-1.2018892333984375,6.047753393554687,26.823385904869063,100.9583841165474,66.16319345718418,43.8761745,10.246472166666667,26.5,8.946564885496183,-1.2061068702290076,18.763358778625953
148.09,-0.2439331033298009,25.756066896670198,0.0,0.02675111111111111,10.321185927144004,8.262389929199218,-1.47482822265625,6.007051965332031,26.823385904869063,100.9583841165474,66.16319345718418,43.8761745,10.246472166666667,26.5,1.1908396946564885,-0.549618320610687,17.64885496183206
148.1,-0.2439331033298009,25.756066896670198,0.0,0.02675111111111111,10.425831466079808,8.37012900390625,-1.7357962036132812,5.968744738769531,26.823385904869063,100.9583841165474,66.16319345718418,43.8761745,10.246472166666667,26.5,-6.580152671755725,-1.7709923664122138,18.229007633587788
148.11,-0.2439331033298009,25.756066896670198,0.0,0.02675111111111111,10.423080690573059,8.355763793945313,-2.039859814453125,5.887341882324218,26.823385904869063,100.9583841165474,66.16319345718418,43.8761745,10.246472166666667,26.5,-8.335877862595419,-3.969465648854962,19.72519083969466
148.12,-0.2439331033298009,25.756066896670198,0.0,0.02675111111111111,10.463065576778734,8.346186987304687,-2.1883003173828124,5.91846650390625,26.823385904869063,100.9583841165474,66.16319345718418,43.8761745,10.246472166666667,26.5,-4.473282442748092,-6.366412213740458,20.83969465648855
148.14,-0.2439331033298009,25.756066896670198,0.0,0.02675111111111111,10.408948323849076,8.2743609375,-2.1308394775390624,5.944802722167968,26.823385904869063,100.9583841165474,66.16319345718418,43.8761745,10.246472166666667,26.5,-0.6412213740458015,-8.335877862595419,21.541984732824428
148.15,-0.2439331033298009,25.756066896670198,0.0,0.02675111111111111,10.185769322247578,8.06367119140625,-1.9009961181640624,5.925649108886718,26.823385904869063,100.9583841165474,66.16319345718418,43.8761745,10.246472166666667,26.5,-1.0229007633587786,-9.694656488549619,21.893129770992367
148.16,-0.2439331033298009,25.756066896670198,0.0,0.02675111111111111,10.184044862170406,8.058882788085937,-1.7238251953125,5.983109948730468,26.823385904869063,100.9583841165474,66.16319345718418,43.8761745,10.246472166666667,26.5,-4.229007633587786,-10.977099236641221,21.984732824427482
148.16,-0.2439331033298009,25.756066896670198,0.0,0.02675111111111111,10.184044862170406,8.058882788085937,-1.7238251953125,5.983109948730468,26.823385904869063,100.9583841165474,66.16319345718418,43.8761745,10.246472166666667,26.5,-4.229007633587786,-10.977099236641221,21.984732824427482
148.17,-0.2439331033298009,25.756066896670198,0.0,0.02675111111111111,10.276402450794361,8.192958081054687,-1.6112977172851561,5.990292553710937,26.823385904869063,100.9583841165474,66.16319345718418,43.8761745,10.246472166666667,26.5,-8.16793893129771,-10.793893129770993,21.633587786259543
148.18,-0.2439331033298009,25.756066896670198,0.0,0.02675111111111111,15.269335071154925,13.429077111816406,-1.7788918334960937,7.0461354858398435,26.823385904869063,100.9583841165474,66.16319345718418,43.8761745,10.246472166666667,26.5,-9.572519083969466,-9.038167938931299,20.519083969465647
148.2,-0.2439331033298009,25.756066896670198,0.0,0.02675111111111111,11.628154620221798,8.781931689453124,-2.583343591308594,7.170633972167968,26.823385904869063,100.9583841165474,66.16319345718418,43.8761745,10.246472166666667,26.5,8.122137404580153,-6.396946564885496,3.5419847328244276
148.21,-0.2439331033298009,25.756066896670198,0.0,0.02675111111111111,9.07066325904306,6.667851623535156,-1.8914193115234375,5.851428857421874,26.823385904869063,100.9583841165474,66.16319345718418,43.8761745,10.246472166666667,26.5,27.755725190839694,-2.8702290076335877,-18.83969465648855
148.22,-0.2439331033298009,25.756066896670198,0.0,0.02675111111111111,10.003668761757996,7.841010437011718,-1.6543933471679686,5.987898352050781,26.823385904869063,100.9583841165474,66.16319345718418,43.8761745,10.246472166666667,26.5,18.99236641221374,-8.931297709923664,-14.641221374045802
148.23,-0.2439331033298009,25.756066896670198,0.0,0.02675111111111111,11.142476912938104,8.88009395751953,-1.6998831787109374,6.512228515625,26.823385904869063,100.9583841165474,66.16319345718418,43.8761745,10.246472166666667,26.5,12.65648854961832,-13.572519083969466,-8.061068702290076
148.24,-0.2439331033298009,25.756066896670198,0.0,0.02675111111111111,9.936721752952613,7.563283044433593,-1.6328455322265625,6.234501123046875,26.823385904869063,100.9583841165474,66.16319345718418,43.8761745,10.246472166666667,26.5,14.473282442748092,-11.267175572519085,-8.748091603053435
148.26,-0.2439331033298009,25.756066896670198,0.0,0.02675111111111111,10.166384984046417,7.771578588867187,-1.6256629272460936,6.349422802734375,26.823385904869063,100.9583841165474,66.16319345718418,43.8761745,10.246472166666667,26.5,13.251908396946565,-8.396946564885496,-7.236641221374046
148.26,-0.2439331033298009,25.756066896670198,0.0,0.02675111111111111,10.166384984046417,7.771578588867187,-1.6256629272460936,6.349422802734375,26.823385904869063,100.9583841165474,66.16319345718418,43.8761745,10.246472166666667,26.5,13.251908396946565,-8.396946564885496,-7.236641221374046
148.27,-0.2439331033298009,25.756066896670198,0.0,0.02675111111111111,10.097464535643587,7.694964135742187,-1.9991583862304687,6.224924316406249,26.823385904869063,100.9583841165474,66.16319345718418,43.8761745,10.246472166666667,26.5,7.587786259541985,-5.6183206106870225,-5.603053435114504
148.27,-0.42900075369314283,25.570999246306858,0.0,0.02675111111111111,10.097464535643587,7.694964135742187,-1.9991583862304687,6.224924316406249,26.828420124016702,100.96059899224855,66.15700027160447,43.8761745,10.246472166666667,26.5,7.587786259541985,-5.6183206106870225,-5.603053435114504
148.27,-0.42900075369314283,25.570999246306858,0.0,0.02675111111111111,10.097464535643587,7.694964135742187,-1.9991583862304687,6.224924316406249,26.828420124016702,100.96059899224855,66.15700027160447,43.8761745,10.246472166666667,26.5,7.587786259541985,-5.6183206106870225,-5.603053435114504
148.28,-0.42900075369314283,25.570999246306858,0.0,0.02675111111111111,9.857201555042845,7.429207751464843,-2.2074539306640624,6.0908490234374995,26.828420124016702,100.96059899224855,66.15700027160447,43.8761745,10.246472166666667,26.5,4.015267175572519,-0.48854961832061067,-6.152671755725191
148.29,-0.42900075369314283,25.570999246306858,0.0,0.02675111111111111,10.485895372899254,8.319850769042969,-2.2601263671875,5.968744738769531,26.828420124016702,100.96059899224855,66.15700027160447,43.8761745,10.246472166666667,26.5,0.9923664122137404,3.969465648854962,-3.969465648854962
148.3,0.23467819716511462,26.234678197165113,66.36789508569748,0.02675111111111111,10.485895372899254,8.319850769042969,-2.2601263671875,5.968744738769531,27.45769971772097,100.95265631499059,66.27251396834862,43.8761745,10.246472166666667,26.5,0.9923664122137404,3.969465648854962,-3.969465648854962
148.3,0.23467819716511462,26.234678197165113,66.36789508569748,0.02675111111111111,10.274122180638997,8.243236315917969,-2.090138049316406,5.76523759765625,27.45769971772097,100.95265631499059,66.27251396834862,43.8761745,10.246472166666667,26.5,-3.3740458015267176,5.145038167938932,-3.3282442748091605
148.32,0.23467819716511462,26.234678197165113,0.0,0.02675111111111111,10.262434511632282,8.303091357421874,-1.8100164550781248,5.753266589355468,27.45769971772097,100.95265631499059,66.27251396834862,43.8761745,10.246472166666667,26.5,-3.7099236641221376,4.717557251908397,-3.2519083969465647
148.33,0.23467819716511462,26.234678197165113,0.0,0.02675111111111111,10.296859014835208,8.379705810546875,-1.6615759521484375,5.748478186035156,27.45769971772097,100.95265631499059,66.27251396834862,43.8761745,10.246472166666667,26.5,2.8091603053435112,4.595419847328245,-1.1297709923664123
148.33,0.16336108294213614,26.163361082942135,0.0,0.02675111111111111,10.296859014835208,8.379705810546875,-1.6615759521484375,5.748478186035156,27.422459945082664,100.95350978897402,66.26681346663003,43.8761745,10.246472166666667,26.5,2.8091603053435112,4.595419847328245,-1.1297709923664123
148.34,0.16336108294213614,26.163361082942135,0.0,0.02675111111111111,10.208055506210247,8.348581188964843,-1.2856862915039062,5.7317187744140625,27.422459945082664,100.95350978897402,66.26681346663003,43.8761745,10.246472166666667,26.5,8.610687022900763,4.67175572519084,0.3969465648854962
148.35,0.16336108294213614,26.163361082942135,0.0,0.02675111111111111,10.291342924686845,8.585607153320312,-1.1252747802734375,5.561730456542969,27.422459945082664,100.95350978897402,66.26681346663003,43.8761745,10.246472166666667,26.5,8.946564885496183,4.091603053435114,-0.6259541984732825
148.36,0.07784910873062989,26.07784910873063,-8.551197421134098,0.02675111111111111,10.291342924686845,8.585607153320312,-1.1252747802734375,5.561730456542969,27.372117436490953,100.9545331449436,66.27269343425334,43.8761745,10.246472166666667,26.5,8.946564885496183,4.091603053435114,-0.6259541984732825
148.36,0.07784910873062989,26.07784910873063,-8.551197421134098,0.02675111111111111,10.291342924686845,8.585607153320312,-1.1252747802734375,5.561730456542969,27.372117436490953,100.9545331449436,66.27269343425334,43.8761745,10.246472166666667,26.5,8.946564885496183,4.091603053435114,-0.6259541984732825
148.36,0.07784910873062989,26.07784910873063,-8.551197421134098,0.02675111111111111,10.135382119718681,8.360552197265624,-1.2330138549804688,5.595249279785156,27.372117436490953,100.9545331449436,66.27269343425334,43.8761745,10.246472166666667,26.5,7.236641221374046,2.045801526717557,-2.4732824427480917
148.38,0.07784910873062989,26.07784910873063,0.0,0.02675111111111111,10.047053817492458,8.25520732421875,-1.3742717529296875,5.559336254882812,27.372117436490953,100.9545331449436,66.27269343425334,43.8761745,10.246472166666667,26.5,7.068702290076335,-0.9007633587786259,-4.977099236641221
148.39,0.07784910873062989,26.07784910873063,0.0,0.02675111111111111,10.084332202773174,8.197746484375,-1.4963760375976562,5.679046337890624,27.372117436490953,100.9545331449436,66.27269343425334,43.8761745,10.246472166666667,26.5,8.67175572519084,-2.564885496183206,-7.32824427480916
148.39,-0.14996307667566322,25.850036923324335,0.0,0.02675111111111111,10.084332202773174,8.197746484375,-1.4963760375976562,5.679046337890624,27.33184344973415,100.95725950540617,66.23814543517621,43.8761745,10.246472166666667,26.5,8.67175572519084,-2.564885496183206,-7.32824427480916
148.4,-0.14996307667566322,25.850036923324335,0.0,0.02675111111111111,9.921786889737211,7.934384301757812,-1.7214309936523438,5.702988354492187,27.33184344973415,100.95725950540617,66.23814543517621,43.8761745,10.246472166666667,26.5,11.267175572519085,-2.6259541984732824,-9.648854961832061
148.41,-0.14996307667566322,25.850036923324335,0.0,0.02675111111111111,10.014485066423175,7.967903124999999,-1.8435352783203125,5.779602807617187,27.33184344973415,100.95725950540617,66.23814543517621,43.8761745,10.246472166666667,26.5,13.648854961832061,-1.4198473282442747,-11.587786259541986
148.42,-0.23526571626967474,25.764734283730327,-8.53026395940891,0.02675111111111111,10.014485066423175,7.967903124999999,-1.8435352783203125,5.779602807617187,27.28150099143386,100.95828038687631,66.2300134062407,43.8761745,10.246472166666667,26.5,13.648854961832061,-1.4198473282442747,-11.587786259541986
148.42,-0.23526571626967474,25.764734283730327,-8.53026395940891,0.02675111111111111,9.912077570971796,7.951143713378905,-2.003946789550781,5.568913061523437,27.28150099143386,100.95828038687631,66.2300134062407,43.8761745,10.246472166666667,26.5,18.870229007633586,0.5954198473282443,-14.290076335877863
148.45,-0.23526571626967474,25.764734283730327,0.0,0.02675111111111111,10.795892806645032,8.647856396484375,-1.9536685546875,6.160280871582031,27.28150099143386,100.95828038687631,66.2300134062407,43.8761745,10.246472166666667,26.5,26.229007633587788,2.122137404580153,-15.633587786259541
148.45,0.14929672444656483,26.149296724446565,0.0,0.02675111111111111,10.795892806645032,8.647856396484375,-1.9536685546875,6.160280871582031,27.246261287247762,100.9536781021957,66.2313312678191,43.8761745,10.246472166666667,26.5,26.229007633587788,2.122137404580153,-15.633587786259541
148.46,0.14929672444656483,26.149296724446565,0.0,0.02675111111111111,10.147165006117836,7.702146740722656,-1.2425906616210938,6.488286499023437,27.246261287247762,100.9536781021957,66.2313312678191,43.8761745,10.246472166666667,26.5,41.099236641221374,-1.1145038167938932,-9.86259541984733
148.46,0.14929672444656483,26.149296724446565,0.0,0.02675111111111111,10.147165006117836,7.702146740722656,-1.2425906616210938,6.488286499023437,27.246261287247762,100.9536781021957,66.2313312678191,43.8761745,10.246472166666667,26.5,41.099236641221374,-1.1145038167938932,-9.86259541984733
148.47,0.14929672444656483,26.149296724446565,0.0,0.02675111111111111,10.350475206644585,7.8338278320312495,-0.7733271362304687,6.720524060058593,27.246261287247762,100.9536781021957,66.2313312678191,43.8761745,10.246472166666667,26.5,38.30534351145038,-0.9618320610687023,-8.0
148.48,-0.4199606288078206,25.58003937119218,-56.925735325490315,0.02675111111111111,10.350475206644585,7.8338278320312495,-0.7733271362304687,6.720524060058593,27.205987356370315,100.9604907998008,66.23884572529353,43.8761745,10.246472166666667,26.5,38.30534351145038,-0.9618320610687023,-8.0
148.48,-0.4199606288078206,25.58003937119218,-56.925735325490315,0.02675111111111111,9.515699002890058,7.335833886718749,-1.2042834350585936,5.9400143188476555,27.205987356370315,100.9604907998008,66.23884572529353,43.8761745,10.246472166666667,26.5,37.9236641221374,0.015267175572519083,-8.442748091603054
148.5,-0.4199606288078206,25.58003937119218,0.0,0.02675111111111111,10.23348588621765,7.905653881835937,-1.2425906616210938,6.37815322265625,27.205987356370315,100.9604907998008,66.23884572529353,43.8761745,10.246472166666667,26.5,41.6793893129771,-1.2213740458015268,-10.992366412213741
148.51,-0.4199606288078206,25.58003937119218,0.0,0.02675111111111111,10.228209111778863,7.599196069335937,-1.1611878051757811,6.746860278320312,27.205987356370315,100.9604907998008,66.23884572529353,43.8761745,10.246472166666667,26.5,47.725190839694655,-0.9618320610687023,-12.244274809160306
148.51,0.007331441031931396,26.00733144103193,0.0,0.02675111111111111,10.228209111778863,7.599196069335937,-1.1611878051757811,6.746860278320312,27.175781919946893,100.95537706437425,66.21995587649513,43.8761745,10.246472166666667,26.5,47.725190839694655,-0.9618320610687023,-12.244274809160306
148.52,0.007331441031931396,26.00733144103193,0.0,0.02675111111111111,10.553864964634313,7.491456994628906,-1.4891934326171874,7.283161450195312,27.175781919946893,100.95537706437425,66.21995587649513,43.8761745,10.246472166666667,26.5,46.54961832061068,1.1603053435114503,-11.755725190839694
148.53,0.007331441031931396,26.00733144103193,0.0,0.02675111111111111,10.037419984584504,6.9527616210937495,-1.5011644409179687,7.082048510742187,27.175781919946893,100.95537706437425,66.21995587649513,43.8761745,10.246472166666667,26.5,37.83206106870229,2.885496183206107,-10.80916030534351
148.54,-0.17745014116666624,25.822549858833334,-18.47815821987657,0.02675111111111111,10.037419984584504,6.9527616210937495,-1.5011644409179687,7.082048510742187,27.140542256832124,100.95758846306887,66.20726439632489,43.8761745,10.246472166666667,26.5,37.83206106870229,2.885496183206107,-10.80916030534351
148.54,-0.17745014116666624,25.822549858833334,-18.47815821987657,0.02675111111111111,9.872941026758438,6.818686328125,-2.1787235107421874,6.79953271484375,27.140542256832124,100.95758846306887,66.20726439632489,43.8761745,10.246472166666667,26.5,28.99236641221374,4.320610687022901,-12.030534351145038
148.56,-0.17745014116666624,25.822549858833334,0.0,0.02675111111111111,10.077557978429851,6.983886242675781,-2.0350714111328125,6.974309436035155,27.140542256832124,100.95758846306887,66.20726439632489,43.8761745,10.246472166666667,26.5,16.80916030534351,7.297709923664122,-17.31297709923664
148.56,-0.17745014116666624,25.822549858833334,0.0,0.02675111111111111,10.077557978429851,6.983886242675781,-2.0350714111328125,6.974309436035155,27.140542256832124,100.95758846306887,66.20726439632489,43.8761745,10.246472166666667,26.5,16.80916030534351,7.297709923664122,-17.31297709923664
148.57,-0.17745014116666624,25.822549858833334,0.0,0.02675111111111111,10.05921541011,7.127538342285156,-1.3335703247070312,6.9719152343749995,27.140542256832124,100.95758846306887,66.20726439632489,43.8761745,10.246472166666667,26.5,6.656488549618321,9.648854961832061,-24.778625954198475
148.57,-0.09176194400374094,25.908238055996257,0.0,0.02675111111111111,10.05921541011,7.127538342285156,-1.3335703247070312,6.9719152343749995,27.11033684220165,100.95656297304842,66.19538753996532,43.8761745,10.246472166666667,26.5,6.656488549618321,9.648854961832061,-24.778625954198475
148.58,-0.09176194400374094,25.908238055996257,0.0,0.02675111111111111,10.702822687195152,7.79552060546875,-0.9720458740234375,7.268796240234375,27.11033684220165,100.95656297304842,66.19538753996532,43.8761745,10.246472166666667,26.5,-0.7633587786259542,9.511450381679388,-28.793893129770993
148.59,-0.09176194400374094,25.908238055996257,0.0,0.02675111111111111,10.88724632486282,8.180987072753906,-1.0031704956054688,7.113173132324218,27.11033684220165,100.95656297304842,66.19538753996532,43.8761745,10.246472166666667,26.5,-7.450381679389313,8.320610687022901,-26.85496183206107
148.6,-0.09133868570385673,25.908661314296143,0.042325829988459546,0.02675111111111111,10.88724632486282,8.180987072753906,-1.0031704956054688,7.113173132324218,27.070062971673906,100.95655790764397,66.195901330017,43.8761745,10.246472166666667,26.5,-7.450381679389313,8.320610687022901,-26.85496183206107
148.6,-0.09133868570385673,25.908661314296143,0.042325829988459546,0.02675111111111111,10.822608520865987,8.183381274414062,-0.9576806640625,7.017405065917968,27.070062971673906,100.95655790764397,66.195901330017,43.8761745,10.246472166666667,26.5,-15.007633587786259,8.51908396946565,-18.99236641221374
148.62,-0.09133868570385673,25.908661314296143,0.0,0.02675111111111111,10.652966320302532,7.996633544921875,-1.1540052001953125,6.943184814453125,27.070062971673906,100.95655790764397,66.195901330017,43.8761745,10.246472166666667,26.5,-20.519083969465647,9.282442748091603,-7.633587786259542
148.63,-0.09133868570385673,25.908661314296143,0.0,0.02675111111111111,10.127167092072483,7.46272657470703,-1.1180921752929687,6.754042883300781,27.070062971673906,100.95655790764397,66.195901330017,43.8761745,10.246472166666667,26.5,-22.53435114503817,10.15267175572519,3.0381679389312977
148.63,-0.14803681757444176,25.851963182425557,0.0,0.02675111111111111,10.127167092072483,7.46272657470703,-1.1180921752929687,6.754042883300781,27.049926043115555,100.95723645249717,66.19966164815166,43.8761745,10.246472166666667,26.5,-22.53435114503817,10.15267175572519,3.0381679389312977
148.64,-0.14803681757444176,25.851963182425557,0.0,0.02675111111111111,9.895108306661454,7.37414111328125,-1.3335703247070312,6.461950280761719,27.049926043115555,100.95723645249717,66.19966164815166,43.8761745,10.246472166666667,26.5,-21.267175572519083,10.763358778625955,8.244274809160306
148.65,-0.14803681757444176,25.851963182425557,0.0,0.02675111111111111,9.741517287868689,7.316680273437499,-1.1755530151367186,6.323086584472656,27.049926043115555,100.95723645249717,66.19966164815166,43.8761745,10.246472166666667,26.5,-22.427480916030536,12.335877862595419,7.419847328244275
148.66,-0.36120630556762956,25.63879369443237,-21.316948799338167,0.02675111111111111,9.741517287868689,7.316680273437499,-1.1755530151367186,6.323086584472656,27.024754888704045,100.95978762883281,66.17459083677306,43.8761745,10.246472166666667,26.5,-22.427480916030536,12.335877862595419,7.419847328244275
148.66,-0.36120630556762956,25.63879369443237,-21.316948799338167,0.02675111111111111,9.741517287868689,7.316680273437499,-1.1755530151367186,6.323086584472656,27.024754888704045,100.95978762883281,66.17459083677306,43.8761745,10.246472166666667,26.5,-22.427480916030536,12.335877862595419,7.419847328244275
148.66,-0.36120630556762956,25.63879369443237,-21.316948799338167,0.02675111111111111,9.828793868510417,7.4770917846679685,-1.1875240234375,6.268019946289062,27.024754888704045,100.95978762883281,66.17459083677306,43.8761745,10.246472166666667,26.5,-21.709923664122137,13.312977099236642,3.7251908396946565
148.68,-0.36120630556762956,25.63879369443237,0.0,0.02675111111111111,10.954512911473628,8.396465222167969,-0.8714894042968749,6.981492041015625,27.024754888704045,100.95978762883281,66.17459083677306,43.8761745,10.246472166666667,26.5,-19.49618320610687,14.16793893129771,-0.9770992366412213
148.69,-0.36120630556762956,25.63879369443237,0.0,0.02675111111111111,10.47255717407518,7.951143713378905,-1.01514150390625,6.739677673339843,27.024754888704045,100.95978762883281,66.17459083677306,43.8761745,10.246472166666667,26.5,-21.450381679389313,13.725190839694656,1.1297709923664123
148.69,-0.489086708065245,25.510913291934756,0.0,0.02675111111111111,10.47255717407518,7.951143713378905,-1.01514150390625,6.739677673339843,27.009652199409903,100.9613181048857,66.1791628636153,43.8761745,10.246472166666667,26.5,-21.450381679389313,13.725190839694656,1.1297709923664123
148.7,-0.489086708065245,25.510913291934756,0.0,0.02675111111111111,10.007610866398005,7.728482958984374,-1.5634136840820312,6.1626750732421876,27.009652199409903,100.9613181048857,66.1791628636153,43.8761745,10.246472166666667,26.5,-22.396946564885496,12.305343511450381,7.740458015267175
148.71,-0.489086708065245,25.510913291934756,0.0,0.02675111111111111,9.419972968484185,7.156268762207031,-1.1252747802734375,6.021417175292968,27.009652199409903,100.9613181048857,66.1791628636153,43.8761745,10.246472166666667,26.5,-19.328244274809162,13.526717557251908,9.801526717557252
148.72,-0.204164441659469,25.79583555834053,28.492226640603516,0.02675111111111111,9.419972968484185,7.156268762207031,-1.1252747802734375,6.021417175292968,26.9895152842626,100.95790817333526,66.16891550674873,43.8761745,10.246472166666667,26.5,-19.328244274809162,13.526717557251908,9.801526717557252
148.72,-0.204164441659469,25.79583555834053,28.492226640603516,0.02675111111111111,10.150607246197477,7.697358337402343,-1.3575123413085937,6.476315490722656,26.9895152842626,100.95790817333526,66.16891550674873,43.8761745,10.246472166666667,26.5,-14.076335877862595,15.114503816793894,3.312977099236641
148.74,-0.204164441659469,25.79583555834053,0.0,0.02675111111111111,10.727507152047291,8.106766821289062,-1.2713210815429687,6.909665991210937,26.9895152842626,100.95790817333526,66.16891550674873,43.8761745,10.246472166666667,26.5,-14.763358778625955,15.435114503816793,-2.50381679389313
148.75,0.10937604065420992,26.10937604065421,31.35404823139641,0.02675111111111111,10.727507152047291,8.106766821289062,-1.2713210815429687,6.909665991210937,26.959309919923545,100.95415584857224,66.15004531543626,43.8761745,10.246472166666667,26.5,-14.763358778625955,15.435114503816793,-2.50381679389313
148.75,0.10937604065420992,26.10937604065421,31.35404823139641,0.02675111111111111,9.491024270770605,7.134720947265625,-1.209071838378906,6.141127258300781,26.959309919923545,100.95415584857224,66.15004531543626,43.8761745,10.246472166666667,26.5,-13.465648854961833,13.465648854961833,-2.4580152671755724
148.76,0.10937604065420992,26.10937604065421,0.0,0.02675111111111111,8.68959124820366,6.469132885742187,-1.1276689819335937,5.691017346191406,26.959309919923545,100.95415584857224,66.15004531543626,43.8761745,10.246472166666667,26.5,-13.007633587786259,12.854961832061068,-8.51908396946565
148.76,0.10937604065420992,26.10937604065421,0.0,0.02675111111111111,8.68959124820366,6.469132885742187,-1.1276689819335937,5.691017346191406,26.959309919923545,100.95415584857224,66.15004531543626,43.8761745,10.246472166666667,26.5,-13.007633587786259,12.854961832061068,-8.51908396946565
148.77,0.10937604065420992,26.10937604065421,0.0,0.02675111111111111,8.585266977661512,6.1626750732421876,-0.8020575561523438,5.923254907226562,26.959309919923545,100.95415584857224,66.15004531543626,43.8761745,10.246472166666667,26.5,-14.82442748091603,17.51145038167939,-25.358778625954198
148.78,-0.3600080984055265,25.639991901594474,-46.93841390601633,0.02675111111111111,8.585266977661512,6.1626750732421876,-0.8020575561523438,5.923254907226562,26.944207241525874,100.9597732887465,66.14061165645215,43.8761745,10.246472166666667,26.5,-14.82442748091603,17.51145038167939,-25.358778625954198
148.78,-0.3600080984055265,25.639991901594474,-46.93841390601633,0.02675111111111111,8.988860107739061,6.5505357421875,-1.66636435546875,5.925649108886718,26.944207241525874,100.9597732887465,66.14061165645215,43.8761745,10.246472166666667,26.5,-14.793893129770993,23.251908396946565,-49.282442748091604
148.8,-0.3600080984055265,25.639991901594474,0.0,0.02675111111111111,9.641145974830103,7.038952880859375,-1.3766659545898436,6.442796667480469,26.944207241525874,100.9597732887465,66.14061165645215,43.8761745,10.246472166666667,26.5,-11.16030534351145,26.870229007633586,-73.38931297709924
148.81,-0.3600080984055265,25.639991901594474,0.0,0.02675111111111111,11.618544853441836,9.753977563476562,-0.48123453369140623,6.294356164550781,26.944207241525874,100.9597732887465,66.14061165645215,43.8761745,10.246472166666667,26.5,-2.2900763358778624,26.946564885496183,-95.08396946564885
148.81,0.0813874727491748,26.081387472749174,0.0,0.02675111111111111,11.618544853441836,9.753977563476562,-0.48123453369140623,6.294356164550781,26.929104565642774,100.9544907997607,66.12417655999714,43.8761745,10.246472166666667,26.5,-2.2900763358778624,26.946564885496183,-95.08396946564885
148.82,0.0813874727491748,26.081387472749174,0.0,0.02675111111111111,13.148560764820216,10.029310754394531,-0.469263525390625,8.489839086914062,26.929104565642774,100.9544907997607,66.12417655999714,43.8761745,10.246472166666667,26.5,14.732824427480915,8.122137404580153,-89.22137404580153
148.83,0.0813874727491748,26.081387472749174,0.0,0.02675111111111111,10.609499920317914,9.598354455566406,-0.1484405029296875,4.517858532714843,26.929104565642774,100.9544907997607,66.12417655999714,43.8761745,10.246472166666667,26.5,63.69465648854962,-14.091603053435115,-31.770992366412212
148.84,0.11001419724002037,26.11001419724002,2.8626724490871616,0.02675111111111111,10.609499920317914,9.598354455566406,-0.1484405029296875,4.517858532714843,26.919036116451025,100.95414821148938,66.14356444694393,43.8761745,10.246472166666667,26.5,63.69465648854962,-14.091603053435115,-31.770992366412212
148.84,0.11001419724002037,26.11001419724002,2.8626724490871616,0.02675111111111111,10.815350137862874,8.508992700195313,0.4860229370117187,6.658274816894531,26.919036116451025,100.95414821148938,66.14356444694393,43.8761745,10.246472166666667,26.5,59.099236641221374,-9.19083969465649,-13.801526717557252
148.86,0.11001419724002037,26.11001419724002,0.0,0.02675111111111111,11.18107658031624,7.824251025390624,-0.06703764648437499,7.987056738281249,26.919036116451025,100.95414821148938,66.14356444694393,43.8761745,10.246472166666667,26.5,56.54961832061068,-3.3587786259541983,-2.7938931297709924
148.86,0.11001419724002037,26.11001419724002,0.0,0.02675111111111111,11.18107658031624,7.824251025390624,-0.06703764648437499,7.987056738281249,26.919036116451025,100.95414821148938,66.14356444694393,43.8761745,10.246472166666667,26.5,56.54961832061068,-3.3587786259541983,-2.7938931297709924
148.87,0.11001419724002037,26.11001419724002,0.0,0.02675111111111111,9.881373502506658,7.105990527343749,-0.6751648681640625,6.833051538085937,26.919036116451025,100.95414821148938,66.14356444694393,43.8761745,10.246472166666667,26.5,47.61832061068702,-1.8931297709923665,-0.3053435114503817
148.87,0.01083425773438118,26.01083425773438,0.0,0.02675111111111111,9.881373502506658,7.105990527343749,-0.6751648681640625,6.833051538085937,26.893864998361096,100.95533514431813,66.13951517284124,43.8761745,10.246472166666667,26.5,47.61832061068702,-1.8931297709923665,-0.3053435114503817
148.88,0.01083425773438118,26.01083425773438,0.0,0.02675111111111111,10.54246785606028,7.690175732421874,-0.0383072265625,7.211335400390625,26.893864998361096,100.95533514431813,66.13951517284124,43.8761745,10.246472166666667,26.5,36.51908396946565,-1.9236641221374047,0.3053435114503817
148.89,0.01083425773438118,26.01083425773438,0.0,0.02160666666666667,10.54246785606028,7.690175732421874,-0.0383072265625,7.211335400390625,26.893864998361096,100.95533514431813,66.13951517284124,43.876174666666664,10.2464725,26.7,36.51908396946565,-1.9236641221374047,0.3053435114503817
148.89,0.01083425773438118,26.01083425773438,0.0,0.02160666666666667,10.23677338960263,7.486668591308593,-0.009576806640625,6.981492041015625,26.893864998361096,100.95533514431813,66.13951517284124,43.876174666666664,10.2464725,26.7,30.259541984732824,-1.5419847328244274,0.366412213740458
148.9,0.08207282400125027,26.08207282400125,7.12385662667314,0.02160666666666667,10.23677338960263,7.486668591308593,-0.009576806640625,6.981492041015625,26.8888307755813,100.9544825978578,66.1387054351734,43.876174666666664,10.2464725,26.7,30.259541984732824,-1.5419847328244274,0.366412213740458
148.9,0.08207282400125027,26.08207282400125,7.12385662667314,0.02160666666666667,10.475044878611431,7.867346655273437,-0.565031591796875,6.892906579589844,26.8888307755813,100.9544825978578,66.1387054351734,43.876174666666664,10.2464725,26.7,24.213740458015266,-1.5419847328244274,0.42748091603053434
148.92,0.08207282400125027,26.08207282400125,0.0,0.02160666666666667,9.432661711505695,7.0269818725585935,-0.08858546142578125,6.291961962890625,26.8888307755813,100.9544825978578,66.1387054351734,43.876174666666664,10.2464725,26.7,26.9618320610687,-1.4351145038167938,0.2900763358778626
148.93,0.08207282400125027,26.08207282400125,0.0,0.02160666666666667,10.737361578529416,8.109161022949218,-0.1388636962890625,7.036558679199218,26.8888307755813,100.9544825978578,66.1387054351734,43.876174666666664,10.2464725,26.7,31.801526717557252,-1.6030534351145038,0.3969465648854962
148.93,-0.11695942333719733,25.883040576662804,0.0,0.02160666666666667,10.737361578529416,8.109161022949218,-0.1388636962890625,7.036558679199218,26.8787623308599,100.95686452786502,66.1230818638596,43.876174666666664,10.2464725,26.7,31.801526717557252,-1.6030534351145038,0.3969465648854962
148.94,-0.11695942333719733,25.883040576662804,0.0,0.02160666666666667,9.748017859512547,6.962338427734375,-0.430956298828125,6.809109521484374,26.8787623308599,100.95686452786502,66.1230818638596,43.876174666666664,10.2464725,26.7,39.603053435114504,-1.8778625954198473,0.4580152671755725
148.95,-0.11695942333719733,25.883040576662804,0.0,0.02160666666666667,10.156998374271115,7.742848168945312,-0.143652099609375,6.572083557128906,26.8787623308599,100.95686452786502,66.1230818638596,43.876174666666664,10.2464725,26.7,45.343511450381676,-1.8015267175572518,0.42748091603053434
148.96,0.025520711693990394,26.02552071169399,14.248013503091236,0.02160666666666667,10.156998374271115,7.742848168945312,-0.143652099609375,6.572083557128906,26.868693887256086,100.95515938392633,66.12846478062525,43.876174666666664,10.2464725,26.7,45.343511450381676,-1.8015267175572518,0.42748091603053434
148.96,0.025520711693990394,26.02552071169399,14.248013503091236,0.02160666666666667,10.156998374271115,7.742848168945312,-0.143652099609375,6.572083557128906,26.868693887256086,100.95515938392633,66.12846478062525,43.876174666666664,10.2464725,26.7,45.343511450381676,-1.8015267175572518,0.42748091603053434
148.96,0.025520711693990394,26.02552071169399,14.248013503091236,0.02160666666666667,9.708201072977511,7.606378674316406,-0.1388636962890625,6.030993981933594,26.868693887256086,100.95515938392633,66.12846478062525,43.876174666666664,10.2464725,26.7,55.23664122137404,-1.8473282442748091,0.5801526717557252
148.98,0.025520711693990394,26.02552071169399,0.0,0.02160666666666667,9.528464810630119,7.503428002929687,-0.3327940307617187,5.863399865722656,26.868693887256086,100.95515938392633,66.12846478062525,43.876174666666664,10.2464725,26.7,77.08396946564885,-1.816793893129771,0.5343511450381679
148.99,0.025520711693990394,26.02552071169399,0.0,0.02160666666666667,9.52624228865051,7.192181787109375,-0.25139117431640623,6.241683728027343,26.868693887256086,100.95515938392633,66.12846478062525,43.876174666666664,10.2464725,26.7,105.17557251908397,-2.5343511450381677,0.5954198473282443
148.99,-0.059664410665729584,25.94033558933427,0.0,0.02160666666666667,9.52624228865051,7.192181787109375,-0.25139117431640623,6.241683728027343,26.85862544476986,100.95617884180105,66.11984412075614,43.876174666666664,10.2464725,26.7,105.17557251908397,-2.5343511450381677,0.5954198473282443
149.0,-0.059664410665729584,25.94033558933427,0.0,0.02160666666666667,9.462922371258218,6.1818286865234375,-0.47165772705078124,7.149086157226562,26.85862544476986,100.95617884180105,66.11984412075614,43.876174666666664,10.2464725,26.7,137.4198473282443,-3.4198473282442747,0.030534351145038167
149.01,-0.059664410665729584,25.94033558933427,0.0,0.02160666666666667,10.4853385866529,5.875370874023437,-0.82360537109375,8.645462194824217,26.85862544476986,100.95617884180105,66.11984412075614,43.876174666666664,10.2464725,26.7,157.81679389312978,-6.061068702290076,-2.5801526717557253
149.02,-0.6001506657684241,25.399849334231575,-54.048625510164996,0.02160666666666667,10.4853385866529,5.875370874023437,-0.82360537109375,8.645462194824217,26.84855700340122,100.96264733652342,66.14623330888251,43.876174666666664,10.2464725,26.7,157.81679389312978,-6.061068702290076,-2.5801526717557253
149.02,-0.6001506657684241,25.399849334231575,-54.048625510164996,0.02160666666666667,10.238424583648179,4.7572786987304685,-1.0941501586914062,8.999804040527343,26.84855700340122,100.96264733652342,66.14623330888251,43.876174666666664,10.2464725,26.7,164.35114503816794,-11.801526717557252,-10.259541984732824
149.04,-0.6001506657684241,25.399849334231575,0.0,0.02160666666666667,10.733996425704833,5.463568188476562,-0.6344634399414062,9.217676391601563,26.84855700340122,100.96264733652342,66.14623330888251,43.876174666666664,10.2464725,26.7,153.16030534351145,-18.30534351145038,-20.50381679389313
149.05,-0.6001506657684241,25.399849334231575,0.0,0.02160666666666667,10.0083087796351,4.953603234863281,-0.469263525390625,8.683769421386717,26.84855700340122,100.96264733652342,66.14623330888251,43.876174666666664,10.2464725,26.7,141.2824427480916,-23.083969465648856,-29.221374045801525
149.05,-0.642731727662551,25.35726827233745,0.0,0.02160666666666667,10.0083087796351,4.953603234863281,-0.469263525390625,8.683769421386717,26.843522783135995,100.96315695740458,66.13141955411915,43.876174666666664,10.2464725,26.7,141.2824427480916,-23.083969465648856,-29.221374045801525
149.06,-0.642731727662551,25.35726827233745,0.0,0.02160666666666667,9.958639714695945,5.367800122070312,-0.14604630126953125,8.386888415527343,26.843522783135995,100.96315695740458,66.13141955411915,43.876174666666664,10.2464725,26.7,134.18320610687022,-24.793893129770993,-34.06106870229008
149.06,-0.642731727662551,25.35726827233745,0.0,0.02160666666666667,9.958639714695945,5.367800122070312,-0.14604630126953125,8.386888415527343,26.843522783135995,100.96315695740458,66.13141955411915,43.876174666666664,10.2464725,26.7,134.18320610687022,-24.793893129770993,-34.06106870229008
149.07,-0.642731727662551,25.35726827233745,0.0,0.02160666666666667,8.518882402655485,5.140350964355468,-0.11013327636718749,6.792350109863281,26.843522783135995,100.96315695740458,66.13141955411915,43.876174666666664,10.2464725,26.7,140.0763358778626,-24.015267175572518,-35.267175572519086
149.08,-0.5714883737631604,25.42851162623684,7.124335389925293,0.02160666666666667,8.518882402655485,5.140350964355468,-0.11013327636718749,6.792350109863281,26.838488563150168,100.96230430016126,66.12360849094384,43.876174666666664,10.2464725,26.7,140.0763358778626,-24.015267175572518,-35.267175572519086
149.08,-0.5714883737631604,25.42851162623684,7.124335389925293,0.02160666666666667,7.610046337031774,5.248090039062499,-0.143652099609375,5.5090580200195305,26.838488563150168,100.96230430016126,66.12360849094384,43.876174666666664,10.2464725,26.7,172.68702290076337,-23.358778625954198,-36.83969465648855
149.1,-0.5714883737631604,25.42851162623684,0.0,0.02160666666666667,6.860034118558819,4.170699291992188,-0.5793968017578125,5.415684155273437,26.838488563150168,100.96230430016126,66.12360849094384,43.876174666666664,10.2464725,26.7,232.5801526717557,-23.52671755725191,-39.587786259541986
149.11,-0.5714883737631604,25.42851162623684,0.0,0.02160666666666667,7.042047561287969,3.2920272827148436,-0.6919242797851562,6.186617089843749,26.838488563150168,100.96230430016126,66.12360849094384,43.876174666666664,10.2464725,26.7,309.0534351145038,-23.51145038167939,-44.213740458015266
149.12,-0.5714883737631604,25.42851162623684,0.0,0.02160666666666667,8.441632176609215,3.4811692138671875,-1.0845733520507812,7.613561279296874,26.838488563150168,100.96230430016126,66.12360849094384,43.876174666666664,10.2464725,26.7,379.2671755725191,-25.068702290076335,-52.99236641221374
149.13,-0.5714883737631604,25.42851162623684,0.0,0.02160666666666667,8.918148262816942,2.3439234252929686,-1.4987702392578124,8.473079675292968,26.838488563150168,100.96230430016126,66.12360849094384,43.876174666666664,10.2464725,26.7,414.48854961832063,-25.541984732824428,-66.70229007633588
149.14,-0.5714883737631604,25.42851162623684,0.0,0.02160666666666667,7.437401232836781,1.3192051147460937,-1.7645266235351562,7.1035963256835934,26.838488563150168,100.96230430016126,66.12360849094384,43.876174666666664,10.2464725,26.7,432.12213740458014,-20.27480916030534,-80.42748091603053
149.16,-0.5714883737631604,25.42851162623684,0.0,0.02160666666666667,4.884407867089185,-4.359841223144531,-1.2713210815429687,-1.7980454467773437,26.838488563150168,100.96230430016126,66.12360849094384,43.876174666666664,10.2464725,26.7,361.51145038167937,-16.732824427480917,-59.25190839694657
149.16,-0.5714883737631604,25.42851162623684,0.0,0.02160666666666667,4.884407867089185,-4.359841223144531,-1.2713210815429687,-1.7980454467773437,26.838488563150168,100.96230430016126,66.12360849094384,43.876174666666664,10.2464725,26.7,361.51145038167937,-16.732824427480917,-59.25190839694657
149.17,-0.5714883737631604,25.42851162623684,0.0,0.02160666666666667,20.186773883884076,-3.438073583984375,-3.3207577026367185,19.61270144958496,26.838488563150168,100.96230430016126,66.12360849094384,43.876174666666664,10.2464725,26.7,80.82442748091603,-7.312977099236641,-28.076335877862597
149.18,-0.5714883737631604,25.42851162623684,0.0,0.02160666666666667,8.906180776283119,2.4899697265625,-1.618480322265625,8.396465222167969,26.838488563150168,100.96230430016126,66.12360849094384,43.876174666666664,10.2464725,26.7,-40.961832061068705,2.7022900763358777,-12.412213740458014
149.19,-0.5714883737631604,25.42851162623684,0.0,0.02160666666666667,8.74591150485476,-0.2705447875976562,-0.36631285400390623,8.734047656249999,26.838488563150168,100.96230430016126,66.12360849094384,43.876174666666664,10.2464725,26.7,6.824427480916031,-2.4122137404580153,-3.3740458015267176
149.2,-0.5714883737631604,25.42851162623684,0.0,0.02160666666666667,11.657532117788666,0.7709329345703124,-0.36631285400390623,11.626243261718749,26.838488563150168,100.96230430016126,66.12360849094384,43.876174666666664,10.2464725,26.7,9.145038167938932,-2.8396946564885495,-0.4732824427480916
149.22,-0.5714883737631604,25.42851162623684,0.0,0.02160666666666667,9.098537748780863,0.8571241943359375,-0.3184288208007812,9.052476477050782,26.838488563150168,100.96230430016126,66.12360849094384,43.876174666666664,10.2464725,26.7,-6.519083969465649,-0.3511450381679389,0.04580152671755725
149.23,-0.5714883737631604,25.42851162623684,0.0,0.02160666666666667,10.066370413566359,1.180341418457031,-0.15083470458984374,9.995791931152343,26.838488563150168,100.96230430016126,66.12360849094384,43.876174666666664,10.2464725,26.7,-5.435114503816794,-0.5648854961832062,0.2748091603053435
149.24,-0.5714883737631604,25.42851162623684,0.0,0.02160666666666667,9.890564130454301,0.5099649536132812,-0.5123591552734374,9.86411083984375,26.838488563150168,100.96230430016126,66.12360849094384,43.876174666666664,10.2464725,26.7,2.0,-1.6793893129770991,0.44274809160305345
149.25,-0.5714883737631604,25.42851162623684,0.0,0.02160666666666667,10.164916641958575,0.8810662109374999,-0.3591302490234375,10.120290417480469,26.838488563150168,100.96230430016126,66.12360849094384,43.876174666666664,10.2464725,26.7,3.9389312977099236,-1.9389312977099236,0.42748091603053434
149.26,-0.5714883737631604,25.42851162623684,0.0,0.02160666666666667,10.164916641958575,0.8810662109374999,-0.3591302490234375,10.120290417480469,26.838488563150168,100.96230430016126,66.12360849094384,43.876174666666664,10.2464725,26.7,3.9389312977099236,-1.9389312977099236,0.42748091603053434
149.26,-0.5714883737631604,25.42851162623684,0.0,0.02160666666666667,10.136312146127949,0.6631938598632812,-0.28012159423828126,10.110713610839843,26.838488563150168,100.96230430016126,66.12360849094384,43.876174666666664,10.2464725,26.7,1.7404580152671756,-1.618320610687023,0.4122137404580153
149.28,-0.5714883737631604,25.42851162623684,0.0,0.02160666666666667,9.55411714741632,0.7733271362304687,-0.3327940307617187,9.516951599121093,26.838488563150168,100.96230430016126,66.12360849094384,43.876174666666664,10.2464725,26.7,2.595419847328244,-1.7557251908396947,0.5038167938931297
149.28,-0.6140672131921021,25.3859327868079,0.0,0.02160666666666667,9.55411714741632,0.7733271362304687,-0.3327940307617187,9.516951599121093,26.833454343443737,100.96281389304144,66.13680278052439,43.876174666666664,10.2464725,26.7,2.595419847328244,-1.7557251908396947,0.5038167938931297
149.28,-0.6140672131921021,25.3859327868079,0.0,0.02160666666666667,9.55411714741632,0.7733271362304687,-0.3327940307617187,9.516951599121093,26.833454343443737,100.96281389304144,66.13680278052439,43.876174666666664,10.2464725,26.7,2.595419847328244,-1.7557251908396947,0.5038167938931297
149.29,-0.6140672131921021,25.3859327868079,0.0,0.02160666666666667,10.656627090826229,0.7924807495117187,-0.488417138671875,10.615890161132812,26.833454343443737,100.96281389304144,66.13680278052439,43.876174666666664,10.2464725,26.7,0.3969465648854962,-1.3893129770992367,0.5343511450381679
149.3,-0.6140672131921021,25.3859327868079,0.0,0.02160666666666667,9.400038503386137,0.6847416748046875,-0.181959326171875,9.373299499511718,26.833454343443737,100.96281389304144,66.13680278052439,43.876174666666664,10.2464725,26.7,1.3587786259541985,-1.6793893129770991,0.5343511450381679
149.31,0.5053108299747688,26.505310829974768,111.9378043167889,0.02160666666666667,9.400038503386137,0.6847416748046875,-0.181959326171875,9.373299499511718,27.462733972072602,100.9494176236452,66.25930686505906,43.876174666666664,10.2464725,26.7,1.3587786259541985,-1.6793893129770991,0.5343511450381679
149.31,0.5053108299747688,26.505310829974768,111.9378043167889,0.02160666666666667,10.341998435250593,0.9121908325195311,-0.430956298828125,10.292672937011718,27.462733972072602,100.9494176236452,66.25930686505906,43.876174666666664,10.2464725,26.7,-1.3129770992366412,-1.2061068702290076,0.5190839694656488
149.32,0.5053108299747688,26.505310829974768,0.0,0.02160666666666667,9.844171452222636,0.6536170532226562,-0.3495534423828125,9.816226806640625,27.462733972072602,100.9494176236452,66.25930686505906,43.876174666666664,10.2464725,26.7,0.183206106870229,-1.5114503816793894,0.3969465648854962
149.34,0.5053108299747688,26.505310829974768,0.0,0.02160666666666667,10.12838113696235,0.9504980590820312,-0.28730419921875,10.079588989257813,27.462733972072602,100.9494176236452,66.25930686505906,43.876174666666664,10.2464725,26.7,-1.6793893129770991,-1.1755725190839694,0.3969465648854962
149.35,0.5053108299747688,26.505310829974768,0.0,0.02160666666666667,10.088229718483296,0.6368576416015624,-0.45010991210937495,10.058041174316406,27.462733972072602,100.9494176236452,66.25930686505906,43.876174666666664,10.2464725,26.7,-0.2595419847328244,-1.4198473282442747,0.3969465648854962
149.36,0.5053108299747688,26.505310829974768,0.0,0.02160666666666667,9.801286714107444,0.9074024291992187,-0.2346317626953125,9.756371765136718,27.462733972072602,100.9494176236452,66.25930686505906,43.876174666666664,10.2464725,26.7,-0.6412213740458015,-1.3129770992366412,0.366412213740458
149.36,-0.1214984975793576,25.878501502420644,0.0,0.02160666666666667,9.801286714107444,0.9074024291992187,-0.2346317626953125,9.756371765136718,27.402322938293217,100.956918850031,66.24252708913085,43.876174666666664,10.2464725,26.7,-0.6412213740458015,-1.3129770992366412,0.366412213740458
149.36,-0.1214984975793576,25.878501502420644,0.0,0.02160666666666667,9.801286714107444,0.9074024291992187,-0.2346317626953125,9.756371765136718,27.402322938293217,100.956918850031,66.24252708913085,43.876174666666664,10.2464725,26.7,-0.6412213740458015,-1.3129770992366412,0.366412213740458
149.37,-0.1214984975793576,25.878501502420644,0.0,0.02160666666666667,10.39206919381325,0.6631938598632812,-0.36391865234375,10.364498986816406,27.402322938293217,100.956918850031,66.24252708913085,43.876174666666664,10.2464725,26.7,-0.7175572519083969,-1.3587786259541985,0.3511450381679389
149.38,-0.1214984975793576,25.878501502420644,0.0,0.02160666666666667,9.43004460454015,0.7805097412109374,-0.3136404174804687,9.392453112792968,27.402322938293217,100.956918850031,66.24252708913085,43.876174666666664,10.2464725,26.7,-0.5648854961832062,-1.4961832061068703,0.3511450381679389
149.39,0.40537630918439094,26.40537630918439,52.68748067642277,0.02160666666666667,9.43004460454015,0.7805097412109374,-0.3136404174804687,9.392453112792968,27.357014689361677,100.95061354156817,66.22118618210348,43.876174666666664,10.2464725,26.7,-0.5648854961832062,-1.4961832061068703,0.3511450381679389
149.4,0.40537630918439094,26.40537630918439,0.0,0.02160666666666667,10.401302909791758,0.7781155395507812,-0.33039982910156246,10.366893188476562,27.357014689361677,100.95061354156817,66.22118618210348,43.876174666666664,10.2464725,26.7,-1.3282442748091603,-1.2671755725190839,0.33587786259541985
149.41,0.40537630918439094,26.40537630918439,0.0,0.02160666666666667,9.664330754733966,0.7326257080078125,-0.29927520751953124,9.631873278808593,27.357014689361677,100.95061354156817,66.22118618210348,43.876174666666664,10.2464725,26.7,-0.6259541984732825,-1.3129770992366412,0.3969465648854962
149.42,0.40537630918439094,26.40537630918439,0.0,0.02160666666666667,10.230029788822938,0.8547299926757812,-0.3758896606445312,10.187328063964843,27.357014689361677,100.95061354156817,66.22118618210348,43.876174666666664,10.2464725,26.7,-1.2366412213740459,-1.1755725190839694,0.33587786259541985
149.42,-0.3919944266574449,25.608005573342556,0.0,0.02160666666666667,10.230029788822938,0.8547299926757812,-0.3758896606445312,10.187328063964843,27.316740709310398,100.96015610016667,66.21468021532364,43.876174666666664,10.2464725,26.7,-1.2366412213740459,-1.1755725190839694,0.33587786259541985
149.43,-0.3919944266574449,25.608005573342556,0.0,0.02160666666666667,9.911708605671068,0.7302315063476562,-0.277727392578125,9.880870251464843,27.316740709310398,100.96015610016667,66.21468021532364,43.876174666666664,10.2464725,26.7,-0.3816793893129771,-1.4198473282442747,0.33587786259541985
149.44,-0.3919944266574449,25.608005573342556,0.0,0.02160666666666667,9.976271165720306,0.8690952026367187,-0.30885201416015623,9.93354268798828,27.316740709310398,100.96015610016667,66.21468021532364,43.876174666666664,10.2464725,26.7,-1.3282442748091603,-1.1755725190839694,0.2900763358778626
149.45,-0.021639592769513438,25.978360407230486,37.035483388826826,0.02160666666666667,9.976271165720306,0.8690952026367187,-0.30885201416015623,9.93354268798828,27.26639825939201,100.95572377656545,66.19954393736501,43.876174666666664,10.2464725,26.7,-1.3282442748091603,-1.1755725190839694,0.2900763358778626
149.46,-0.021639592769513438,25.978360407230486,0.0,0.02160666666666667,10.129827895986281,0.6440402465820312,-0.4070142822265625,10.101136804199218,27.26639825939201,100.95572377656545,66.19954393736501,43.876174666666664,10.2464725,26.7,-0.33587786259541985,-1.3893129770992367,0.32061068702290074
149.46,-0.021639592769513438,25.978360407230486,0.0,0.02160666666666667,10.129827895986281,0.6440402465820312,-0.4070142822265625,10.101136804199218,27.26639825939201,100.95572377656545,66.19954393736501,43.876174666666664,10.2464725,26.7,-0.33587786259541985,-1.3893129770992367,0.32061068702290074
149.47,-0.021639592769513438,25.978360407230486,0.0,0.02160666666666667,9.721437895809322,0.833182177734375,-0.2609679809570312,9.682151513671874,27.26639825939201,100.95572377656545,66.19954393736501,43.876174666666664,10.2464725,26.7,-1.2213740458015268,-1.2671755725190839,0.44274809160305345
149.48,-0.021639592769513438,25.978360407230486,0.0,0.02160666666666667,10.396465845822167,0.7015010864257812,-0.41419688720703124,10.364498986816406,27.26639825939201,100.95572377656545,66.19954393736501,43.876174666666664,10.2464725,26.7,-0.7175572519083969,-1.251908396946565,0.4732824427480916
149.48,-0.24924717611299885,25.750752823887,0.0,0.02160666666666667,10.396465845822167,0.7015010864257812,-0.41419688720703124,10.364498986816406,27.226124319573863,100.95844771442151,66.19304406724271,43.876174666666664,10.2464725,26.7,-0.7175572519083969,-1.251908396946565,0.4732824427480916
149.49,-0.24924717611299885,25.750752823887,0.0,0.02160666666666667,9.6536081389426,0.8690952026367187,-0.28012159423828126,9.610325463867188,27.226124319573863,100.95844771442151,66.19304406724271,43.876174666666664,10.2464725,26.7,-1.282442748091603,-1.2671755725190839,0.44274809160305345
149.5,-0.24924717611299885,25.750752823887,0.0,0.02160666666666667,10.429490618379251,0.7541735229492187,-0.29448680419921874,10.398017810058594,27.226124319573863,100.95844771442151,66.19304406724271,43.876174666666664,10.2464725,26.7,-1.2671755725190839,-1.1908396946564885,0.44274809160305345
149.51,-0.36287543083314056,25.637124569166858,-11.362825472024506,0.02160666666666667,10.429490618379251,0.7541735229492187,-0.29448680419921874,10.398017810058594,27.185850397637115,100.9598076048474,66.16552915075273,43.876174666666664,10.2464725,26.7,-1.2671755725190839,-1.1908396946564885,0.44274809160305345
149.52,-0.36287543083314056,25.637124569166858,0.0,0.02160666666666667,9.774217070466639,0.7733271362304687,-0.35194764404296874,9.737218151855469,27.185850397637115,100.9598076048474,66.16552915075273,43.876174666666664,10.2464725,26.7,-0.7786259541984732,-1.3740458015267176,0.366412213740458
149.53,-0.36287543083314056,25.637124569166858,0.0,0.02160666666666667,10.09334796415601,0.7781155395507812,-0.39264907226562495,10.05564697265625,27.185850397637115,100.9598076048474,66.16552915075273,43.876174666666664,10.2464725,26.7,-1.1450381679389312,-1.2213740458015268,0.3969465648854962
149.54,-0.36287543083314056,25.637124569166858,0.0,0.02160666666666667,9.914677288225516,0.7613561279296874,-0.29927520751953124,9.880870251464843,27.185850397637115,100.9598076048474,66.16552915075273,43.876174666666664,10.2464725,26.7,-0.4122137404580153,-1.2671755725190839,0.42748091603053434
149.54,-0.6900841331248753,25.309915866875123,0.0,0.02160666666666667,9.914677288225516,0.7613561279296874,-0.29927520751953124,9.880870251464843,27.16067920550704,100.96372368537418,66.17548132693733,43.876174666666664,10.2464725,26.7,-0.4122137404580153,-1.2671755725190839,0.42748091603053434
149.55,-0.6900841331248753,25.309915866875123,0.0,0.02160666666666667,9.89076262867116,0.86191259765625,-0.33758243408203126,9.847351428222655,27.16067920550704,100.96372368537418,66.17548132693733,43.876174666666664,10.2464725,26.7,-1.2671755725190839,-1.1145038167938932,0.3816793893129771
149.56,-0.6900841331248753,25.309915866875123,0.0,0.02160666666666667,9.89076262867116,0.86191259765625,-0.33758243408203126,9.847351428222655,27.16067920550704,100.96372368537418,66.17548132693733,43.876174666666664,10.2464725,26.7,-1.2671755725190839,-1.1145038167938932,0.3816793893129771
149.56,-0.6900841331248753,25.309915866875123,0.0,0.02160666666666667,10.202996769118267,0.7134720947265625,-0.32082302246093747,10.172962854003906,27.16067920550704,100.96372368537418,66.17548132693733,43.876174666666664,10.2464725,26.7,-0.7938931297709924,-1.282442748091603,0.4580152671755725
149.57,0.1500894655459417,26.150089465545943,84.0173598671581,0.02160666666666667,10.202996769118267,0.7134720947265625,-0.32082302246093747,10.172962854003906,27.1254395482596,100.95366861517263,66.17680527581797,43.876174666666664,10.2464725,26.7,-0.7938931297709924,-1.282442748091603,0.4580152671755725
149.58,0.1500894655459417,26.150089465545943,0.0,0.02160666666666667,9.786645377360596,0.7445967163085937,-0.28969840087890625,9.753977563476562,27.1254395482596,100.95366861517263,66.17680527581797,43.876174666666664,10.2464725,26.7,-0.5801526717557252,-1.4351145038167938,0.42748091603053434
149.59,0.1500894655459417,26.150089465545943,0.0,0.02160666666666667,10.306605179460144,0.7613561279296874,-0.38786066894531246,10.271125122070313,27.1254395482596,100.95366861517263,66.17680527581797,43.876174666666664,10.2464725,26.7,-1.0076335877862594,-1.2061068702290076,0.4580152671755725
149.6,0.1500894655459417,26.150089465545943,0.0,0.02160666666666667,9.70329408394639,0.6512228515624999,-0.28012159423828126,9.677363110351562,27.1254395482596,100.95366861517263,66.17680527581797,43.876174666666664,10.2464725,26.7,-1.4198473282442747,-1.1755725190839694,0.3816793893129771
149.6,-0.10584446928641578,25.894155530713583,0.0,0.02160666666666667,9.70329408394639,0.6512228515624999,-0.28012159423828126,9.677363110351562,27.09523413865827,100.95673150780566,66.17193667295352,43.876174666666664,10.2464725,26.7,-1.4198473282442747,-1.1755725190839694,0.3816793893129771
149.61,-0.10584446928641578,25.894155530713583,0.0,0.02160666666666667,10.202946205599225,0.8595183959960937,-0.3399766357421875,10.160991845703125,27.09523413865827,100.95673150780566,66.17193667295352,43.876174666666664,10.2464725,26.7,-1.2671755725190839,-1.1603053435114503,0.3969465648854962
149.62,-0.10584446928641578,25.894155530713583,0.0,0.02160666666666667,9.90222703783547,0.7326257080078125,-0.3495534423828125,9.868899243164062,27.09523413865827,100.95673150780566,66.17193667295352,43.876174666666664,10.2464725,26.7,-0.2900763358778626,-1.3435114503816794,0.2748091603053435
149.63,-0.5894424100109563,25.410557589989043,-48.35979407249804,0.02160666666666667,9.90222703783547,0.7326257080078125,-0.3495534423828125,9.868899243164062,27.065028739115224,100.96251917774724,66.14605648869542,43.876174666666664,10.2464725,26.7,-0.2900763358778626,-1.3435114503816794,0.2748091603053435
149.64,-0.5894424100109563,25.410557589989043,0.0,0.02160666666666667,10.11456469036706,0.8667010009765624,-0.316034619140625,10.072406384277343,27.065028739115224,100.96251917774724,66.14605648869542,43.876174666666664,10.2464725,26.7,-0.8244274809160306,-1.4045801526717556,0.3816793893129771
149.65,-0.5894424100109563,25.410557589989043,0.0,0.02160666666666667,10.02510158589961,0.6727706665039062,-0.36631285400390623,9.995791931152343,27.065028739115224,100.96251917774724,66.14605648869542,43.876174666666664,10.2464725,26.7,-0.22900763358778625,-1.4809160305343512,0.3816793893129771
149.66,-0.5894424100109563,25.410557589989043,0.0,0.02160666666666667,9.87054083661628,0.9050082275390624,-0.33039982910156246,9.823409411621093,27.065028739115224,100.96251917774724,66.14605648869542,43.876174666666664,10.2464725,26.7,-1.8473282442748091,-1.1450381679389312,0.366412213740458
149.66,0.037054824464267666,26.037054824464267,0.0,0.02160666666666667,9.87054083661628,0.9050082275390624,-0.33039982910156246,9.823409411621093,27.04489181167446,100.9550213494059,66.14981707193418,43.876174666666664,10.2464725,26.7,-1.8473282442748091,-1.1450381679389312,0.366412213740458
149.66,0.037054824464267666,26.037054824464267,0.0,0.02160666666666667,9.87054083661628,0.9050082275390624,-0.33039982910156246,9.823409411621093,27.04489181167446,100.9550213494059,66.14981707193418,43.876174666666664,10.2464725,26.7,-1.8473282442748091,-1.1450381679389312,0.366412213740458
149.67,0.037054824464267666,26.037054824464267,0.0,0.02160666666666667,10.193611257368753,0.6703764648437499,-0.34237083740234375,10.165780249023436,27.04489181167446,100.9550213494059,66.14981707193418,43.876174666666664,10.2464725,26.7,-0.6564885496183206,-1.2671755725190839,0.366412213740458
149.68,0.037054824464267666,26.037054824464267,0.0,0.02160666666666667,9.853307771995015,0.8092401611328125,-0.27293898925781246,9.816226806640625,27.04489181167446,100.9550213494059,66.14981707193418,43.876174666666664,10.2464725,26.7,-0.916030534351145,-1.282442748091603,0.3969465648854962
149.69,0.1654635768460344,26.165463576846033,12.840875238188353,0.02160666666666667,9.853307771995015,0.8092401611328125,-0.27293898925781246,9.816226806640625,27.019720658659935,100.95348462769502,66.14576355298227,43.876174666666664,10.2464725,26.7,-0.916030534351145,-1.282442748091603,0.3969465648854962
149.7,0.1654635768460344,26.165463576846033,0.0,0.02160666666666667,10.270279582484973,0.7062894897460937,-0.3495534423828125,10.24000050048828,27.019720658659935,100.95348462769502,66.14576355298227,43.876174666666664,10.2464725,26.7,-0.5038167938931297,-1.2213740458015268,0.4122137404580153
149.71,0.1654635768460344,26.165463576846033,0.0,0.02160666666666667,9.699427754117627,0.8188169677734375,-0.28490999755859375,9.660603698730467,27.019720658659935,100.95348462769502,66.14576355298227,43.876174666666664,10.2464725,26.7,-0.4122137404580153,-1.297709923664122,0.3969465648854962
149.72,0.1654635768460344,26.165463576846033,0.0,0.02160666666666667,10.285614611301417,0.7254431030273437,-0.3399766357421875,10.254365710449218,27.019720658659935,100.95348462769502,66.14576355298227,43.876174666666664,10.2464725,26.7,-0.5648854961832062,-1.282442748091603,0.3969465648854962
149.72,-0.005059462340124554,25.994940537659875,0.0,0.02160666666666667,10.285614611301417,0.7254431030273437,-0.3399766357421875,10.254365710449218,26.999583741277455,100.95552535296727,66.1285151097787,43.876174666666664,10.2464725,26.7,-0.5648854961832062,-1.282442748091603,0.3969465648854962
149.73,-0.005059462340124554,25.994940537659875,0.0,0.02160666666666667,9.883118874384051,0.7972691528320313,-0.34237083740234375,9.8449572265625,26.999583741277455,100.95552535296727,66.1285151097787,43.876174666666664,10.2464725,26.7,-0.9618320610687023,-1.3587786259541985,0.4122137404580153
149.74,-0.005059462340124554,25.994940537659875,0.0,0.02160666666666667,10.118321679058162,0.7924807495117187,-0.32561142578124996,10.081983190917969,26.999583741277455,100.95552535296727,66.1285151097787,43.876174666666664,10.2464725,26.7,-1.2213740458015268,-1.3282442748091603,0.4122137404580153
149.76,-0.005059462340124554,25.994940537659875,0.0,0.02160666666666667,9.991914579568839,0.7661445312499999,-0.316034619140625,9.957484704589843,26.999583741277455,100.95552535296727,66.1285151097787,43.876174666666664,10.2464725,26.7,-0.6870229007633588,-1.3435114503816794,0.3511450381679389
149.76,-0.005059462340124554,25.994940537659875,0.0,0.02160666666666667,9.991914579568839,0.7661445312499999,-0.316034619140625,9.957484704589843,26.999583741277455,100.95552535296727,66.1285151097787,43.876174666666664,10.2464725,26.7,-0.6870229007633588,-1.3435114503816794,0.3511450381679389
149.77,-0.005059462340124554,25.994940537659875,0.0,0.02160666666666667,9.888896298297485,0.8116343627929687,-0.258573779296875,9.852139831542969,26.999583741277455,100.95552535296727,66.1285151097787,43.876174666666664,10.2464725,26.7,-0.9312977099236641,-1.2671755725190839,0.42748091603053434
149.77,-0.06170148120229646,25.938298518797705,0.0,0.02160666666666667,9.888896298297485,0.8116343627929687,-0.258573779296875,9.852139831542969,26.979446828365326,100.95620322066246,66.13227692321884,43.876174666666664,10.2464725,26.7,-0.9312977099236641,-1.2671755725190839,0.42748091603053434
149.78,-0.06170148120229646,25.938298518797705,0.0,0.02160666666666667,10.084682631617511,0.70868369140625,-0.36152445068359373,10.053252770996092,26.979446828365326,100.95620322066246,66.13227692321884,43.876174666666664,10.2464725,26.7,-0.366412213740458,-1.465648854961832,0.3969465648854962
149.79,-0.06170148120229646,25.938298518797705,0.0,0.02160666666666667,9.842642229503577,0.8355763793945312,-0.32082302246093747,9.801861596679688,26.979446828365326,100.95620322066246,66.13227692321884,43.876174666666664,10.2464725,26.7,-0.9618320610687023,-1.4351145038167938,0.3511450381679389
149.8,-0.16093931110479298,25.839060688895206,-9.923782990230473,0.02160666666666667,9.842642229503577,0.8355763793945312,-0.32082302246093747,9.801861596679688,26.95427569351159,100.95739086587078,66.11422151653257,43.876174666666664,10.2464725,26.7,-0.9618320610687023,-1.4351145038167938,0.3511450381679389
149.8,-0.16093931110479298,25.839060688895206,-9.923782990230473,0.02160666666666667,10.151195379977063,0.7445967163085937,-0.34715924072265625,10.117896215820313,26.95427569351159,100.95739086587078,66.11422151653257,43.876174666666664,10.2464725,26.7,-0.7633587786259542,-1.297709923664122,0.3969465648854962
149.82,-0.16093931110479298,25.839060688895206,0.0,0.02160666666666667,9.808738274368347,0.74699091796875,-0.30406361083984373,9.775525378417969,26.95427569351159,100.95739086587078,66.11422151653257,43.876174666666664,10.2464725,26.7,-0.6412213740458015,-1.3129770992366412,0.4732824427480916
149.83,-0.16093931110479298,25.839060688895206,0.0,0.02160666666666667,10.150875764694806,0.7733271362304687,-0.3447650390625,10.115502014160155,26.95427569351159,100.95739086587078,66.11422151653257,43.876174666666664,10.2464725,26.7,-0.732824427480916,-1.3129770992366412,0.3816793893129771
149.83,0.4229304073463136,26.422930407346314,0.0,0.02160666666666667,10.150875764694806,0.7733271362304687,-0.3447650390625,10.115502014160155,26.929104565642774,100.95040347057919,66.11017245353433,43.876174666666664,10.2464725,26.7,-0.732824427480916,-1.3129770992366412,0.3816793893129771
149.84,0.4229304073463136,26.422930407346314,0.0,0.02160666666666667,9.963620869996843,0.7685387329101562,-0.32082302246093747,9.928754284667969,26.929104565642774,100.95040347057919,66.11017245353433,43.876174666666664,10.2464725,26.7,-0.22900763358778625,-1.297709923664122,0.33587786259541985
149.85,0.4229304073463136,26.422930407346314,0.0,0.02160666666666667,10.097912147096872,0.8259995727539062,-0.2705447875976562,10.060435375976562,26.929104565642774,100.95040347057919,66.11017245353433,43.876174666666664,10.2464725,26.7,-1.0687022900763359,-1.297709923664122,0.3511450381679389
149.86,-0.23151372510118673,25.768486274898812,-65.44441324462355,0.02160666666666667,10.097912147096872,0.8259995727539062,-0.2705447875976562,10.060435375976562,26.919036116451025,100.95823548377285,66.12255695556556,43.876174666666664,10.2464725,26.7,-1.0687022900763359,-1.297709923664122,0.3511450381679389
149.86,-0.23151372510118673,25.768486274898812,-65.44441324462355,0.02160666666666667,10.097912147096872,0.8259995727539062,-0.2705447875976562,10.060435375976562,26.919036116451025,100.95823548377285,66.12255695556556,43.876174666666664,10.2464725,26.7,-1.0687022900763359,-1.297709923664122,0.3511450381679389
149.86,-0.23151372510118673,25.768486274898812,-65.44441324462355,0.02160666666666667,10.020616073549274,0.7422025146484375,-0.29927520751953124,9.988609326171874,26.919036116451025,100.95823548377285,66.12255695556556,43.876174666666664,10.2464725,26.7,-0.16793893129770993,-1.4045801526717556,0.42748091603053434
149.88,-0.23151372510118673,25.768486274898812,0.0,0.02160666666666667,9.97773595901832,0.8355763793945312,-0.36631285400390623,9.935936889648437,26.919036116451025,100.95823548377285,66.12255695556556,43.876174666666664,10.2464725,26.7,-1.1297709923664123,-1.2061068702290076,0.3511450381679389
149.89,-0.23151372510118673,25.768486274898812,0.0,0.00926,9.97773595901832,0.8355763793945312,-0.36631285400390623,9.935936889648437,26.919036116451025,100.95823548377285,66.12255695556556,43.87617433333333,10.2464715,26.8,-1.1297709923664123,-1.2061068702290076,0.3511450381679389
149.89,-0.23151372510118673,25.768486274898812,0.0,0.00926,10.158612597212258,0.7637503295898437,-0.3112462158203125,10.12507882080078,26.919036116451025,100.95823548377285,66.12255695556556,43.87617433333333,10.2464715,26.8,-0.6564885496183206,-1.2213740458015268,0.32061068702290074
149.89,-0.1602768257471876,25.83972317425281,0.0,0.00926,10.158612597212258,0.7637503295898437,-0.3112462158203125,10.12507882080078,26.914001892274246,100.9573829374297,66.10074196202294,43.87617433333333,10.2464715,26.8,-0.6564885496183206,-1.2213740458015268,0.32061068702290074
149.9,-0.1602768257471876,25.83972317425281,0.0,0.00926,9.878142968146395,0.8092401611328125,-0.3064578125,9.840168823242188,26.914001892274246,100.9573829374297,66.10074196202294,43.87617433333333,10.2464715,26.8,-1.0076335877862594,-1.3740458015267176,0.33587786259541985
149.91,-0.1602768257471876,25.83972317425281,0.0,0.00926,10.126110273447582,0.7613561279296874,-0.3447650390625,10.091559997558592,26.914001892274246,100.9573829374297,66.10074196202294,43.87617433333333,10.2464715,26.8,-0.732824427480916,-1.2671755725190839,0.3816793893129771
149.92,0.01083425773438118,26.01083425773438,17.11110834817244,0.00926,10.126110273447582,0.7613561279296874,-0.3447650390625,10.091559997558592,26.893864998361096,100.95533514431813,66.10450540425799,43.87617433333333,10.2464715,26.8,-0.732824427480916,-1.2671755725190839,0.3816793893129771
149.92,0.01083425773438118,26.01083425773438,17.11110834817244,0.00926,9.921808266051045,0.8403647827148437,-0.3232172241210937,9.880870251464843,26.893864998361096,100.95533514431813,66.10450540425799,43.87617433333333,10.2464715,26.8,-0.9770992366412213,-1.3435114503816794,0.4122137404580153
149.94,0.01083425773438118,26.01083425773438,0.0,0.00926,10.083430922292658,0.7445967163085937,-0.3184288208007812,10.050858569335936,26.893864998361096,100.95533514431813,66.10450540425799,43.87617433333333,10.2464715,26.8,-1.0076335877862594,-1.282442748091603,0.44274809160305345
149.95,0.01083425773438118,26.01083425773438,0.0,0.00926,9.920049188023231,0.7541735229492187,-0.33518823242187495,9.885658654785155,26.893864998361096,100.95533514431813,66.10450540425799,43.87617433333333,10.2464715,26.8,-0.8702290076335878,-1.282442748091603,0.3511450381679389
149.95,-0.03176540928097271,25.968234590719028,0.0,0.00926,9.920049188023231,0.7541735229492187,-0.33518823242187495,9.885658654785155,26.8888307755813,100.95584495797173,66.10369598192896,43.87617433333333,10.2464715,26.8,-0.8702290076335878,-1.282442748091603,0.3511450381679389
149.96,-0.03176540928097271,25.968234590719028,0.0,0.00926,10.018727302725562,0.7876923461914062,-0.354341845703125,9.981426721191406,26.8888307755813,100.95584495797173,66.10369598192896,43.87617433333333,10.2464715,26.8,-0.9618320610687023,-1.2671755725190839,0.2900763358778626
149.96,-0.03176540928097271,25.968234590719028,0.0,0.00926,10.018727302725562,0.7876923461914062,-0.354341845703125,9.981426721191406,26.8888307755813,100.95584495797173,66.10369598192896,43.87617433333333,10.2464715,26.8,-0.9618320610687023,-1.2671755725190839,0.2900763358778626
149.97,-0.03176540928097271,25.968234590719028,0.0,0.00926,10.008694515473138,0.737414111328125,-0.3112462158203125,9.976638317871092,26.8888307755813,100.95584495797173,66.10369598192896,43.87617433333333,10.2464715,26.8,-0.4122137404580153,-1.282442748091603,0.3969465648854962
149.98,-0.11695942333719733,25.883040576662804,-8.51940140563021,0.00926,10.008694515473138,0.737414111328125,-0.3112462158203125,9.976638317871092,26.8787623308599,100.95686452786502,66.10207725440475,43.87617433333333,10.2464715,26.8,-0.4122137404580153,-1.282442748091603,0.3969465648854962
149.98,-0.11695942333719733,25.883040576662804,-8.51940140563021,0.00926,9.9641409394644,0.7829039428710937,-0.3016694091796875,9.928754284667969,26.8787623308599,100.95686452786502,66.10207725440475,43.87617433333333,10.2464715,26.8,-0.8396946564885496,-1.282442748091603,0.2595419847328244
150.0,-0.11695942333719733,25.883040576662804,0.0,0.00926,10.032167214889512,0.7709329345703124,-0.36631285400390623,9.995791931152343,26.8787623308599,100.95686452786502,66.10207725440475,43.87617433333333,10.2464715,26.8,-0.7480916030534351,-1.3740458015267176,0.3511450381679389
150.01,-0.11695942333719733,25.883040576662804,0.0,0.00926,9.95923544376824,0.8092401611328125,-0.3064578125,9.9215716796875,26.8787623308599,100.95686452786502,66.10207725440475,43.87617433333333,10.2464715,26.8,-0.732824427480916,-1.2061068702290076,0.22900763358778625
150.01,-0.5722899874730047,25.427710012526994,0.0,0.00926,9.95923544376824,0.8092401611328125,-0.3064578125,9.9215716796875,26.8787623308599,100.96231389403061,66.06007419249191,43.87617433333333,10.2464715,26.8,-0.732824427480916,-1.2061068702290076,0.22900763358778625
150.02,-0.5722899874730047,25.427710012526994,0.0,0.00926,10.093626240508906,0.7278373046875,-0.3016694091796875,10.062829577636718,26.8787623308599,100.96231389403061,66.06007419249191,43.87617433333333,10.2464715,26.8,-0.549618320610687,-1.251908396946565,0.3511450381679389
150.03,-0.5722899874730047,25.427710012526994,0.0,0.00926,9.90774859287268,0.7781155395507812,-0.3399766357421875,9.871293444824218,26.8787623308599,100.96231389403061,66.06007419249191,43.87617433333333,10.2464715,26.8,-0.8702290076335878,-1.3435114503816794,0.4732824427480916
150.04,-0.1309055296088668,25.869094470391133,44.138445786453936,0.00926,9.90774859287268,0.7781155395507812,-0.3399766357421875,9.871293444824218,26.863659665873275,100.95703143040966,66.08564790157358,43.87617433333333,10.2464715,26.8,-0.8702290076335878,-1.3435114503816794,0.4732824427480916
150.04,-0.1309055296088668,25.869094470391133,44.138445786453936,0.00926,10.105885502604714,0.7972691528320313,-0.296881005859375,10.070012182617187,26.863659665873275,100.95703143040966,66.08564790157358,43.87617433333333,10.2464715,26.8,-0.6412213740458015,-1.2671755725190839,0.44274809160305345
150.06,-0.1309055296088668,25.869094470391133,0.0,0.00926,9.953045605533628,0.7829039428710937,-0.3280056274414062,9.916783276367187,26.863659665873275,100.95703143040966,66.08564790157358,43.87617433333333,10.2464715,26.8,-0.7633587786259542,-1.3129770992366412,0.366412213740458
150.06,-0.1309055296088668,25.869094470391133,0.0,0.00926,9.953045605533628,0.7829039428710937,-0.3280056274414062,9.916783276367187,26.863659665873275,100.95703143040966,66.08564790157358,43.87617433333333,10.2464715,26.8,-0.7633587786259542,-1.3129770992366412,0.366412213740458
150.07,-0.1309055296088668,25.869094470391133,0.0,0.00926,10.005747139394666,0.7876923461914062,-0.3232172241210937,9.969455712890625,26.863659665873275,100.95703143040966,66.08564790157358,43.87617433333333,10.2464715,26.8,-0.8549618320610687,-1.2671755725190839,0.3969465648854962
150.07,0.011577012433441336,26.011577012433442,0.0,0.00926,10.005747139394666,0.7876923461914062,-0.3232172241210937,9.969455712890625,26.85359122394584,100.95532625538252,66.11203333339363,43.87617433333333,10.2464715,26.8,-0.8549618320610687,-1.2671755725190839,0.3969465648854962
150.08,0.011577012433441336,26.011577012433442,0.0,0.00926,9.980318573301153,0.7733271362304687,-0.37828386230468747,9.943119494628906,26.85359122394584,100.95532625538252,66.11203333339363,43.87617433333333,10.2464715,26.8,-0.44274809160305345,-1.251908396946565,0.3816793893129771
150.09,0.011577012433441336,26.011577012433442,0.0,0.00926,10.041557200572594,0.8475473876953125,-0.32082302246093747,10.000580334472655,26.85359122394584,100.95532625538252,66.11203333339363,43.87617433333333,10.2464715,26.8,-0.7938931297709924,-1.297709923664122,0.366412213740458
150.1,-0.18742879580710747,25.812571204192892,-19.900580824072982,0.00926,10.041557200572594,0.8475473876953125,-0.32082302246093747,10.000580334472655,26.843522783135995,100.95770788509057,66.10341380536322,43.87617433333333,10.2464715,26.8,-0.7938931297709924,-1.297709923664122,0.366412213740458
150.1,-0.18742879580710747,25.812571204192892,-19.900580824072982,0.00926,10.038770219915042,0.7829039428710937,-0.3232172241210937,10.002974536132811,26.843522783135995,100.95770788509057,66.10341380536322,43.87617433333333,10.2464715,26.8,-0.5801526717557252,-1.282442748091603,0.3816793893129771
150.12,-0.18742879580710747,25.812571204192892,0.0,0.00926,9.95710763515482,0.7445967163085937,-0.3232172241210937,9.923965881347655,26.843522783135995,100.95770788509057,66.10341380536322,43.87617433333333,10.2464715,26.8,-0.8244274809160306,-1.251908396946565,0.3816793893129771
150.13,-0.18742879580710747,25.812571204192892,0.0,0.00926,10.042845236194012,0.7493851196289062,-0.3064578125,10.01015714111328,26.843522783135995,100.95770788509057,66.10341380536322,43.87617433333333,10.2464715,26.8,-1.0229007633587786,-1.3587786259541985,0.366412213740458
150.14,-0.18742879580710747,25.812571204192892,0.0,0.00926,9.967867214078725,0.7685387329101562,-0.30406361083984373,9.93354268798828,26.843522783135995,100.95770788509057,66.10341380536322,43.87617433333333,10.2464715,26.8,-0.8854961832061069,-1.3129770992366412,0.3969465648854962
150.15,-0.18742879580710747,25.812571204192892,0.0,0.00926,10.118074108085452,0.7517793212890624,-0.3399766357421875,10.084377392578125,26.843522783135995,100.95770788509057,66.10341380536322,43.87617433333333,10.2464715,26.8,-0.7022900763358778,-1.251908396946565,0.32061068702290074
150.16,-0.18742879580710747,25.812571204192892,0.0,0.00926,10.118074108085452,0.7517793212890624,-0.3399766357421875,10.084377392578125,26.843522783135995,100.95770788509057,66.10341380536322,43.87617433333333,10.2464715,26.8,-0.7022900763358778,-1.251908396946565,0.32061068702290074
150.16,-0.18742879580710747,25.812571204192892,0.0,0.00926,10.040331515380657,0.7781155395507812,-0.30885201416015623,10.005368737792969,26.843522783135995,100.95770788509057,66.10341380536322,43.87617433333333,10.2464715,26.8,-0.7938931297709924,-1.2671755725190839,0.3053435114503817
150.18,-0.18742879580710747,25.812571204192892,0.0,0.00926,10.032241779987105,0.8020575561523438,-0.29448680419921874,9.995791931152343,26.843522783135995,100.95770788509057,66.10341380536322,43.87617433333333,10.2464715,26.8,-1.0381679389312977,-1.3435114503816794,0.3816793893129771
150.19,-0.18742879580710747,25.812571204192892,0.0,0.00926,10.000653988717422,0.7565677246093749,-0.3136404174804687,9.967061511230469,26.843522783135995,100.95770788509057,66.10341380536322,43.87617433333333,10.2464715,26.8,-0.8091603053435115,-1.2671755725190839,0.3816793893129771
150.2,-0.18742879580710747,25.812571204192892,0.0,0.00926,10.062586622762783,0.7996633544921875,-0.277727392578125,10.026916552734374,26.843522783135995,100.95770788509057,66.10341380536322,43.87617433333333,10.2464715,26.8,-0.9007633587786259,-1.2671755725190839,0.366412213740458
150.21,-0.18742879580710747,25.812571204192892,0.0,0.00926,10.044292045744363,0.7326257080078125,-0.316034619140625,10.012551342773437,26.843522783135995,100.95770788509057,66.10341380536322,43.87617433333333,10.2464715,26.8,-0.7022900763358778,-1.2366412213740459,0.2900763358778626
150.22,-0.18742879580710747,25.812571204192892,0.0,0.00926,9.959881208366715,0.7996633544921875,-0.3495534423828125,9.9215716796875,26.843522783135995,100.95770788509057,66.10341380536322,43.87617433333333,10.2464715,26.8,-1.1297709923664123,-1.3282442748091603,0.4122137404580153
150.24,-0.18742879580710747,25.812571204192892,0.0,0.00926,10.059389496493594,0.7422025146484375,-0.3184288208007812,10.026916552734374,26.843522783135995,100.95770788509057,66.10341380536322,43.87617433333333,10.2464715,26.8,-0.9770992366412213,-1.4198473282442747,0.366412213740458
150.25,-0.18742879580710747,25.812571204192892,0.0,0.00926,9.972748059000267,0.7781155395507812,-0.2825157958984375,9.938331091308592,26.843522783135995,100.95770788509057,66.10341380536322,43.87617433333333,10.2464715,26.8,-0.916030534351145,-1.3435114503816794,0.3511450381679389
150.26,-0.18742879580710747,25.812571204192892,0.0,0.00926,9.972748059000267,0.7781155395507812,-0.2825157958984375,9.938331091308592,26.843522783135995,100.95770788509057,66.10341380536322,43.87617433333333,10.2464715,26.8,-0.916030534351145,-1.3435114503816794,0.3511450381679389
150.26,-0.18742879580710747,25.812571204192892,0.0,0.00926,10.060805724009734,0.7517793212890624,-0.3399766357421875,10.026916552734374,26.843522783135995,100.95770788509057,66.10341380536322,43.87617433333333,10.2464715,26.8,-0.9923664122137404,-1.2671755725190839,0.2900763358778626
150.27,-0.18742879580710747,25.812571204192892,0.0,0.00926,9.914761698221444,0.7661445312499999,-0.28969840087890625,9.880870251464843,26.843522783135995,100.95770788509057,66.10341380536322,43.87617433333333,10.2464715,26.8,-0.5648854961832062,-1.3129770992366412,0.33587786259541985
150.28,-0.18742879580710747,25.812571204192892,0.0,0.00926,10.037499364830778,0.7445967163085937,-0.29927520751953124,10.005368737792969,26.843522783135995,100.95770788509057,66.10341380536322,43.87617433333333,10.2464715,26.8,-0.8091603053435115,-1.297709923664122,0.32061068702290074
150.3,-0.18742879580710747,25.812571204192892,0.0,0.00926,10.045091554040571,0.7924807495117187,-0.34715924072265625,10.007762939453125,26.843522783135995,100.95770788509057,66.10341380536322,43.87617433333333,10.2464715,26.8,-0.916030534351145,-1.251908396946565,0.33587786259541985
150.3,-0.11618602387928112,25.88381397612072,0.0,0.00926,10.045091554040571,0.7924807495117187,-0.34715924072265625,10.007762939453125,26.838488563150168,100.95685527207392,66.08860333053579,43.87617433333333,10.2464715,26.8,-0.916030534351145,-1.251908396946565,0.33587786259541985
150.3,-0.11618602387928112,25.88381397612072,0.0,0.00926,10.045091554040571,0.7924807495117187,-0.34715924072265625,10.007762939453125,26.838488563150168,100.95685527207392,66.08860333053579,43.87617433333333,10.2464715,26.8,-0.916030534351145,-1.251908396946565,0.33587786259541985
150.31,-0.11618602387928112,25.88381397612072,0.0,0.00926,9.968012130164501,0.7541735229492187,-0.34237083740234375,9.93354268798828,26.838488563150168,100.95685527207392,66.08860333053579,43.87617433333333,10.2464715,26.8,-0.7786259541984732,-1.297709923664122,0.4122137404580153
150.32,-0.11618602387928112,25.88381397612072,0.0,0.00926,9.990965087424692,0.8116343627929687,-0.3232172241210937,9.952696301269532,26.838488563150168,100.95685527207392,66.08860333053579,43.87617433333333,10.2464715,26.8,-0.9923664122137404,-1.3587786259541985,0.2900763358778626
150.33,0.2917331281250146,26.291733128125014,40.791915200350736,0.00926,9.990965087424692,0.8116343627929687,-0.3232172241210937,9.952696301269532,27.477836736803873,100.95197352517599,66.2196897361627,43.87617433333333,10.2464715,26.8,-0.9923664122137404,-1.3587786259541985,0.2900763358778626
150.33,0.2917331281250146,26.291733128125014,40.791915200350736,0.00926,10.0412112608014,0.8164227661132812,-0.316034619140625,10.002974536132811,27.477836736803873,100.95197352517599,66.2196897361627,43.87617433333333,10.2464715,26.8,-0.9312977099236641,-1.3587786259541985,0.33587786259541985
150.34,0.2917331281250146,26.291733128125014,0.0,0.00926,10.040075170122915,0.7924807495117187,-0.3399766357421875,10.002974536132811,27.477836736803873,100.95197352517599,66.2196897361627,43.87617433333333,10.2464715,26.8,-0.6259541984732825,-1.3587786259541985,0.33587786259541985
150.36,0.2917331281250146,26.291733128125014,0.0,0.00926,9.957978902983768,0.8212111694335937,-0.3112462158203125,9.919177478027343,27.477836736803873,100.95197352517599,66.2196897361627,43.87617433333333,10.2464715,26.8,-1.083969465648855,-1.4198473282442747,0.42748091603053434
150.36,0.10644699966258386,26.106446999662584,0.0,0.00926,9.957978902983768,0.8212111694335937,-0.3112462158203125,9.919177478027343,27.44259695634246,100.9541909016191,66.18595768643262,43.87617433333333,10.2464715,26.8,-1.083969465648855,-1.4198473282442747,0.42748091603053434
150.36,0.10644699966258386,26.106446999662584,0.0,0.00926,9.957978902983768,0.8212111694335937,-0.3112462158203125,9.919177478027343,27.44259695634246,100.9541909016191,66.18595768643262,43.87617433333333,10.2464715,26.8,-1.083969465648855,-1.4198473282442747,0.42748091603053434
150.37,0.10644699966258386,26.106446999662584,0.0,0.00926,10.098536272241727,0.7709329345703124,-0.354341845703125,10.062829577636718,27.44259695634246,100.9541909016191,66.18595768643262,43.87617433333333,10.2464715,26.8,-0.8702290076335878,-1.3587786259541985,0.42748091603053434
150.38,0.10644699966258386,26.106446999662584,0.0,0.00926,9.998528114820722,0.7685387329101562,-0.2920926025390625,9.964667309570311,27.44259695634246,100.9541909016191,66.18595768643262,43.87617433333333,10.2464715,26.8,-1.0687022900763359,-1.4198473282442747,0.3816793893129771
150.39,-0.3208748228926406,25.67912517710736,-42.732182255561305,0.00926,9.998528114820722,0.7685387329101562,-0.2920926025390625,9.964667309570311,27.392254436574877,100.95930494447386,66.20585493760747,43.87617433333333,10.2464715,26.8,-1.0687022900763359,-1.4198473282442747,0.3816793893129771
150.39,-0.3208748228926406,25.67912517710736,-42.732182255561305,0.00926,10.036648992698945,0.7852981445312499,-0.32561142578124996,10.000580334472655,27.392254436574877,100.95930494447386,66.20585493760747,43.87617433333333,10.2464715,26.8,-1.0076335877862594,-1.251908396946565,0.2900763358778626
150.4,-0.3208748228926406,25.67912517710736,0.0,0.00926,9.989821848001343,0.7924807495117187,-0.33518823242187495,9.952696301269532,27.392254436574877,100.95930494447386,66.20585493760747,43.87617433333333,10.2464715,26.8,-1.0076335877862594,-1.3435114503816794,0.3053435114503817
150.42,-0.3208748228926406,25.67912517710736,0.0,0.00926,10.030656366634174,0.7589619262695312,-0.3495534423828125,9.995791931152343,27.392254436574877,100.95930494447386,66.20585493760747,43.87617433333333,10.2464715,26.8,-0.9007633587786259,-1.3740458015267176,0.44274809160305345
150.42,-0.27814810640274246,25.721851893597258,0.0,0.00926,10.030656366634174,0.7589619262695312,-0.3495534423828125,9.995791931152343,27.357014689361677,100.95879359616266,66.17913889023407,43.87617433333333,10.2464715,26.8,-0.9007633587786259,-1.3740458015267176,0.44274809160305345
150.43,-0.27814810640274246,25.721851893597258,0.0,0.00926,10.016844756704565,0.7709329345703124,-0.33758243408203126,9.981426721191406,27.357014689361677,100.95879359616266,66.17913889023407,43.87617433333333,10.2464715,26.8,-0.9312977099236641,-1.3435114503816794,0.366412213740458
150.44,-0.27814810640274246,25.721851893597258,0.0,0.00926,9.960311982591502,0.7852981445312499,-0.32561142578124996,9.923965881347655,27.357014689361677,100.95879359616266,66.17913889023407,43.87617433333333,10.2464715,26.8,-1.0534351145038168,-1.4198473282442747,0.33587786259541985
150.45,0.0494433683335882,26.049443368333588,32.75914747366286,0.00926,9.960311982591502,0.7852981445312499,-0.32561142578124996,9.923965881347655,27.301637971401213,100.95487308964958,66.17720462044215,43.87617433333333,10.2464715,26.8,-1.0534351145038168,-1.4198473282442747,0.33587786259541985
150.45,0.0494433683335882,26.049443368333588,32.75914747366286,0.00926,10.092236201967797,0.7733271362304687,-0.3016694091796875,10.058041174316406,27.301637971401213,100.95487308964958,66.17720462044215,43.87617433333333,10.2464715,26.8,-0.8091603053435115,-1.3129770992366412,0.3511450381679389
150.46,0.0494433683335882,26.049443368333588,0.0,0.00926,10.092236201967797,0.7733271362304687,-0.3016694091796875,10.058041174316406,27.301637971401213,100.95487308964958,66.17720462044215,43.87617433333333,10.2464715,26.8,-0.8091603053435115,-1.3129770992366412,0.3511450381679389
150.46,0.0494433683335882,26.049443368333588,0.0,0.00926,10.050673213758392,0.7733271362304687,-0.3447650390625,10.014945544433592,27.301637971401213,100.95487308964958,66.17720462044215,43.87617433333333,10.2464715,26.8,-0.8702290076335878,-1.3129770992366412,0.3816793893129771
150.48,0.0494433683335882,26.049443368333588,0.0,0.00926,10.044331423445904,0.7661445312499999,-0.3136404174804687,10.01015714111328,27.301637971401213,100.95487308964958,66.17720462044215,43.87617433333333,10.2464715,26.8,-1.0229007633587786,-1.3435114503816794,0.3053435114503817
150.48,-0.17823554556479992,25.8217644544352,0.0,0.00926,10.044331423445904,0.7661445312499999,-0.3136404174804687,10.01015714111328,27.261364015936852,100.95759786258644,66.14968695630813,43.87617433333333,10.2464715,26.8,-1.0229007633587786,-1.3435114503816794,0.3053435114503817
150.49,-0.17823554556479992,25.8217644544352,0.0,0.00926,9.981722761645537,0.7805097412109374,-0.33518823242187495,9.945513696289062,27.261364015936852,100.95759786258644,66.14968695630813,43.87617433333333,10.2464715,26.8,-1.1297709923664123,-1.3587786259541985,0.32061068702290074
150.5,-0.17823554556479992,25.8217644544352,0.0,0.00926,10.040729151588554,0.74699091796875,-0.32082302246093747,10.007762939453125,27.261364015936852,100.95759786258644,66.14968695630813,43.87617433333333,10.2464715,26.8,-0.8396946564885496,-1.3435114503816794,0.3511450381679389
150.51,-0.03560792245278721,25.964392077547213,14.262762311214244,0.00926,10.040729151588554,0.74699091796875,-0.32082302246093747,10.007762939453125,27.211021596752108,100.95589094354355,66.14857234485707,43.87617433333333,10.2464715,26.8,-0.8396946564885496,-1.3435114503816794,0.3511450381679389
150.51,-0.03560792245278721,25.964392077547213,14.262762311214244,0.00926,10.03764413222466,0.7493851196289062,-0.2920926025390625,10.005368737792969,27.211021596752108,100.95589094354355,66.14857234485707,43.87617433333333,10.2464715,26.8,-0.9770992366412213,-1.3282442748091603,0.3511450381679389
150.52,-0.03560792245278721,25.964392077547213,0.0,0.00926,9.967259348654743,0.7948749511718749,-0.29448680419921874,9.931148486328125,27.211021596752108,100.95589094354355,66.14857234485707,43.87617433333333,10.2464715,26.8,-0.8091603053435115,-1.2213740458015268,0.4122137404580153
150.54,-0.03560792245278721,25.964392077547213,0.0,0.00926,9.978996617930257,0.7924807495117187,-0.29448680419921874,9.943119494628906,27.211021596752108,100.95589094354355,66.14857234485707,43.87617433333333,10.2464715,26.8,-0.7786259541984732,-1.297709923664122,0.3511450381679389
150.54,-0.3202041827377289,25.67979581726227,0.0,0.00926,9.978996617930257,0.7924807495117187,-0.29448680419921874,9.943119494628906,27.19088463690132,100.95929691831533,66.15233032236362,43.87617433333333,10.2464715,26.8,-0.7786259541984732,-1.297709923664122,0.3511450381679389
150.55,-0.3202041827377289,25.67979581726227,0.0,0.00926,10.011525653634363,0.7805097412109374,-0.296881005859375,9.976638317871092,27.19088463690132,100.95929691831533,66.15233032236362,43.87617433333333,10.2464715,26.8,-0.8396946564885496,-1.3435114503816794,0.3816793893129771
150.56,-0.3202041827377289,25.67979581726227,0.0,0.00926,10.019540865114486,0.7685387329101562,-0.35194764404296874,9.983820922851562,27.19088463690132,100.95929691831533,66.15233032236362,43.87617433333333,10.2464715,26.8,-0.6259541984732825,-1.297709923664122,0.5038167938931297
150.56,-0.3202041827377289,25.67979581726227,0.0,0.00926,10.019540865114486,0.7685387329101562,-0.35194764404296874,9.983820922851562,27.19088463690132,100.95929691831533,66.15233032236362,43.87617433333333,10.2464715,26.8,-0.6259541984732825,-1.297709923664122,0.5038167938931297
150.57,-0.17745014116666624,25.822549858833334,14.275404157119247,0.00926,10.019540865114486,0.7685387329101562,-0.35194764404296874,9.983820922851562,27.140542256832124,100.95758846306887,66.13020636605087,43.87617433333333,10.2464715,26.8,-0.6259541984732825,-1.297709923664122,0.5038167938931297
150.57,-0.17745014116666624,25.822549858833334,14.275404157119247,0.00926,9.995895440412735,0.8164227661132812,-0.316034619140625,9.957484704589843,27.140542256832124,100.95758846306887,66.13020636605087,43.87617433333333,10.2464715,26.8,-1.0534351145038168,-1.3129770992366412,0.366412213740458
150.58,-0.17745014116666624,25.822549858833334,0.0,0.00926,10.014012546466502,0.7517793212890624,-0.36631285400390623,9.97903251953125,27.140542256832124,100.95758846306887,66.13020636605087,43.87617433333333,10.2464715,26.8,-1.0381679389312977,-1.3282442748091603,0.3816793893129771
150.6,-0.17745014116666624,25.822549858833334,0.0,0.00926,10.023623698922,0.8044517578125,-0.3184288208007812,9.986215124511718,27.140542256832124,100.95758846306887,66.13020636605087,43.87617433333333,10.2464715,26.8,-1.1145038167938932,-1.3435114503816794,0.3511450381679389
150.6,-0.14889038949174926,25.85110961050825,0.0,0.00926,10.023623698922,0.8044517578125,-0.3184288208007812,9.986215124511718,27.130473784171045,100.95724666779728,66.1285839941023,43.87617433333333,10.2464715,26.8,-1.1145038167938932,-1.3435114503816794,0.3511450381679389
150.61,-0.14889038949174926,25.85110961050825,0.0,0.00926,10.072346059548094,0.7158662963867187,-0.33518823242187495,10.041281762695311,27.130473784171045,100.95724666779728,66.1285839941023,43.87617433333333,10.2464715,26.8,-1.099236641221374,-1.3740458015267176,0.366412213740458
150.62,-0.14889038949174926,25.85110961050825,0.0,0.00926,9.981965674800595,0.7924807495117187,-0.3136404174804687,9.945513696289062,27.130473784171045,100.95724666779728,66.1285839941023,43.87617433333333,10.2464715,26.8,-0.7786259541984732,-1.3129770992366412,0.44274809160305345
150.63,0.03660162085612928,26.03660162085613,18.549201034804724,0.00926,9.981965674800595,0.7924807495117187,-0.3136404174804687,9.945513696289062,27.085165671026335,100.95502677311822,66.12828868644118,43.87617433333333,10.2464715,26.8,-0.7786259541984732,-1.3129770992366412,0.44274809160305345
150.63,0.03660162085612928,26.03660162085613,18.549201034804724,0.00926,9.998669433391827,0.7493851196289062,-0.34237083740234375,9.964667309570311,27.085165671026335,100.95502677311822,66.12828868644118,43.87617433333333,10.2464715,26.8,-0.5648854961832062,-1.251908396946565,0.3969465648854962
150.65,0.03660162085612928,26.03660162085613,0.0,0.00926,10.044947749961477,0.7661445312499999,-0.3327940307617187,10.01015714111328,27.085165671026335,100.95502677311822,66.12828868644118,43.87617433333333,10.2464715,26.8,-0.8091603053435115,-1.282442748091603,0.4580152671755725
150.66,0.03660162085612928,26.03660162085613,0.0,0.00926,9.999177361136297,0.7398083129882812,-0.3064578125,9.967061511230469,27.085165671026335,100.95502677311822,66.12828868644118,43.87617433333333,10.2464715,26.8,-0.9007633587786259,-1.3282442748091603,0.3511450381679389
150.66,0.17904893024111024,26.17904893024111,0.0,0.00926,9.999177361136297,0.7398083129882812,-0.3064578125,9.967061511230469,27.075097204511984,100.95332204714774,66.11266064400527,43.87617433333333,10.2464715,26.8,-0.9007633587786259,-1.3282442748091603,0.3511450381679389
150.66,0.17904893024111024,26.17904893024111,0.0,0.00926,9.999177361136297,0.7398083129882812,-0.3064578125,9.967061511230469,27.075097204511984,100.95332204714774,66.11266064400527,43.87617433333333,10.2464715,26.8,-0.9007633587786259,-1.3282442748091603,0.3511450381679389
150.67,0.17904893024111024,26.17904893024111,0.0,0.00926,9.991873847921351,0.7685387329101562,-0.30885201416015623,9.957484704589843,27.075097204511984,100.95332204714774,66.11266064400527,43.87617433333333,10.2464715,26.8,-0.916030534351145,-1.3435114503816794,0.3969465648854962
150.68,0.17904893024111024,26.17904893024111,0.0,0.00926,10.045934649635852,0.8020575561523438,-0.3495534423828125,10.007762939453125,27.075097204511984,100.95332204714774,66.11266064400527,43.87617433333333,10.2464715,26.8,-0.8549618320610687,-1.3129770992366412,0.5190839694656488
150.69,0.1082814922504527,26.108281492250452,-7.076743799072191,0.00926,10.045934649635852,0.8020575561523438,-0.3495534423828125,10.007762939453125,27.039857580512763,100.95416894748526,66.09998459085905,43.87617433333333,10.2464715,26.8,-0.8549618320610687,-1.3129770992366412,0.5190839694656488
150.69,0.1082814922504527,26.108281492250452,-7.076743799072191,0.00926,9.993490938872972,0.7805097412109374,-0.33039982910156246,9.957484704589843,27.039857580512763,100.95416894748526,66.09998459085905,43.87617433333333,10.2464715,26.8,-0.9312977099236641,-1.3587786259541985,0.4580152671755725
150.71,0.1082814922504527,26.108281492250452,0.0,0.00926,10.010296004991666,0.7924807495117187,-0.30406361083984373,9.974244116210937,27.039857580512763,100.95416894748526,66.09998459085905,43.87617433333333,10.2464715,26.8,-0.9007633587786259,-1.251908396946565,0.33587786259541985
150.72,0.1082814922504527,26.108281492250452,0.0,0.00926,10.000318957832874,0.8044517578125,-0.33518823242187495,9.962273107910155,27.039857580512763,100.95416894748526,66.09998459085905,43.87617433333333,10.2464715,26.8,-0.5954198473282443,-1.2366412213740459,0.366412213740458
150.72,-0.06225934179608705,25.937740658203914,0.0,0.00926,10.000318957832874,0.8044517578125,-0.33518823242187495,9.962273107910155,27.019720658659935,100.95620989692019,66.0687372486848,43.87617433333333,10.2464715,26.8,-0.5954198473282443,-1.2366412213740459,0.366412213740458
150.73,-0.06225934179608705,25.937740658203914,0.0,0.00926,10.066251684468323,0.7350199096679687,-0.32561142578124996,10.034099157714843,27.019720658659935,100.95620989692019,66.0687372486848,43.87617433333333,10.2464715,26.8,-0.9465648854961832,-1.3435114503816794,0.3969465648854962
150.74,-0.06225934179608705,25.937740658203914,0.0,0.00926,10.01204666990081,0.7757213378906249,-0.32561142578124996,9.976638317871092,27.019720658659935,100.95620989692019,66.0687372486848,43.87617433333333,10.2464715,26.8,-0.8396946564885496,-1.2671755725190839,0.2748091603053435
150.75,-0.16154121518529907,25.8384587848147,-9.92818733893023,0.00926,10.01204666990081,0.7757213378906249,-0.32561142578124996,9.976638317871092,26.99454951263033,100.95739806929234,66.08569166740375,43.87617433333333,10.2464715,26.8,-0.8396946564885496,-1.2671755725190839,0.2748091603053435
150.75,-0.16154121518529907,25.8384587848147,-9.92818733893023,0.00926,10.003010924722782,0.7685387329101562,-0.35673604736328124,9.967061511230469,26.99454951263033,100.95739806929234,66.08569166740375,43.87617433333333,10.2464715,26.8,-0.9465648854961832,-1.251908396946565,0.33587786259541985
150.76,-0.16154121518529907,25.8384587848147,0.0,0.00926,10.003010924722782,0.7685387329101562,-0.35673604736328124,9.967061511230469,26.99454951263033,100.95739806929234,66.08569166740375,43.87617433333333,10.2464715,26.8,-0.9465648854961832,-1.251908396946565,0.33587786259541985
150.77,-0.16154121518529907,25.8384587848147,0.0,0.00926,10.008845712993148,0.7661445312499999,-0.3232172241210937,9.974244116210937,26.99454951263033,100.95739806929234,66.08569166740375,43.87617433333333,10.2464715,26.8,-0.5954198473282443,-1.251908396946565,0.3053435114503817
150.78,-0.16154121518529907,25.8384587848147,0.0,0.00926,9.984414001234748,0.7781155395507812,-0.3495534423828125,9.947907897949218,26.99454951263033,100.95739806929234,66.08569166740375,43.87617433333333,10.2464715,26.8,-0.7786259541984732,-1.3893129770992367,0.32061068702290074
150.78,0.05215233220206339,26.052152332202063,0.0,0.00926,9.984414001234748,0.7781155395507812,-0.3495534423828125,9.947907897949218,26.979446828365326,100.95484067017911,66.08326212352468,43.87617433333333,10.2464715,26.8,-0.7786259541984732,-1.3893129770992367,0.32061068702290074
150.79,0.05215233220206339,26.052152332202063,0.0,0.00926,10.000872082346586,0.8020575561523438,-0.35673604736328124,9.962273107910155,26.979446828365326,100.95484067017911,66.08326212352468,43.87617433333333,10.2464715,26.8,-0.7175572519083969,-1.3129770992366412,0.3816793893129771
150.8,0.05215233220206339,26.052152332202063,0.0,0.00926,9.978942334464264,0.7493851196289062,-0.3232172241210937,9.945513696289062,26.979446828365326,100.95484067017911,66.08326212352468,43.87617433333333,10.2464715,26.8,-0.7175572519083969,-1.4045801526717556,0.3969465648854962
150.81,-0.1895578170141543,25.810442182985845,-24.171014921643753,0.00926,9.978942334464264,0.7493851196289062,-0.3232172241210937,9.945513696289062,26.964344146614895,100.95773336469408,66.06683113281679,43.87617433333333,10.2464715,26.8,-0.7175572519083969,-1.4045801526717556,0.3969465648854962
150.81,-0.1895578170141543,25.810442182985845,-24.171014921643753,0.00926,10.000974679281432,0.7924807495117187,-0.3112462158203125,9.964667309570311,26.964344146614895,100.95773336469408,66.06683113281679,43.87617433333333,10.2464715,26.8,-0.9007633587786259,-1.3740458015267176,0.42748091603053434
150.83,-0.1895578170141543,25.810442182985845,0.0,0.00926,10.018712140774102,0.7733271362304687,-0.316034619140625,9.983820922851562,26.964344146614895,100.95773336469408,66.06683113281679,43.87617433333333,10.2464715,26.8,-0.5343511450381679,-1.297709923664122,0.42748091603053434
150.84,-0.1895578170141543,25.810442182985845,0.0,0.00926,9.981528943717976,0.7661445312499999,-0.36152445068359373,9.945513696289062,26.964344146614895,100.95773336469408,66.06683113281679,43.87617433333333,10.2464715,26.8,-0.7175572519083969,-1.3435114503816794,0.42748091603053434
150.84,-0.20355231835949006,25.796447681640508,0.0,0.00926,9.981528943717976,0.7661445312499999,-0.36152445068359373,9.945513696289062,26.949241467379032,100.95790084758295,66.1064096623264,43.87617433333333,10.2464715,26.8,-0.7175572519083969,-1.3435114503816794,0.42748091603053434
150.85,-0.20355231835949006,25.796447681640508,0.0,0.00926,10.037192405362644,0.814028564453125,-0.3447650390625,9.9981861328125,26.949241467379032,100.95790084758295,66.1064096623264,43.87617433333333,10.2464715,26.8,-0.6870229007633588,-1.3587786259541985,0.4580152671755725
150.86,-0.20355231835949006,25.796447681640508,0.0,0.00926,10.037192405362644,0.814028564453125,-0.3447650390625,9.9981861328125,26.949241467379032,100.95790084758295,66.1064096623264,43.87617433333333,10.2464715,26.8,-0.6870229007633588,-1.3587786259541985,0.4580152671755725
150.86,-0.20355231835949006,25.796447681640508,0.0,0.00926,9.994246332981938,0.7829039428710937,-0.34715924072265625,9.957484704589843,26.949241467379032,100.95790084758295,66.1064096623264,43.87617433333333,10.2464715,26.8,-0.6412213740458015,-1.282442748091603,0.33587786259541985
150.87,-0.17492861082088806,25.82507138917911,2.8623707538628027,0.00926,9.994246332981938,0.7829039428710937,-0.34715924072265625,9.957484704589843,26.93917301595211,100.9575582860479,66.06978435775434,43.87617433333333,10.2464715,26.8,-0.6412213740458015,-1.282442748091603,0.33587786259541985
150.87,-0.17492861082088806,25.82507138917911,2.8623707538628027,0.00926,10.030816090736948,0.833182177734375,-0.32082302246093747,9.991003527832031,26.93917301595211,100.9575582860479,66.06978435775434,43.87617433333333,10.2464715,26.8,-0.8396946564885496,-1.3435114503816794,0.3816793893129771
150.89,-0.17492861082088806,25.82507138917911,0.0,0.006687777777777778,10.030816090736948,0.833182177734375,-0.32082302246093747,9.991003527832031,26.93917301595211,100.9575582860479,66.06978435775434,43.8761745,10.246471833333333,26.9,-0.8396946564885496,-1.3435114503816794,0.3816793893129771
150.89,-0.17492861082088806,25.82507138917911,0.0,0.006687777777777778,9.949573327709551,0.7637503295898437,-0.3399766357421875,9.91438907470703,26.93917301595211,100.9575582860479,66.06978435775434,43.8761745,10.246471833333333,26.9,-0.5801526717557252,-1.3435114503816794,0.3053435114503817
150.9,-0.17492861082088806,25.82507138917911,0.0,0.006687777777777778,10.015259195393416,0.7781155395507812,-0.3447650390625,9.97903251953125,26.93917301595211,100.9575582860479,66.06978435775434,43.8761745,10.246471833333333,26.9,-1.251908396946565,-1.297709923664122,0.3053435114503817
150.9,-0.11767226253332597,25.882327737466674,0.0,0.006687777777777778,10.015259195393416,0.7781155395507812,-0.3447650390625,9.97903251953125,26.919036116451025,100.95687305889138,66.07354745666784,43.8761745,10.246471833333333,26.9,-1.251908396946565,-1.297709923664122,0.3053435114503817
150.91,-0.11767226253332597,25.882327737466674,0.0,0.006687777777777778,10.014428685746365,0.8068459594726562,-0.3232172241210937,9.976638317871092,26.919036116451025,100.95687305889138,66.07354745666784,43.8761745,10.246471833333333,26.9,-1.3587786259541985,-1.297709923664122,0.2900763358778626
150.92,-0.11767226253332597,25.882327737466674,0.0,0.006687777777777778,10.03656589337121,0.7781155395507812,-0.3399766357421875,10.000580334472655,26.919036116451025,100.95687305889138,66.07354745666784,43.8761745,10.246471833333333,26.9,-0.5038167938931297,-1.2061068702290076,0.3053435114503817
150.93,-0.08903962206981975,25.91096037793018,2.8632640463450882,0.006687777777777778,10.03656589337121,0.7781155395507812,-0.3399766357421875,10.000580334472655,26.908967668376864,100.95653039327406,66.05092861955944,43.8761745,10.246471833333333,26.9,-0.5038167938931297,-1.2061068702290076,0.3053435114503817
150.93,-0.08903962206981975,25.91096037793018,2.8632640463450882,0.006687777777777778,10.057020979522402,0.8212111694335937,-0.3495534423828125,10.01733974609375,26.908967668376864,100.95653039327406,66.05092861955944,43.8761745,10.246471833333333,26.9,-0.7480916030534351,-1.282442748091603,0.2748091603053435
150.95,-0.08903962206981975,25.91096037793018,0.0,0.006687777777777778,9.978773163461872,0.8044517578125,-0.3327940307617187,9.94072529296875,26.908967668376864,100.95653039327406,66.05092861955944,43.8761745,10.246471833333333,26.9,-0.6106870229007634,-1.2671755725190839,0.366412213740458
150.96,-0.08903962206981975,25.91096037793018,0.0,0.006687777777777778,10.012213847396596,0.8020575561523438,-0.3399766357421875,9.974244116210937,26.908967668376864,100.95653039327406,66.05092861955944,43.8761745,10.246471833333333,26.9,-0.6564885496183206,-1.251908396946565,0.3969465648854962
150.96,-0.03176540928097271,25.968234590719028,0.0,0.006687777777777778,10.012213847396596,0.8020575561523438,-0.3399766357421875,9.974244116210937,26.8888307755813,100.95584495797173,66.06169216318165,43.8761745,10.246471833333333,26.9,-0.6564885496183206,-1.251908396946565,0.3969465648854962
150.96,-0.03176540928097271,25.968234590719028,0.0,0.006687777777777778,10.012213847396596,0.8020575561523438,-0.3399766357421875,9.974244116210937,26.8888307755813,100.95584495797173,66.06169216318165,43.8761745,10.246471833333333,26.9,-0.6564885496183206,-1.251908396946565,0.3969465648854962
150.97,-0.03176540928097271,25.968234590719028,0.0,0.006687777777777778,9.967111833622113,0.7613561279296874,-0.3687070556640625,9.931148486328125,26.8888307755813,100.95584495797173,66.06169216318165,43.8761745,10.246471833333333,26.9,-0.5190839694656488,-1.297709923664122,0.3511450381679389
150.98,-0.03176540928097271,25.968234590719028,0.0,0.006687777777777778,10.035719440402413,0.7733271362304687,-0.32561142578124996,10.000580334472655,26.8888307755813,100.95584495797173,66.06169216318165,43.8761745,10.246471833333333,26.9,-0.6412213740458015,-1.3435114503816794,0.4122137404580153
150.99,-0.2594383415326207,25.740561658467378,-22.767293225120795,0.006687777777777778,10.035719440402413,0.7733271362304687,-0.32561142578124996,10.000580334472655,26.8888307755813,100.95856968056036,66.0546923248453,43.8761745,10.246471833333333,26.9,-0.6412213740458015,-1.3435114503816794,0.4122137404580153
150.99,-0.2594383415326207,25.740561658467378,-22.767293225120795,0.006687777777777778,10.025864889666668,0.70868369140625,-0.316034619140625,9.995791931152343,26.8888307755813,100.95856968056036,66.0546923248453,43.8761745,10.246471833333333,26.9,-0.7938931297709924,-1.3129770992366412,0.3511450381679389
151.01,-0.2594383415326207,25.740561658467378,0.0,0.006687777777777778,9.977444109142997,0.7493851196289062,-0.3495534423828125,9.943119494628906,26.8888307755813,100.95856968056036,66.0546923248453,43.8761745,10.246471833333333,26.9,-1.0534351145038168,-1.3435114503816794,0.32061068702290074
151.02,-0.2594383415326207,25.740561658467378,0.0,0.006687777777777778,10.043283581567644,0.737414111328125,-0.34715924072265625,10.01015714111328,26.8888307755813,100.95856968056036,66.0546923248453,43.8761745,10.246471833333333,26.9,-0.9770992366412213,-1.3587786259541985,0.3816793893129771
151.02,-0.458459113413352,25.54154088658665,0.0,0.006687777777777778,10.043283581567644,0.737414111328125,-0.34715924072265625,10.01015714111328,26.8787623308599,100.96095155130884,66.05307448030231,43.8761745,10.246471833333333,26.9,-0.9770992366412213,-1.3587786259541985,0.3816793893129771
151.03,-0.458459113413352,25.54154088658665,0.0,0.006687777777777778,9.991434107661318,0.7876923461914062,-0.3232172241210937,9.955090502929687,26.8787623308599,100.96095155130884,66.05307448030231,43.8761745,10.246471833333333,26.9,-0.8702290076335878,-1.3129770992366412,0.4122137404580153
151.04,-0.458459113413352,25.54154088658665,0.0,0.006687777777777778,10.023712910119018,0.7733271362304687,-0.3232172241210937,9.988609326171874,26.8787623308599,100.96095155130884,66.05307448030231,43.8761745,10.246471833333333,26.9,-0.6412213740458015,-1.3129770992366412,0.3816793893129771
151.05,-0.08831340536292975,25.91168659463707,37.01457080497069,0.006687777777777778,10.023712910119018,0.7733271362304687,-0.3232172241210937,9.988609326171874,26.868693887256086,100.95652170217382,66.04445743386299,43.8761745,10.246471833333333,26.9,-0.6412213740458015,-1.3129770992366412,0.3816793893129771
151.05,-0.08831340536292975,25.91168659463707,37.01457080497069,0.006687777777777778,10.032458901252816,0.7350199096679687,-0.3136404174804687,10.000580334472655,26.868693887256086,100.95652170217382,66.04445743386299,43.8761745,10.246471833333333,26.9,-0.8396946564885496,-1.3129770992366412,0.33587786259541985
151.06,-0.08831340536292975,25.91168659463707,0.0,0.006687777777777778,10.032458901252816,0.7350199096679687,-0.3136404174804687,10.000580334472655,26.868693887256086,100.95652170217382,66.04445743386299,43.8761745,10.246471833333333,26.9,-0.8396946564885496,-1.3129770992366412,0.33587786259541985
151.07,-0.08831340536292975,25.91168659463707,0.0,0.006687777777777778,10.041114212850307,0.7541735229492187,-0.316034619140625,10.007762939453125,26.868693887256086,100.95652170217382,66.04445743386299,43.8761745,10.246471833333333,26.9,-0.8549618320610687,-1.3587786259541985,0.3969465648854962
151.08,-0.08831340536292975,25.91168659463707,0.0,0.006687777777777778,10.014298751404317,0.7709329345703124,-0.3327940307617187,9.97903251953125,26.868693887256086,100.95652170217382,66.04445743386299,43.8761745,10.246471833333333,26.9,-0.6259541984732825,-1.3587786259541985,0.42748091603053434
151.08,-0.5436380936175822,25.45636190638242,0.0,0.006687777777777778,10.014298751404317,0.7709329345703124,-0.3327940307617187,9.97903251953125,26.868693887256086,100.96197098303259,66.05145679187805,43.8761745,10.246471833333333,26.9,-0.6259541984732825,-1.3587786259541985,0.42748091603053434
151.09,-0.5436380936175822,25.45636190638242,0.0,0.006687777777777778,10.075349337034062,0.7900865478515624,-0.33039982910156246,10.038887561035155,26.868693887256086,100.96197098303259,66.05145679187805,43.8761745,10.246471833333333,26.9,-0.9770992366412213,-1.3740458015267176,0.4732824427480916
151.1,-0.5436380936175822,25.45636190638242,0.0,0.006687777777777778,10.039013751171424,0.7589619262695312,-0.3136404174804687,10.005368737792969,26.868693887256086,100.96197098303259,66.05145679187805,43.8761745,10.246471833333333,26.9,-1.0381679389312977,-1.3740458015267176,0.4122137404580153
151.11,-0.25867126363795956,25.74132873636204,28.49668299790719,0.006687777777777778,10.039013751171424,0.7589619262695312,-0.3136404174804687,10.005368737792969,26.84855700340122,100.9585605002981,66.03422389997587,43.8761745,10.246471833333333,26.9,-1.0381679389312977,-1.3740458015267176,0.4122137404580153
151.11,-0.25867126363795956,25.74132873636204,28.49668299790719,0.006687777777777778,10.022335480786408,0.7852981445312499,-0.32561142578124996,9.986215124511718,26.84855700340122,100.9585605002981,66.03422389997587,43.8761745,10.246471833333333,26.9,-0.6564885496183206,-1.3893129770992367,0.366412213740458
151.13,-0.25867126363795956,25.74132873636204,0.0,0.006687777777777778,9.93192103075495,0.7565677246093749,-0.3280056274414062,9.897629663085937,26.84855700340122,100.9585605002981,66.03422389997587,43.8761745,10.246471833333333,26.9,-0.9007633587786259,-1.3129770992366412,0.33587786259541985
151.14,-0.25867126363795956,25.74132873636204,0.0,0.006687777777777778,10.01642929008196,0.8020575561523438,-0.3232172241210937,9.97903251953125,26.84855700340122,100.9585605002981,66.03422389997587,43.8761745,10.246471833333333,26.9,-1.1297709923664123,-1.3435114503816794,0.3053435114503817
151.15,-0.25867126363795956,25.74132873636204,0.0,0.006687777777777778,10.05701784468618,0.8044517578125,-0.3184288208007812,10.019733947753906,26.84855700340122,100.9585605002981,66.03422389997587,43.8761745,10.246471833333333,26.9,-1.1297709923664123,-1.3740458015267176,0.3816793893129771
151.16,-0.25867126363795956,25.74132873636204,0.0,0.006687777777777778,10.05701784468618,0.8044517578125,-0.3184288208007812,10.019733947753906,26.84855700340122,100.9585605002981,66.03422389997587,43.8761745,10.246471833333333,26.9,-1.1297709923664123,-1.3740458015267176,0.3816793893129771
151.16,-0.25867126363795956,25.74132873636204,0.0,0.006687777777777778,10.009691288835791,0.7326257080078125,-0.35194764404296874,9.976638317871092,26.84855700340122,100.9585605002981,66.03422389997587,43.8761745,10.246471833333333,26.9,-0.6870229007633588,-1.2671755725190839,0.3053435114503817
151.17,-0.25867126363795956,25.74132873636204,0.0,0.006687777777777778,10.040412299890672,0.7781155395507812,-0.3806780639648437,10.002974536132811,26.84855700340122,100.9585605002981,66.03422389997587,43.8761745,10.246471833333333,26.9,-1.0534351145038168,-1.3129770992366412,0.366412213740458
151.19,-0.25867126363795956,25.74132873636204,0.0,0.006687777777777778,10.060957847636368,0.7900865478515624,-0.3280056274414062,10.024522351074218,26.84855700340122,100.9585605002981,66.03422389997587,43.8761745,10.246471833333333,26.9,-1.251908396946565,-1.3129770992366412,0.3511450381679389
151.2,-0.25867126363795956,25.74132873636204,0.0,0.006687777777777778,10.041195561931728,0.7709329345703124,-0.35194764404296874,10.005368737792969,26.84855700340122,100.9585605002981,66.03422389997587,43.8761745,10.246471833333333,26.9,-0.9618320610687023,-1.3587786259541985,0.3511450381679389
151.21,-0.25867126363795956,25.74132873636204,0.0,0.006687777777777778,10.075239247842088,0.7685387329101562,-0.30406361083984373,10.041281762695311,26.84855700340122,100.9585605002981,66.03422389997587,43.8761745,10.246471833333333,26.9,-0.8244274809160306,-1.3129770992366412,0.42748091603053434
151.22,-0.25867126363795956,25.74132873636204,0.0,0.006687777777777778,10.033145944824563,0.8188169677734375,-0.354341845703125,9.993397729492187,26.84855700340122,100.9585605002981,66.03422389997587,43.8761745,10.246471833333333,26.9,-0.8549618320610687,-1.3129770992366412,0.3816793893129771
151.23,-0.25867126363795956,25.74132873636204,0.0,0.006687777777777778,10.039249853795026,0.7517793212890624,-0.33758243408203126,10.005368737792969,26.84855700340122,100.9585605002981,66.03422389997587,43.8761745,10.246471833333333,26.9,-1.1297709923664123,-1.282442748091603,0.3816793893129771
151.25,-0.25867126363795956,25.74132873636204,0.0,0.006687777777777778,10.022893967269853,0.7852981445312499,-0.34237083740234375,9.986215124511718,26.84855700340122,100.9585605002981,66.03422389997587,43.8761745,10.246471833333333,26.9,-1.1603053435114503,-1.3587786259541985,0.4122137404580153
151.26,-0.25867126363795956,25.74132873636204,0.0,0.006687777777777778,9.992158965966993,0.7948749511718749,-0.3280056274414062,9.955090502929687,26.84855700340122,100.9585605002981,66.03422389997587,43.8761745,10.246471833333333,26.9,-0.7938931297709924,-1.3435114503816794,0.4122137404580153
151.26,-0.25867126363795956,25.74132873636204,0.0,0.006687777777777778,9.992158965966993,0.7948749511718749,-0.3280056274414062,9.955090502929687,26.84855700340122,100.9585605002981,66.03422389997587,43.8761745,10.246471833333333,26.9,-0.7938931297709924,-1.3435114503816794,0.4122137404580153
151.27,-0.25867126363795956,25.74132873636204,0.0,0.006687777777777778,9.902359311041293,0.7829039428710937,-0.37828386230468747,9.86411083984375,26.84855700340122,100.9585605002981,66.03422389997587,43.8761745,10.246471833333333,26.9,-0.8091603053435115,-1.3587786259541985,0.366412213740458
151.28,-0.25867126363795956,25.74132873636204,0.0,0.006687777777777778,10.003698271726138,0.7781155395507812,-0.28012159423828126,9.969455712890625,26.84855700340122,100.9585605002981,66.03422389997587,43.8761745,10.246471833333333,26.9,-0.6106870229007634,-1.297709923664122,0.4122137404580153
151.29,-0.25867126363795956,25.74132873636204,0.0,0.006687777777777778,9.992801742500278,0.7805097412109374,-0.30885201416015623,9.957484704589843,26.84855700340122,100.9585605002981,66.03422389997587,43.8761745,10.246471833333333,26.9,-0.9007633587786259,-1.3740458015267176,0.42748091603053434
151.31,-0.25867126363795956,25.74132873636204,0.0,0.006687777777777778,10.021912520236805,0.7661445312499999,-0.35673604736328124,9.986215124511718,26.84855700340122,100.9585605002981,66.03422389997587,43.8761745,10.246471833333333,26.9,-0.7175572519083969,-1.282442748091603,0.3511450381679389
151.31,-0.48632537624978767,25.513674623750212,0.0,0.006687777777777778,10.021912520236805,0.7661445312499999,-0.35673604736328124,9.986215124511718,26.84855700340122,100.96128505699478,66.05522121729764,43.8761745,10.246471833333333,26.9,-0.7175572519083969,-1.282442748091603,0.3511450381679389
151.31,-0.48632537624978767,25.513674623750212,0.0,0.006687777777777778,10.021912520236805,0.7661445312499999,-0.35673604736328124,9.986215124511718,26.84855700340122,100.96128505699478,66.05522121729764,43.8761745,10.246471833333333,26.9,-0.7175572519083969,-1.282442748091603,0.3511450381679389
151.32,-0.48632537624978767,25.513674623750212,0.0,0.006687777777777778,9.98262001782697,0.7398083129882812,-0.3112462158203125,9.950302099609374,26.84855700340122,100.96128505699478,66.05522121729764,43.8761745,10.246471833333333,26.9,-0.6870229007633588,-1.3129770992366412,0.42748091603053434
151.33,-0.48632537624978767,25.513674623750212,0.0,0.006687777777777778,9.99335556988672,0.7996633544921875,-0.35194764404296874,9.955090502929687,26.84855700340122,100.96128505699478,66.05522121729764,43.8761745,10.246471833333333,26.9,-1.1450381679389312,-1.3129770992366412,0.3969465648854962
151.34,0.07815817994551333,26.078158179945515,56.44835561958144,0.006687777777777778,9.99335556988672,0.7996633544921875,-0.35194764404296874,9.955090502929687,27.49293950404972,100.95452944614972,66.15905522735179,43.8761745,10.246471833333333,26.9,-1.1450381679389312,-1.3129770992366412,0.3969465648854962
151.34,0.07815817994551333,26.078158179945515,56.44835561958144,0.006687777777777778,10.034459052727083,0.7972691528320313,-0.3016694091796875,9.9981861328125,27.49293950404972,100.95452944614972,66.15905522735179,43.8761745,10.246471833333333,26.9,-1.1755725190839694,-1.3740458015267176,0.44274809160305345
151.35,0.07815817994551333,26.078158179945515,0.0,0.006687777777777778,9.964832405722216,0.7541735229492187,-0.3184288208007812,9.931148486328125,27.49293950404972,100.95452944614972,66.15905522735179,43.8761745,10.246471833333333,26.9,-0.7480916030534351,-1.3740458015267176,0.3969465648854962
151.36,0.07815817994551333,26.078158179945515,0.0,0.006687777777777778,9.964832405722216,0.7541735229492187,-0.3184288208007812,9.931148486328125,27.49293950404972,100.95452944614972,66.15905522735179,43.8761745,10.246471833333333,26.9,-0.7480916030534351,-1.3740458015267176,0.3969465648854962
151.37,0.07815817994551333,26.078158179945515,0.0,0.006687777777777778,10.016881381034878,0.7541735229492187,-0.30406361083984373,9.983820922851562,27.49293950404972,100.95452944614972,66.15905522735179,43.8761745,10.246471833333333,26.9,-0.732824427480916,-1.251908396946565,0.2748091603053435
151.38,0.07815817994551333,26.078158179945515,0.0,0.006687777777777778,9.981723335915284,0.7015010864257812,-0.36631285400390623,9.950302099609374,27.49293950404972,100.95452944614972,66.15905522735179,43.8761745,10.246471833333333,26.9,-0.7022900763358778,-1.251908396946565,0.33587786259541985
151.39,0.07815817994551333,26.078158179945515,0.0,0.006687777777777778,9.99418668358723,0.7398083129882812,-0.29927520751953124,9.962273107910155,27.49293950404972,100.95452944614972,66.15905522735179,43.8761745,10.246471833333333,26.9,-0.9770992366412213,-1.3435114503816794,0.366412213740458
151.39,0.16336108294213614,26.163361082942135,0.0,0.006687777777777778,9.99418668358723,0.7398083129882812,-0.29927520751953124,9.962273107910155,27.422459945082664,100.95350978897402,66.14066087072588,43.8761745,10.246471833333333,26.9,-0.9770992366412213,-1.3435114503816794,0.366412213740458
151.4,0.16336108294213614,26.163361082942135,0.0,0.006687777777777778,10.000747990234084,0.7972691528320313,-0.36391865234375,9.962273107910155,27.422459945082664,100.95350978897402,66.14066087072588,43.8761745,10.246471833333333,26.9,-0.916030534351145,-1.3740458015267176,0.366412213740458
151.41,0.16336108294213614,26.163361082942135,0.0,0.006687777777777778,10.01959464257901,0.7565677246093749,-0.30885201416015623,9.986215124511718,27.422459945082664,100.95350978897402,66.14066087072588,43.8761745,10.246471833333333,26.9,-0.9923664122137404,-1.3129770992366412,0.44274809160305345
151.42,0.07784910873062989,26.07784910873063,-8.551197421158403,0.006687777777777778,10.01959464257901,0.7565677246093749,-0.30885201416015623,9.986215124511718,27.372117436490953,100.9545331449436,66.13253199480121,43.8761745,10.246471833333333,26.9,-0.9923664122137404,-1.3129770992366412,0.44274809160305345
151.43,0.07784910873062989,26.07784910873063,0.0,0.006687777777777778,10.028739764767954,0.8068459594726562,-0.3232172241210937,9.991003527832031,27.372117436490953,100.9545331449436,66.13253199480121,43.8761745,10.246471833333333,26.9,-1.0534351145038168,-1.3740458015267176,0.4580152671755725
151.44,0.07784910873062989,26.07784910873063,0.0,0.006687777777777778,10.052898110433793,0.7805097412109374,-0.3232172241210937,10.01733974609375,27.372117436490953,100.9545331449436,66.13253199480121,43.8761745,10.246471833333333,26.9,-0.9007633587786259,-1.4045801526717556,0.5038167938931297
151.45,0.07784910873062989,26.07784910873063,0.0,0.006687777777777778,9.968476192501646,0.7613561279296874,-0.3399766357421875,9.93354268798828,27.372117436490953,100.9545331449436,66.13253199480121,43.8761745,10.246471833333333,26.9,-0.7938931297709924,-1.3435114503816794,0.5038167938931297
151.45,-0.2211671004536342,25.778832899546366,0.0,0.006687777777777778,9.968476192501646,0.7613561279296874,-0.3399766357421875,9.93354268798828,27.336877697100864,100.95811165745724,66.1338495497678,43.8761745,10.246471833333333,26.9,-0.7938931297709924,-1.3435114503816794,0.5038167938931297
151.46,-0.2211671004536342,25.778832899546366,0.0,0.006687777777777778,9.968476192501646,0.7613561279296874,-0.3399766357421875,9.93354268798828,27.336877697100864,100.95811165745724,66.1338495497678,43.8761745,10.246471833333333,26.9,-0.7938931297709924,-1.3435114503816794,0.5038167938931297
151.46,-0.2211671004536342,25.778832899546366,0.0,0.006687777777777778,10.023764091825546,0.7613561279296874,-0.35194764404296874,9.988609326171874,27.336877697100864,100.95811165745724,66.1338495497678,43.8761745,10.246471833333333,26.9,-0.9312977099236641,-1.3587786259541985,0.4580152671755725
151.47,-0.2211671004536342,25.778832899546366,0.0,0.006687777777777778,9.981618531138906,0.7230489013671875,-0.3184288208007812,9.950302099609374,27.336877697100864,100.95811165745724,66.1338495497678,43.8761745,10.246471833333333,26.9,-0.9923664122137404,-1.3740458015267176,0.4732824427480916
151.48,-0.07866236892936085,25.92133763107064,14.250473152440295,0.006687777777777778,9.981618531138906,0.7230489013671875,-0.3184288208007812,9.950302099609374,27.286535236006603,100.95640620210126,66.11872179802684,43.8761745,10.246471833333333,26.9,-0.9923664122137404,-1.3740458015267176,0.4732824427480916
151.49,-0.07866236892936085,25.92133763107064,0.0,0.006687777777777778,10.023475869645669,0.7541735229492187,-0.3591302490234375,9.988609326171874,27.286535236006603,100.95640620210126,66.11872179802684,43.8761745,10.246471833333333,26.9,-0.8244274809160306,-1.282442748091603,0.3969465648854962
151.5,-0.07866236892936085,25.92133763107064,0.0,0.006687777777777778,9.967313120648042,0.7852981445312499,-0.32082302246093747,9.931148486328125,27.286535236006603,100.95640620210126,66.11872179802684,43.8761745,10.246471833333333,26.9,-0.6412213740458015,-1.297709923664122,0.44274809160305345
151.51,-0.07866236892936085,25.92133763107064,0.0,0.006687777777777778,9.973049817380968,0.7852981445312499,-0.3495534423828125,9.935936889648437,27.286535236006603,100.95640620210126,66.11872179802684,43.8761745,10.246471833333333,26.9,-0.7480916030534351,-1.3129770992366412,0.4580152671755725
151.51,-0.07850531491980339,25.921494685080198,0.0,0.006687777777777778,9.973049817380968,0.7852981445312499,-0.3495534423828125,9.935936889648437,27.246261287247762,100.95640432253722,66.11222675999961,43.8761745,10.246471833333333,26.9,-0.7480916030534351,-1.3129770992366412,0.4580152671755725
151.52,-0.07850531491980339,25.921494685080198,0.0,0.006687777777777778,9.998583151905354,0.7996633544921875,-0.2920926025390625,9.962273107910155,27.246261287247762,100.95640432253722,66.11222675999961,43.8761745,10.246471833333333,26.9,-0.916030534351145,-1.2671755725190839,0.366412213740458
151.53,-0.07850531491980339,25.921494685080198,0.0,0.006687777777777778,10.019610375293313,0.7517793212890624,-0.32082302246093747,9.986215124511718,27.246261287247762,100.95640432253722,66.11222675999961,43.8761745,10.246471833333333,26.9,-0.9618320610687023,-1.3129770992366412,0.33587786259541985
151.54,-0.5197122761520623,25.480287723847937,-44.120696123266015,0.006687777777777778,10.019610375293313,0.7517793212890624,-0.32082302246093747,9.986215124511718,27.221090078353882,100.96168463528603,66.10816862257977,43.8761745,10.246471833333333,26.9,-0.9618320610687023,-1.3129770992366412,0.33587786259541985
151.55,-0.5197122761520623,25.480287723847937,0.0,0.006687777777777778,10.019177859679012,0.7996633544921875,-0.3399766357421875,9.981426721191406,27.221090078353882,100.96168463528603,66.10816862257977,43.8761745,10.246471833333333,26.9,-0.8244274809160306,-1.3129770992366412,0.42748091603053434
151.56,-0.5197122761520623,25.480287723847937,0.0,0.006687777777777778,10.041906553394972,0.7685387329101562,-0.3064578125,10.007762939453125,27.221090078353882,100.96168463528603,66.10816862257977,43.8761745,10.246471833333333,26.9,-0.5648854961832062,-1.282442748091603,0.33587786259541985
151.56,-0.5197122761520623,25.480287723847937,0.0,0.006687777777777778,10.041906553394972,0.7685387329101562,-0.3064578125,10.007762939453125,27.221090078353882,100.96168463528603,66.10816862257977,43.8761745,10.246471833333333,26.9,-0.5648854961832062,-1.282442748091603,0.33587786259541985
151.57,-0.5197122761520623,25.480287723847937,0.0,0.006687777777777778,10.000760026949843,0.7757213378906249,-0.3447650390625,9.964667309570311,27.221090078353882,100.96168463528603,66.10816862257977,43.8761745,10.246471833333333,26.9,-0.916030534351145,-1.297709923664122,0.3511450381679389
151.57,0.12122039946911967,26.12122039946912,0.0,0.006687777777777778,10.000760026949843,0.7757213378906249,-0.3447650390625,9.964667309570311,27.175781919946893,100.95401410232463,66.09386321136658,43.8761745,10.246471833333333,26.9,-0.916030534351145,-1.297709923664122,0.3511450381679389
151.58,0.12122039946911967,26.12122039946912,0.0,0.006687777777777778,9.992192238770176,0.74699091796875,-0.29448680419921874,9.95987890625,27.175781919946893,100.95401410232463,66.09386321136658,43.8761745,10.246471833333333,26.9,-0.732824427480916,-1.251908396946565,0.366412213740458
151.59,0.12122039946911967,26.12122039946912,0.0,0.006687777777777778,9.992839602211497,0.7781155395507812,-0.316034619140625,9.957484704589843,27.175781919946893,100.95401410232463,66.09386321136658,43.8761745,10.246471833333333,26.9,-0.6870229007633588,-1.2213740458015268,0.3816793893129771
151.6,-0.10623072015390811,25.89376927984609,-22.745111962323463,0.006687777777777778,9.992839602211497,0.7781155395507812,-0.316034619140625,9.957484704589843,27.135508020361886,100.9567361303247,66.08037303750446,43.8761745,10.246471833333333,26.9,-0.6870229007633588,-1.2213740458015268,0.3816793893129771
151.61,-0.10623072015390811,25.89376927984609,0.0,0.006687777777777778,10.01363417098344,0.7302315063476562,-0.3327940307617187,9.981426721191406,27.135508020361886,100.9567361303247,66.08037303750446,43.8761745,10.246471833333333,26.9,-0.9312977099236641,-1.251908396946565,0.3511450381679389
151.62,-0.10623072015390811,25.89376927984609,0.0,0.006687777777777778,10.016611273450854,0.7445967163085937,-0.3184288208007812,9.983820922851562,27.135508020361886,100.9567361303247,66.08037303750446,43.8761745,10.246471833333333,26.9,-0.8091603053435115,-1.3282442748091603,0.42748091603053434
151.63,-0.10623072015390811,25.89376927984609,0.0,0.006687777777777778,9.946706114752292,0.7254431030273437,-0.3399766357421875,9.91438907470703,27.135508020361886,100.9567361303247,66.08037303750446,43.8761745,10.246471833333333,26.9,-1.099236641221374,-1.3893129770992367,0.3511450381679389
151.63,-0.1629833261929492,25.83701667380705,0.0,0.006687777777777778,9.946706114752292,0.7254431030273437,-0.3399766357421875,9.91438907470703,27.115371077274904,100.95741532807968,66.07713037459995,43.8761745,10.246471833333333,26.9,-1.099236641221374,-1.3893129770992367,0.3511450381679389
151.64,-0.1629833261929492,25.83701667380705,0.0,0.006687777777777778,10.008167024422315,0.7206546997070312,-0.3327940307617187,9.976638317871092,27.115371077274904,100.95741532807968,66.07713037459995,43.8761745,10.246471833333333,26.9,-0.8854961832061069,-1.3435114503816794,0.3511450381679389
151.65,-0.1629833261929492,25.83701667380705,0.0,0.006687777777777778,10.020838308949461,0.7709329345703124,-0.3136404174804687,9.986215124511718,27.115371077274904,100.95741532807968,66.07713037459995,43.8761745,10.246471833333333,26.9,-1.1297709923664123,-1.3893129770992367,0.33587786259541985
151.66,-0.048693691441852316,25.95130630855815,11.428963475120083,0.006687777777777778,10.020838308949461,0.7709329345703124,-0.3136404174804687,9.986215124511718,27.075097204511984,100.95604754861712,66.05664416323522,43.8761745,10.246471833333333,26.9,-1.1297709923664123,-1.3893129770992367,0.33587786259541985
151.66,-0.048693691441852316,25.95130630855815,11.428963475120083,0.006687777777777778,10.020838308949461,0.7709329345703124,-0.3136404174804687,9.986215124511718,27.075097204511984,100.95604754861712,66.05664416323522,43.8761745,10.246471833333333,26.9,-1.1297709923664123,-1.3893129770992367,0.33587786259541985
151.67,-0.048693691441852316,25.95130630855815,0.0,0.006687777777777778,9.96136366103384,0.7661445312499999,-0.33039982910156246,9.926360083007811,27.075097204511984,100.95604754861712,66.05664416323522,43.8761745,10.246471833333333,26.9,-1.1450381679389312,-1.3282442748091603,0.3053435114503817
151.68,-0.048693691441852316,25.95130630855815,0.0,0.006687777777777778,10.008187070735913,0.7709329345703124,-0.28969840087890625,9.974244116210937,27.075097204511984,100.95604754861712,66.05664416323522,43.8761745,10.246471833333333,26.9,-0.9007633587786259,-1.4045801526717556,0.32061068702290074
151.69,-0.048693691441852316,25.95130630855815,0.0,0.006687777777777778,10.003541266234945,0.7829039428710937,-0.3399766357421875,9.967061511230469,27.075097204511984,100.95604754861712,66.05664416323522,43.8761745,10.246471833333333,26.9,-0.6106870229007634,-1.297709923664122,0.2748091603053435
151.69,0.00846900613986623,26.008469006139865,0.0,0.006687777777777778,10.003541266234945,0.7829039428710937,-0.3399766357421875,9.967061511230469,27.05496027483605,100.95536345053065,66.07440758500543,43.8761745,10.246471833333333,26.9,-0.6106870229007634,-1.297709923664122,0.2748091603053435
151.7,0.00846900613986623,26.008469006139865,0.0,0.006687777777777778,9.97828861196876,0.7852981445312499,-0.28969840087890625,9.943119494628906,27.05496027483605,100.95536345053065,66.07440758500543,43.8761745,10.246471833333333,26.9,-0.8091603053435115,-1.3740458015267176,0.3511450381679389
151.71,0.00846900613986623,26.008469006139865,0.0,0.006687777777777778,10.036380559402408,0.7757213378906249,-0.3399766357421875,10.000580334472655,27.05496027483605,100.95536345053065,66.07440758500543,43.8761745,10.246471833333333,26.9,-0.9007633587786259,-1.3282442748091603,0.3816793893129771
151.72,-0.2759438331639408,25.72405616683606,-28.441283930406566,0.006687777777777778,10.036380559402408,0.7757213378906249,-0.3399766357421875,10.000580334472655,27.03482334963046,100.95876721573705,66.03616337558918,43.8761745,10.246471833333333,26.9,-0.9007633587786259,-1.3282442748091603,0.3816793893129771
151.73,-0.2759438331639408,25.72405616683606,0.0,0.006687777777777778,10.020792260577663,0.8044517578125,-0.30406361083984373,9.983820922851562,27.03482334963046,100.95876721573705,66.03616337558918,43.8761745,10.246471833333333,26.9,-0.8854961832061069,-1.3587786259541985,0.3816793893129771
151.74,-0.2759438331639408,25.72405616683606,0.0,0.006687777777777778,9.96897962107734,0.7565677246093749,-0.2920926025390625,9.935936889648437,27.03482334963046,100.95876721573705,66.03616337558918,43.8761745,10.246471833333333,26.9,-0.4732824427480916,-1.251908396946565,0.42748091603053434
151.75,-0.2759438331639408,25.72405616683606,0.0,0.006687777777777778,10.029519080353381,0.8116343627929687,-0.33518823242187495,9.991003527832031,27.03482334963046,100.95876721573705,66.03616337558918,43.8761745,10.246471833333333,26.9,-0.8244274809160306,-1.282442748091603,0.4122137404580153
151.75,-0.2613761567814965,25.738623843218505,0.0,0.006687777777777778,10.029519080353381,0.8116343627929687,-0.33518823242187495,9.991003527832031,27.009652199409903,100.958592872018,66.06011660608135,43.8761745,10.246471833333333,26.9,-0.8244274809160306,-1.282442748091603,0.4122137404580153
151.76,-0.2613761567814965,25.738623843218505,0.0,0.006687777777777778,10.029519080353381,0.8116343627929687,-0.33518823242187495,9.991003527832031,27.009652199409903,100.958592872018,66.06011660608135,43.8761745,10.246471833333333,26.9,-0.8244274809160306,-1.282442748091603,0.4122137404580153
151.76,-0.2613761567814965,25.738623843218505,0.0,0.006687777777777778,10.01181421983954,0.7805097412109374,-0.3064578125,9.976638317871092,27.009652199409903,100.958592872018,66.06011660608135,43.8761745,10.246471833333333,26.9,-0.6106870229007634,-1.297709923664122,0.549618320610687
151.77,-0.2613761567814965,25.738623843218505,0.0,0.006687777777777778,10.010519614734967,0.8116343627929687,-0.33758243408203126,9.97184991455078,27.009652199409903,100.958592872018,66.06011660608135,43.8761745,10.246471833333333,26.9,-0.8549618320610687,-1.282442748091603,0.4122137404580153
151.78,-0.005059462340124554,25.994940537659875,25.631669444160508,0.006687777777777778,10.010519614734967,0.8116343627929687,-0.33758243408203126,9.97184991455078,26.999583741277455,100.95552535296727,66.03049633992575,43.8761745,10.246471833333333,26.9,-0.8549618320610687,-1.282442748091603,0.4122137404580153
151.79,-0.005059462340124554,25.994940537659875,0.0,0.006687777777777778,10.023234534381976,0.7565677246093749,-0.34715924072265625,9.988609326171874,26.999583741277455,100.95552535296727,66.03049633992575,43.8761745,10.246471833333333,26.9,-0.9770992366412213,-1.3129770992366412,0.4122137404580153
151.8,-0.005059462340124554,25.994940537659875,0.0,0.006687777777777778,10.038504983959339,0.7852981445312499,-0.30885201416015623,10.002974536132811,26.999583741277455,100.95552535296727,66.03049633992575,43.8761745,10.246471833333333,26.9,-1.1297709923664123,-1.3129770992366412,0.366412213740458
151.81,-0.005059462340124554,25.994940537659875,0.0,0.006687777777777778,10.0275596736731,0.7829039428710937,-0.3447650390625,9.991003527832031,26.999583741277455,100.95552535296727,66.03049633992575,43.8761745,10.246471833333333,26.9,-0.6259541984732825,-1.282442748091603,0.4122137404580153
151.81,0.05215233220206339,26.052152332202063,0.0,0.006687777777777778,10.0275596736731,0.7829039428710937,-0.3447650390625,9.991003527832031,26.979446828365326,100.95484067017911,66.02725889048693,43.8761745,10.246471833333333,26.9,-0.6259541984732825,-1.282442748091603,0.4122137404580153
151.82,0.05215233220206339,26.052152332202063,0.0,0.006687777777777778,10.016547179056598,0.7781155395507812,-0.3112462158203125,9.981426721191406,26.979446828365326,100.95484067017911,66.02725889048693,43.8761745,10.246471833333333,26.9,-0.9007633587786259,-1.3740458015267176,0.33587786259541985
151.83,0.05215233220206339,26.052152332202063,0.0,0.006687777777777778,9.980726066706543,0.7805097412109374,-0.30406361083984373,9.945513696289062,26.979446828365326,100.95484067017911,66.02725889048693,43.8761745,10.246471833333333,26.9,-0.9923664122137404,-1.4198473282442747,0.366412213740458
151.84,-0.08970526982334359,25.910294730176656,-14.1857602025536,0.006687777777777778,9.980726066706543,0.7805097412109374,-0.30406361083984373,9.945513696289062,26.949241467379032,100.95653835950723,66.02240388499622,43.8761745,10.246471833333333,26.9,-0.9923664122137404,-1.4198473282442747,0.366412213740458
151.85,-0.08970526982334359,25.910294730176656,0.0,0.006687777777777778,10.057888436654693,0.718260498046875,-0.39264907226562495,10.024522351074218,26.949241467379032,100.95653835950723,66.02240388499622,43.8761745,10.246471833333333,26.9,-0.7022900763358778,-1.2366412213740459,0.44274809160305345
151.86,-0.08970526982334359,25.910294730176656,0.0,0.006687777777777778,9.999822266072384,0.7613561279296874,-0.3495534423828125,9.964667309570311,26.949241467379032,100.95653835950723,66.02240388499622,43.8761745,10.246471833333333,26.9,-0.7938931297709924,-1.251908396946565,0.48854961832061067
151.86,-0.08970526982334359,25.910294730176656,0.0,0.006687777777777778,9.999822266072384,0.7613561279296874,-0.3495534423828125,9.964667309570311,26.949241467379032,100.95653835950723,66.02240388499622,43.8761745,10.246471833333333,26.9,-0.7938931297709924,-1.251908396946565,0.48854961832061067
151.87,-0.08970526982334359,25.910294730176656,0.0,0.006687777777777778,10.015601739097605,0.7445967163085937,-0.3591302490234375,9.981426721191406,26.949241467379032,100.95653835950723,66.02240388499622,43.8761745,10.246471833333333,26.9,-0.7938931297709924,-1.282442748091603,0.48854961832061067
151.87,0.13799236222124422,26.137992362221244,0.0,0.006687777777777778,10.015601739097605,0.7445967163085937,-0.3591302490234375,9.981426721191406,26.949241467379032,100.95381338571697,66.0294031123218,43.8761745,10.246471833333333,26.9,-0.7938931297709924,-1.282442748091603,0.48854961832061067
151.88,0.13799236222124422,26.137992362221244,0.0,0.006687777777777778,10.035955049360387,0.7733271362304687,-0.3327940307617187,10.000580334472655,26.949241467379032,100.95381338571697,66.0294031123218,43.8761745,10.246471833333333,26.9,-1.0381679389312977,-1.297709923664122,0.48854961832061067
151.89,0.13799236222124422,26.137992362221244,0.0,0.006687777777777778,9.973893542836183,0.7565677246093749,-0.296881005859375,9.94072529296875,26.949241467379032,100.95381338571697,66.0294031123218,43.8761745,10.246471833333333,26.9,-0.6564885496183206,-1.282442748091603,0.42748091603053434
151.9,0.13799236222124422,26.137992362221244,0.0,0.006173333333333334,9.973893542836183,0.7565677246093749,-0.296881005859375,9.94072529296875,26.949241467379032,100.95381338571697,66.0294031123218,43.8761745,10.246471333333334,27.0,-0.6564885496183206,-1.282442748091603,0.42748091603053434
151.9,0.0813874727491748,26.081387472749174,0.0,0.006173333333333334,9.973893542836183,0.7565677246093749,-0.296881005859375,9.94072529296875,26.929104565642774,100.9544907997607,66.01916799405639,43.8761745,10.246471333333334,27.0,-0.6564885496183206,-1.282442748091603,0.42748091603053434
151.91,0.0813874727491748,26.081387472749174,0.0,0.006173333333333334,10.024986942374015,0.7757213378906249,-0.28012159423828126,9.991003527832031,26.929104565642774,100.9544907997607,66.01916799405639,43.8761745,10.246471333333334,27.0,-0.7022900763358778,-1.2366412213740459,0.3816793893129771
151.92,0.0813874727491748,26.081387472749174,0.0,0.006173333333333334,10.064407359868051,0.7613561279296874,-0.354341845703125,10.029310754394531,26.929104565642774,100.9544907997607,66.01916799405639,43.8761745,10.246471333333334,27.0,-0.9618320610687023,-1.3435114503816794,0.4580152671755725
151.93,0.0813874727491748,26.081387472749174,0.0,0.006173333333333334,9.98644386544547,0.7589619262695312,-0.3112462158203125,9.952696301269532,26.929104565642774,100.9544907997607,66.01916799405639,43.8761745,10.246471333333334,27.0,-0.9312977099236641,-1.282442748091603,0.366412213740458
151.93,-0.11767226253332597,25.882327737466674,0.0,0.006173333333333334,9.98644386544547,0.7589619262695312,-0.3112462158203125,9.952696301269532,26.919036116451025,100.95687305889138,66.01755028247354,43.8761745,10.246471333333334,27.0,-0.9312977099236641,-1.282442748091603,0.366412213740458
151.94,-0.11767226253332597,25.882327737466674,0.0,0.006173333333333334,10.009326780816563,0.7829039428710937,-0.296881005859375,9.974244116210937,26.919036116451025,100.95687305889138,66.01755028247354,43.8761745,10.246471333333334,27.0,-1.0229007633587786,-1.251908396946565,0.32061068702290074
151.95,-0.11767226253332597,25.882327737466674,0.0,0.006173333333333334,10.013726333348592,0.7613561279296874,-0.33758243408203126,9.97903251953125,26.919036116451025,100.95687305889138,66.01755028247354,43.8761745,10.246471333333334,27.0,-0.7786259541984732,-1.282442748091603,0.3511450381679389
151.96,-0.13164196202119394,25.868358037978805,-1.3969699487840972,0.006173333333333334,10.013726333348592,0.7613561279296874,-0.33758243408203126,9.97903251953125,26.903933444758877,100.95704024380373,66.01512400752448,43.8761745,10.246471333333334,27.0,-0.7786259541984732,-1.282442748091603,0.3511450381679389
151.96,-0.13164196202119394,25.868358037978805,-1.3969699487840972,0.006173333333333334,10.013726333348592,0.7613561279296874,-0.33758243408203126,9.97903251953125,26.903933444758877,100.95704024380373,66.01512400752448,43.8761745,10.246471333333334,27.0,-0.7786259541984732,-1.282442748091603,0.3511450381679389
151.97,-0.13164196202119394,25.868358037978805,0.0,0.006173333333333334,9.999393193952198,0.7876923461914062,-0.34715924072265625,9.962273107910155,26.903933444758877,100.95704024380373,66.01512400752448,43.8761745,10.246471333333334,27.0,-1.083969465648855,-1.297709923664122,0.3511450381679389
151.98,-0.13164196202119394,25.868358037978805,0.0,0.006173333333333334,10.003006053816836,0.7781155395507812,-0.33518823242187495,9.967061511230469,26.903933444758877,100.95704024380373,66.01512400752448,43.8761745,10.246471333333334,27.0,-1.099236641221374,-1.2671755725190839,0.24427480916030533
151.99,-0.13164196202119394,25.868358037978805,0.0,0.006173333333333334,10.020241951858997,0.7517793212890624,-0.3399766357421875,9.986215124511718,26.903933444758877,100.95704024380373,66.01512400752448,43.8761745,10.246471333333334,27.0,-0.7938931297709924,-1.2213740458015268,0.24427480916030533
151.99,-0.06040400427310022,25.9395959957269,0.0,0.006173333333333334,10.020241951858997,0.7517793212890624,-0.3399766357421875,9.986215124511718,26.898899221420287,100.95618769296684,66.01431532720001,43.8761745,10.246471333333334,27.0,-0.7938931297709924,-1.2213740458015268,0.24427480916030533
152.0,-0.06040400427310022,25.9395959957269,0.0,0.006173333333333334,10.029052984324096,0.7493851196289062,-0.3232172241210937,9.995791931152343,26.898899221420287,100.95618769296684,66.01431532720001,43.8761745,10.246471333333334,27.0,-0.9465648854961832,-1.3435114503816794,0.2748091603053435
152.01,-0.06040400427310022,25.9395959957269,0.0,0.006173333333333334,10.039412010542563,0.7517793212890624,-0.34237083740234375,10.005368737792969,26.898899221420287,100.95618769296684,66.01431532720001,43.8761745,10.246471333333334,27.0,-0.9770992366412213,-1.3587786259541985,0.4122137404580153
152.02,0.03947360671356703,26.039473606713567,9.987761098647422,0.006173333333333334,10.039412010542563,0.7517793212890624,-0.34237083740234375,10.005368737792969,26.883796553080902,100.95499240264326,66.00489134123275,43.8761745,10.246471333333334,27.0,-0.9770992366412213,-1.3587786259541985,0.4122137404580153
152.03,0.03947360671356703,26.039473606713567,0.0,0.006173333333333334,10.011676808398194,0.7493851196289062,-0.3016694091796875,9.97903251953125,26.883796553080902,100.95499240264326,66.00489134123275,43.8761745,10.246471333333334,27.0,-1.0381679389312977,-1.3740458015267176,0.42748091603053434
152.04,0.03947360671356703,26.039473606713567,0.0,0.006173333333333334,10.051429157894622,0.7613561279296874,-0.3232172241210937,10.01733974609375,26.883796553080902,100.95499240264326,66.00489134123275,43.8761745,10.246471333333334,27.0,-0.6412213740458015,-1.297709923664122,0.3053435114503817
152.05,0.03947360671356703,26.039473606713567,0.0,0.006173333333333334,9.937530492474407,0.7062894897460937,-0.32082302246093747,9.907206469726562,26.883796553080902,100.95499240264326,66.00489134123275,43.8761745,10.246471333333334,27.0,-0.7786259541984732,-1.282442748091603,0.3053435114503817
152.05,-0.230793831374978,25.769206168625022,0.0,0.006173333333333334,9.937530492474407,0.7062894897460937,-0.32082302246093747,9.907206469726562,26.8787623308599,100.95822686822605,66.01108099594016,43.8761745,10.246471333333334,27.0,-0.7786259541984732,-1.282442748091603,0.3053435114503817
152.06,-0.230793831374978,25.769206168625022,0.0,0.006173333333333334,9.937530492474407,0.7062894897460937,-0.32082302246093747,9.907206469726562,26.8787623308599,100.95822686822605,66.01108099594016,43.8761745,10.246471333333334,27.0,-0.7786259541984732,-1.282442748091603,0.3053435114503817
152.06,-0.230793831374978,25.769206168625022,0.0,0.006173333333333334,9.977460770093986,0.7948749511718749,-0.316034619140625,9.94072529296875,26.8787623308599,100.95822686822605,66.01108099594016,43.8761745,10.246471333333334,27.0,-0.9618320610687023,-1.3129770992366412,0.3511450381679389
152.07,-0.230793831374978,25.769206168625022,0.0,0.006173333333333334,9.987234229799103,0.7996633544921875,-0.3112462158203125,9.950302099609374,26.8787623308599,100.95822686822605,66.01108099594016,43.8761745,10.246471333333334,27.0,-0.732824427480916,-1.1908396946564885,0.3969465648854962
152.08,0.025520711693990394,26.02552071169399,25.631454306847303,0.006173333333333334,9.987234229799103,0.7996633544921875,-0.3112462158203125,9.950302099609374,26.868693887256086,100.95515938392633,65.9884707791506,43.8761745,10.246471333333334,27.0,-0.732824427480916,-1.1908396946564885,0.3969465648854962
152.09,0.025520711693990394,26.02552071169399,0.0,0.006173333333333334,9.954191341136498,0.7445967163085937,-0.3064578125,9.9215716796875,26.868693887256086,100.95515938392633,65.9884707791506,43.8761745,10.246471333333334,27.0,-0.9618320610687023,-1.282442748091603,0.3511450381679389
152.1,0.025520711693990394,26.02552071169399,0.0,0.006173333333333334,10.009556138942667,0.7996633544921875,-0.33758243408203126,9.97184991455078,26.868693887256086,100.95515938392633,65.9884707791506,43.8761745,10.246471333333334,27.0,-1.1145038167938932,-1.282442748091603,0.3053435114503817
152.11,0.025520711693990394,26.02552071169399,0.0,0.006173333333333334,10.038515262340027,0.7900865478515624,-0.3687070556640625,10.000580334472655,26.868693887256086,100.95515938392633,65.9884707791506,43.8761745,10.246471333333334,27.0,-1.1297709923664123,-1.3129770992366412,0.4122137404580153
152.11,-0.2873261727821186,25.71267382721788,0.0,0.006173333333333334,10.038515262340027,0.7900865478515624,-0.3687070556640625,10.000580334472655,26.85862544476986,100.95890343800345,66.00784728888286,43.8761745,10.246471333333334,27.0,-1.1297709923664123,-1.3129770992366412,0.4122137404580153
152.12,-0.2873261727821186,25.71267382721788,0.0,0.006173333333333334,10.00316421378624,0.7541735229492187,-0.3232172241210937,9.969455712890625,26.85862544476986,100.95890343800345,66.00784728888286,43.8761745,10.246471333333334,27.0,-0.8091603053435115,-1.2671755725190839,0.3511450381679389
152.13,-0.2873261727821186,25.71267382721788,0.0,0.006173333333333334,9.930007307772362,0.7541735229492187,-0.2705447875976562,9.897629663085937,26.85862544476986,100.95890343800345,66.00784728888286,43.8761745,10.246471333333334,27.0,-0.9618320610687023,-1.3129770992366412,0.3816793893129771
152.14,-0.1448424404857085,25.855157559514293,14.248373229653968,0.006173333333333334,9.930007307772362,0.7541735229492187,-0.2705447875976562,9.897629663085937,26.84855700340122,100.95719822313002,66.01322863504558,43.8761745,10.246471333333334,27.0,-0.9618320610687023,-1.3129770992366412,0.3816793893129771
152.15,-0.1448424404857085,25.855157559514293,0.0,0.006173333333333334,9.948645722627333,0.7493851196289062,-0.3447650390625,9.91438907470703,26.84855700340122,100.95719822313002,66.01322863504558,43.8761745,10.246471333333334,27.0,-0.8854961832061069,-1.3282442748091603,0.4580152671755725
152.16,-0.1448424404857085,25.855157559514293,0.0,0.006173333333333334,10.044778263939525,0.7852981445312499,-0.354341845703125,10.007762939453125,26.84855700340122,100.95719822313002,66.01322863504558,43.8761745,10.246471333333334,27.0,-0.7022900763358778,-1.2061068702290076,0.32061068702290074
152.16,-0.1448424404857085,25.855157559514293,0.0,0.006173333333333334,10.044778263939525,0.7852981445312499,-0.354341845703125,10.007762939453125,26.84855700340122,100.95719822313002,66.01322863504558,43.8761745,10.246471333333334,27.0,-0.7022900763358778,-1.2061068702290076,0.32061068702290074
152.17,-0.1448424404857085,25.855157559514293,0.0,0.006173333333333334,10.011701428086784,0.7781155395507812,-0.30885201416015623,9.976638317871092,26.84855700340122,100.95719822313002,66.01322863504558,43.8761745,10.246471333333334,27.0,-0.4580152671755725,-1.2061068702290076,0.32061068702290074
152.18,-0.1448424404857085,25.855157559514293,0.0,0.006173333333333334,9.94045715260573,0.7493851196289062,-0.3136404174804687,9.907206469726562,26.84855700340122,100.95719822313002,66.01322863504558,43.8761745,10.246471333333334,27.0,-0.5343511450381679,-1.2213740458015268,0.3816793893129771
152.19,-0.1448424404857085,25.855157559514293,0.0,0.006173333333333334,10.002208052788621,0.7613561279296874,-0.3495534423828125,9.967061511230469,26.84855700340122,100.95719822313002,66.01322863504558,43.8761745,10.246471333333334,27.0,-0.6717557251908397,-1.297709923664122,0.4122137404580153
152.21,-0.1448424404857085,25.855157559514293,0.0,0.006173333333333334,10.057463266620497,0.7685387329101562,-0.3447650390625,10.022128149414062,26.84855700340122,100.95719822313002,66.01322863504558,43.8761745,10.246471333333334,27.0,-0.7633587786259542,-1.3587786259541985,0.44274809160305345
152.22,-0.1448424404857085,25.855157559514293,0.0,0.006173333333333334,10.042977084275314,0.7805097412109374,-0.3112462158203125,10.007762939453125,26.84855700340122,100.95719822313002,66.01322863504558,43.8761745,10.246471333333334,27.0,-0.7480916030534351,-1.251908396946565,0.3053435114503817
152.23,-0.1448424404857085,25.855157559514293,0.0,0.006173333333333334,10.053328034972314,0.7517793212890624,-0.33039982910156246,10.019733947753906,26.84855700340122,100.95719822313002,66.01322863504558,43.8761745,10.246471333333334,27.0,-0.9465648854961832,-1.3282442748091603,0.44274809160305345
152.24,-0.1448424404857085,25.855157559514293,0.0,0.006173333333333334,10.012289419868953,0.7565677246093749,-0.30406361083984373,9.97903251953125,26.84855700340122,100.95719822313002,66.01322863504558,43.8761745,10.246471333333334,27.0,-0.9923664122137404,-1.282442748091603,0.5190839694656488
152.25,-0.1448424404857085,25.855157559514293,0.0,0.006173333333333334,9.943448382049509,0.7781155395507812,-0.33758243408203126,9.907206469726562,26.84855700340122,100.95719822313002,66.01322863504558,43.8761745,10.246471333333334,27.0,-0.6412213740458015,-1.2366412213740459,0.4732824427480916
152.26,-0.1448424404857085,25.855157559514293,0.0,0.006173333333333334,9.943448382049509,0.7781155395507812,-0.33758243408203126,9.907206469726562,26.84855700340122,100.95719822313002,66.01322863504558,43.8761745,10.246471333333334,27.0,-0.6412213740458015,-1.2366412213740459,0.4732824427480916
152.27,-0.1448424404857085,25.855157559514293,0.0,0.006173333333333334,10.011369057182415,0.7757213378906249,-0.30406361083984373,9.976638317871092,26.84855700340122,100.95719822313002,66.01322863504558,43.8761745,10.246471333333334,27.0,-1.099236641221374,-1.3282442748091603,0.42748091603053434
152.28,-0.1448424404857085,25.855157559514293,0.0,0.006173333333333334,10.03197722851517,0.8164227661132812,-0.32561142578124996,9.993397729492187,26.84855700340122,100.95719822313002,66.01322863504558,43.8761745,10.246471333333334,27.0,-0.7480916030534351,-1.251908396946565,0.366412213740458
152.29,-0.1448424404857085,25.855157559514293,0.0,0.006173333333333334,10.03314937278264,0.7709329345703124,-0.32561142578124996,9.9981861328125,26.84855700340122,100.95719822313002,66.01322863504558,43.8761745,10.246471333333334,27.0,-0.8854961832061069,-1.3282442748091603,0.3969465648854962
152.3,-0.1448424404857085,25.855157559514293,0.0,0.006173333333333334,9.98622660473365,0.7685387329101562,-0.354341845703125,9.950302099609374,26.84855700340122,100.95719822313002,66.01322863504558,43.8761745,10.246471333333334,27.0,-1.0229007633587786,-1.3740458015267176,0.42748091603053434
152.31,-0.1448424404857085,25.855157559514293,0.0,0.006173333333333334,10.0327671482419,0.7852981445312499,-0.35194764404296874,9.995791931152343,26.84855700340122,100.95719822313002,66.01322863504558,43.8761745,10.246471333333334,27.0,-0.9007633587786259,-1.4045801526717556,0.3969465648854962
152.33,-0.1448424404857085,25.855157559514293,0.0,0.006173333333333334,9.991065491162361,0.7278373046875,-0.30406361083984373,9.95987890625,26.84855700340122,100.95719822313002,66.01322863504558,43.8761745,10.246471333333334,27.0,-0.7938931297709924,-1.3282442748091603,0.32061068702290074
152.34,-0.1448424404857085,25.855157559514293,0.0,0.006173333333333334,9.969533046914238,0.74699091796875,-0.3327940307617187,9.935936889648437,26.84855700340122,100.95719822313002,66.01322863504558,43.8761745,10.246471333333334,27.0,-0.015267175572519083,-1.3435114503816794,-0.015267175572519083
152.34,-0.031012439393245383,25.968987560606756,0.0,0.006173333333333334,9.969533046914238,0.74699091796875,-0.3327940307617187,9.935936889648437,26.84855700340122,100.95583594674878,65.98523814108084,43.8761745,10.246471333333334,27.0,-0.015267175572519083,-1.3435114503816794,-0.015267175572519083
152.34,-0.031012439393245383,25.968987560606756,0.0,0.006173333333333334,9.969533046914238,0.74699091796875,-0.3327940307617187,9.935936889648437,26.84855700340122,100.95583594674878,65.98523814108084,43.8761745,10.246471333333334,27.0,-0.015267175572519083,-1.3435114503816794,-0.015267175572519083
152.35,-0.031012439393245383,25.968987560606756,0.0,0.006173333333333334,10.023897906449124,0.7757213378906249,-0.3232172241210937,9.988609326171874,26.84855700340122,100.95583594674878,65.98523814108084,43.8761745,10.246471333333334,27.0,-1.0076335877862594,-1.3435114503816794,0.3816793893129771
152.36,-0.031012439393245383,25.968987560606756,0.0,0.006173333333333334,10.023897906449124,0.7757213378906249,-0.3232172241210937,9.988609326171874,26.84855700340122,100.95583594674878,65.98523814108084,43.8761745,10.246471333333334,27.0,-1.0076335877862594,-1.3435114503816794,0.3816793893129771
152.36,-0.031012439393245383,25.968987560606756,0.0,0.006173333333333334,10.00926750763724,0.7589619262695312,-0.35194764404296874,9.974244116210937,26.84855700340122,100.95583594674878,65.98523814108084,43.8761745,10.246471333333334,27.0,-1.0534351145038168,-1.297709923664122,0.3053435114503817
152.37,0.37724104590888485,26.377241045908885,40.82534853025015,0.006173333333333334,10.00926750763724,0.7589619262695312,-0.35194764404296874,9.974244116210937,27.487905248021708,100.95095023875909,66.09518348587052,43.8761745,10.246471333333334,27.0,-1.0534351145038168,-1.297709923664122,0.3053435114503817
152.37,0.37724104590888485,26.377241045908885,40.82534853025015,0.006173333333333334,10.014319357844169,0.7637503295898437,-0.3495534423828125,9.97903251953125,27.487905248021708,100.95095023875909,66.09518348587052,43.8761745,10.246471333333334,27.0,-1.0229007633587786,-1.2366412213740459,0.3969465648854962
152.39,0.37724104590888485,26.377241045908885,0.0,0.006173333333333334,10.000123207476296,0.7685387329101562,-0.34237083740234375,9.964667309570311,27.487905248021708,100.95095023875909,66.09518348587052,43.8761745,10.246471333333334,27.0,-1.1145038167938932,-1.297709923664122,0.366412213740458
152.4,0.37724104590888485,26.377241045908885,0.0,0.006173333333333334,10.029022977399801,0.7661445312499999,-0.28012159423828126,9.995791931152343,27.487905248021708,100.95095023875909,66.09518348587052,43.8761745,10.246471333333334,27.0,-0.7022900763358778,-1.2671755725190839,0.366412213740458
152.4,0.006800223812744033,26.006800223812743,0.0,0.006173333333333334,10.029022977399801,0.7661445312499999,-0.28012159423828126,9.995791931152343,27.45769971772097,100.95538342173226,66.11132188626746,43.8761745,10.246471333333334,27.0,-0.7022900763358778,-1.2671755725190839,0.366412213740458
152.41,0.006800223812744033,26.006800223812743,0.0,0.006173333333333334,10.058520744101454,0.737414111328125,-0.3016694091796875,10.026916552734374,27.45769971772097,100.95538342173226,66.11132188626746,43.8761745,10.246471333333334,27.0,-0.9312977099236641,-1.3282442748091603,0.3816793893129771
152.42,0.006800223812744033,26.006800223812743,0.0,0.006173333333333334,9.944804171161943,0.7972691528320313,-0.3327940307617187,9.907206469726562,27.45769971772097,100.95538342173226,66.11132188626746,43.8761745,10.246471333333334,27.0,-0.732824427480916,-1.297709923664122,0.4122137404580153
152.43,-0.05029975676529741,25.9497002432347,-5.709998057793109,0.006173333333333334,9.944804171161943,0.7972691528320313,-0.3327940307617187,9.907206469726562,27.39728868729435,100.95606676935654,66.09456339462571,43.8761745,10.246471333333334,27.0,-0.732824427480916,-1.297709923664122,0.4122137404580153
152.43,-0.05029975676529741,25.9497002432347,-5.709998057793109,0.006173333333333334,10.03758245643047,0.7900865478515624,-0.34237083740234375,10.000580334472655,27.39728868729435,100.95606676935654,66.09456339462571,43.8761745,10.246471333333334,27.0,-0.7786259541984732,-1.3129770992366412,0.4122137404580153
152.45,-0.05029975676529741,25.9497002432347,0.0,0.006173333333333334,10.038190917253369,0.74699091796875,-0.316034619140625,10.005368737792969,27.39728868729435,100.95606676935654,66.09456339462571,43.8761745,10.246471333333334,27.0,-0.6564885496183206,-1.251908396946565,0.3969465648854962
152.46,-0.05029975676529741,25.9497002432347,0.0,0.006173333333333334,10.025904911481724,0.7757213378906249,-0.3112462158203125,9.991003527832031,27.39728868729435,100.95606676935654,66.09456339462571,43.8761745,10.246471333333334,27.0,-0.9312977099236641,-1.3282442748091603,0.3511450381679389
152.46,0.06360879213070492,26.063608792130704,0.0,0.006173333333333334,10.025904911481724,0.7757213378906249,-0.3112462158203125,9.991003527832031,27.357014689361677,100.95470356531926,66.08106045306789,43.8761745,10.246471333333334,27.0,-0.9312977099236641,-1.3282442748091603,0.3511450381679389
152.46,0.06360879213070492,26.063608792130704,0.0,0.006173333333333334,10.025904911481724,0.7757213378906249,-0.3112462158203125,9.991003527832031,27.357014689361677,100.95470356531926,66.08106045306789,43.8761745,10.246471333333334,27.0,-0.9312977099236641,-1.3282442748091603,0.3511450381679389
152.47,0.06360879213070492,26.063608792130704,0.0,0.006173333333333334,9.946506427763929,0.7661445312499999,-0.3136404174804687,9.911994873046874,27.357014689361677,100.95470356531926,66.08106045306789,43.8761745,10.246471333333334,27.0,-0.7022900763358778,-1.2671755725190839,0.3511450381679389
152.48,0.06360879213070492,26.063608792130704,0.0,0.006173333333333334,9.976500134648884,0.7661445312499999,-0.354341845703125,9.94072529296875,27.357014689361677,100.95470356531926,66.08106045306789,43.8761745,10.246471333333334,27.0,-0.9770992366412213,-1.3129770992366412,0.3816793893129771
152.49,-0.13567321222117457,25.864326787778825,-19.928200435149435,0.006173333333333334,9.976500134648884,0.7661445312499999,-0.354341845703125,9.94072529296875,27.306672217091545,100.9570884885634,66.08694825033096,43.8761745,10.246471333333334,27.0,-0.9770992366412213,-1.3129770992366412,0.3816793893129771
152.49,-0.13567321222117457,25.864326787778825,-19.928200435149435,0.006173333333333334,10.100017386216592,0.7757213378906249,-0.316034619140625,10.065223779296874,27.306672217091545,100.9570884885634,66.08694825033096,43.8761745,10.246471333333334,27.0,-0.9770992366412213,-1.3282442748091603,0.2900763358778626
152.51,-0.13567321222117457,25.864326787778825,0.0,0.006173333333333334,10.05603174770429,0.7900865478515624,-0.3232172241210937,10.019733947753906,27.306672217091545,100.9570884885634,66.08694825033096,43.8761745,10.246471333333334,27.0,-0.6412213740458015,-1.2366412213740459,0.3969465648854962
152.52,-0.13567321222117457,25.864326787778825,0.0,0.006173333333333334,10.004625356108049,0.7996633544921875,-0.3327940307617187,9.967061511230469,27.306672217091545,100.9570884885634,66.08694825033096,43.8761745,10.246471333333334,27.0,-0.42748091603053434,-1.1908396946564885,0.3816793893129771
152.52,-0.13554296367973118,25.864457036320267,0.0,0.006173333333333334,10.004625356108049,0.7996633544921875,-0.3327940307617187,9.967061511230469,27.26639825939201,100.95708692978867,66.05944555893309,43.8761745,10.246471333333334,27.0,-0.42748091603053434,-1.1908396946564885,0.3816793893129771
152.53,-0.13554296367973118,25.864457036320267,0.0,0.006173333333333334,9.988712049061018,0.7709329345703124,-0.35194764404296874,9.952696301269532,27.26639825939201,100.95708692978867,66.05944555893309,43.8761745,10.246471333333334,27.0,-0.8244274809160306,-1.3740458015267176,0.3511450381679389
152.54,-0.13554296367973118,25.864457036320267,0.0,0.006173333333333334,10.023315742631222,0.737414111328125,-0.32082302246093747,9.991003527832031,27.26639825939201,100.95708692978867,66.05944555893309,43.8761745,10.246471333333334,27.0,-0.6564885496183206,-1.3282442748091603,0.366412213740458
152.55,-0.4058208289261378,25.59417917107386,-27.027786524588425,0.006173333333333334,10.023315742631222,0.737414111328125,-0.32082302246093747,9.991003527832031,27.221090078353882,100.96032157449937,66.05214476906374,43.8761745,10.246471333333334,27.0,-0.6564885496183206,-1.3282442748091603,0.366412213740458
152.55,-0.4058208289261378,25.59417917107386,-27.027786524588425,0.006173333333333334,9.993029759046065,0.7493851196289062,-0.316034619140625,9.95987890625,27.221090078353882,100.96032157449937,66.05214476906374,43.8761745,10.246471333333334,27.0,-0.916030534351145,-1.3282442748091603,0.3053435114503817
152.56,-0.4058208289261378,25.59417917107386,0.0,0.006173333333333334,9.993029759046065,0.7493851196289062,-0.316034619140625,9.95987890625,27.221090078353882,100.96032157449937,66.05214476906374,43.8761745,10.246471333333334,27.0,-0.916030534351145,-1.3282442748091603,0.3053435114503817
152.57,-0.4058208289261378,25.59417917107386,0.0,0.006173333333333334,10.030738657723893,0.7876923461914062,-0.35673604736328124,9.993397729492187,27.221090078353882,100.96032157449937,66.05214476906374,43.8761745,10.246471333333334,27.0,-0.9465648854961832,-1.3129770992366412,0.4122137404580153
152.58,-0.4058208289261378,25.59417917107386,0.0,0.006173333333333334,10.015431184131197,0.7565677246093749,-0.3280056274414062,9.981426721191406,27.221090078353882,100.96032157449937,66.05214476906374,43.8761745,10.246471333333334,27.0,-1.0229007633587786,-1.282442748091603,0.3511450381679389
152.58,-0.04975089920979059,25.95024910079021,0.0,0.006173333333333334,10.015431184131197,0.7565677246093749,-0.3280056274414062,9.981426721191406,27.19591887644492,100.95606020085128,66.027085898067,43.8761745,10.246471333333334,27.0,-1.0229007633587786,-1.282442748091603,0.3511450381679389
152.59,-0.04975089920979059,25.95024910079021,0.0,0.006173333333333334,10.012791504311261,0.7781155395507812,-0.34237083740234375,9.976638317871092,27.19591887644492,100.95606020085128,66.027085898067,43.8761745,10.246471333333334,27.0,-1.099236641221374,-1.3129770992366412,0.42748091603053434
152.6,-0.04975089920979059,25.95024910079021,0.0,0.006173333333333334,9.9947447356441,0.7709329345703124,-0.3184288208007812,9.95987890625,27.19591887644492,100.95606020085128,66.027085898067,43.8761745,10.246471333333334,27.0,-0.7022900763358778,-1.297709923664122,0.3511450381679389
152.61,-0.2772252724474855,25.722774727552515,-22.747437323725528,0.006173333333333334,9.9947447356441,0.7709329345703124,-0.3184288208007812,9.95987890625,27.155644967919216,100.9587825518178,66.04160473352586,43.8761745,10.246471333333334,27.0,-0.7022900763358778,-1.297709923664122,0.3511450381679389
152.61,-0.2772252724474855,25.722774727552515,-22.747437323725528,0.006173333333333334,10.009850202159733,0.7709329345703124,-0.34237083740234375,9.974244116210937,27.155644967919216,100.9587825518178,66.04160473352586,43.8761745,10.246471333333334,27.0,-0.6870229007633588,-1.3587786259541985,0.4732824427480916
152.63,-0.2772252724474855,25.722774727552515,0.0,0.006173333333333334,10.031054100647214,0.7781155395507812,-0.3854664672851562,9.993397729492187,27.155644967919216,100.9587825518178,66.04160473352586,43.8761745,10.246471333333334,27.0,-0.7786259541984732,-1.3740458015267176,0.4122137404580153
152.64,-0.2772252724474855,25.722774727552515,0.0,0.006173333333333334,10.009786350803038,0.814028564453125,-0.30885201416015623,9.97184991455078,27.155644967919216,100.9587825518178,66.04160473352586,43.8761745,10.246471333333334,27.0,-0.7022900763358778,-1.3282442748091603,0.44274809160305345
152.64,-0.07767021306958499,25.922329786930415,0.0,0.006173333333333334,10.009786350803038,0.814028564453125,-0.30885201416015623,9.97184991455078,27.1254395482596,100.95639432834909,66.04374329766054,43.8761745,10.246471333333334,27.0,-0.7022900763358778,-1.3282442748091603,0.44274809160305345
152.65,-0.07767021306958499,25.922329786930415,0.0,0.006173333333333334,10.022646612784444,0.7541735229492187,-0.33518823242187495,9.988609326171874,27.1254395482596,100.95639432834909,66.04374329766054,43.8761745,10.246471333333334,27.0,-0.7786259541984732,-1.2671755725190839,0.3816793893129771
152.66,-0.07767021306958499,25.922329786930415,0.0,0.006173333333333334,10.022646612784444,0.7541735229492187,-0.33518823242187495,9.988609326171874,27.1254395482596,100.95639432834909,66.04374329766054,43.8761745,10.246471333333334,27.0,-0.7786259541984732,-1.2671755725190839,0.3816793893129771
152.66,-0.07767021306958499,25.922329786930415,0.0,0.006173333333333334,9.99505816026214,0.7445967163085937,-0.316034619140625,9.962273107910155,27.1254395482596,100.95639432834909,66.04374329766054,43.8761745,10.246471333333334,27.0,-0.9007633587786259,-1.3282442748091603,0.3511450381679389
152.67,-0.1344153879270693,25.86558461207293,-5.674517485753593,0.006173333333333334,9.99505816026214,0.7445967163085937,-0.316034619140625,9.962273107910155,27.105302607407793,100.95707343530803,66.01950070596514,43.8761745,10.246471333333334,27.0,-0.9007633587786259,-1.3282442748091603,0.3511450381679389
152.67,-0.1344153879270693,25.86558461207293,-5.674517485753593,0.006173333333333334,10.017054200286791,0.7757213378906249,-0.3327940307617187,9.981426721191406,27.105302607407793,100.95707343530803,66.01950070596514,43.8761745,10.246471333333334,27.0,-0.7175572519083969,-1.282442748091603,0.366412213740458
152.69,-0.1344153879270693,25.86558461207293,0.0,0.006173333333333334,10.013690842351883,0.7565677246093749,-0.34715924072265625,9.97903251953125,27.105302607407793,100.95707343530803,66.01950070596514,43.8761745,10.246471333333334,27.0,-0.9007633587786259,-1.297709923664122,0.4732824427480916
152.7,-0.1344153879270693,25.86558461207293,0.0,0.006173333333333334,10.00003321261519,0.7805097412109374,-0.3112462158203125,9.964667309570311,27.105302607407793,100.95707343530803,66.01950070596514,43.8761745,10.246471333333334,27.0,-0.7633587786259542,-1.3435114503816794,0.5038167938931297
152.7,-0.16256323408847306,25.837436765911526,0.0,0.006173333333333334,10.00003321261519,0.7805097412109374,-0.3112462158203125,9.964667309570311,27.075097204511984,100.95741030053286,66.02864139470837,43.8761745,10.246471333333334,27.0,-0.7633587786259542,-1.3435114503816794,0.5038167938931297
152.71,-0.16256323408847306,25.837436765911526,0.0,0.006173333333333334,10.025903482133938,0.7422025146484375,-0.316034619140625,9.993397729492187,27.075097204511984,100.95741030053286,66.02864139470837,43.8761745,10.246471333333334,27.0,-0.8854961832061069,-1.297709923664122,0.4122137404580153
152.72,-0.16256323408847306,25.837436765911526,0.0,0.006173333333333334,9.99179066305503,0.7709329345703124,-0.3711012573242187,9.955090502929687,27.075097204511984,100.95741030053286,66.02864139470837,43.8761745,10.246471333333334,27.0,-0.8091603053435115,-1.2061068702290076,0.366412213740458
152.73,-0.3757638395078522,25.62423616049215,-21.320060541957304,0.006173333333333334,9.99179066305503,0.7709329345703124,-0.3711012573242187,9.955090502929687,27.049926043115555,100.95996185283809,66.02459239257985,43.8761745,10.246471333333334,27.0,-0.8091603053435115,-1.2061068702290076,0.366412213740458
152.73,-0.3757638395078522,25.62423616049215,-21.320060541957304,0.006173333333333334,10.040451121897464,0.7876923461914062,-0.36152445068359373,10.002974536132811,27.049926043115555,100.95996185283809,66.02459239257985,43.8761745,10.246471333333334,27.0,-0.9312977099236641,-1.2061068702290076,0.32061068702290074
152.75,-0.3757638395078522,25.62423616049215,0.0,0.006173333333333334,10.03876650837305,0.7876923461914062,-0.3112462158203125,10.002974536132811,27.049926043115555,100.95996185283809,66.02459239257985,43.8761745,10.246471333333334,27.0,-0.732824427480916,-1.251908396946565,0.3969465648854962
152.76,-0.3757638395078522,25.62423616049215,0.0,0.006173333333333334,10.050360382822936,0.7852981445312499,-0.3064578125,10.014945544433592,27.049926043115555,100.95996185283809,66.02459239257985,43.8761745,10.246471333333334,27.0,-0.44274809160305345,-1.1908396946564885,0.4122137404580153
152.76,0.06564362227262976,26.06564362227263,0.0,0.006173333333333334,10.050360382822936,0.7852981445312499,-0.3064578125,10.014945544433592,27.03482334963046,100.95467921356288,66.02216345815835,43.8761745,10.246471333333334,27.0,-0.44274809160305345,-1.1908396946564885,0.4122137404580153
152.76,0.06564362227262976,26.06564362227263,0.0,0.006173333333333334,10.050360382822936,0.7852981445312499,-0.3064578125,10.014945544433592,27.03482334963046,100.95467921356288,66.02216345815835,43.8761745,10.246471333333334,27.0,-0.44274809160305345,-1.1908396946564885,0.4122137404580153
152.77,0.06564362227262976,26.06564362227263,0.0,0.006173333333333334,10.038363655157632,0.7589619262695312,-0.2920926025390625,10.005368737792969,27.03482334963046,100.95467921356288,66.02216345815835,43.8761745,10.246471333333334,27.0,-0.5038167938931297,-1.1755725190839694,0.4122137404580153
152.78,0.06564362227262976,26.06564362227263,0.0,0.006173333333333334,10.021589639756993,0.7757213378906249,-0.32561142578124996,9.986215124511718,27.03482334963046,100.95467921356288,66.02216345815835,43.8761745,10.246471333333334,27.0,-0.6106870229007634,-1.2061068702290076,0.2900763358778626
152.79,-0.2613761567814965,25.738623843218505,-32.70197790544237,0.006173333333333334,10.021589639756993,0.7757213378906249,-0.32561142578124996,9.986215124511718,27.009652199409903,100.958592872018,66.01111671156562,43.8761745,10.246471333333334,27.0,-0.6106870229007634,-1.2061068702290076,0.2900763358778626
152.79,-0.2613761567814965,25.738623843218505,-32.70197790544237,0.006173333333333334,10.053507354826975,0.7541735229492187,-0.33039982910156246,10.019733947753906,27.009652199409903,100.958592872018,66.01111671156562,43.8761745,10.246471333333334,27.0,-0.6564885496183206,-1.2366412213740459,0.42748091603053434
152.81,-0.2613761567814965,25.738623843218505,0.0,0.006173333333333334,9.990634608567564,0.7398083129882812,-0.33758243408203126,9.957484704589843,27.009652199409903,100.958592872018,66.01111671156562,43.8761745,10.246471333333334,27.0,-0.5954198473282443,-1.2671755725190839,0.3511450381679389
152.82,-0.2613761567814965,25.738623843218505,0.0,0.006173333333333334,9.933363222227241,0.7541735229492187,-0.30406361083984373,9.900023864746093,27.009652199409903,100.958592872018,66.01111671156562,43.8761745,10.246471333333334,27.0,-1.0229007633587786,-1.3740458015267176,0.4580152671755725
152.82,-0.31801736763200195,25.681982632367998,0.0,0.006173333333333334,9.933363222227241,0.7541735229492187,-0.30406361083984373,9.900023864746093,26.9895152842626,100.95927074672035,65.97988579521515,43.8761745,10.246471333333334,27.0,-1.0229007633587786,-1.3740458015267176,0.4580152671755725
152.83,-0.31801736763200195,25.681982632367998,0.0,0.006173333333333334,10.050404014339922,0.7781155395507812,-0.32561142578124996,10.014945544433592,26.9895152842626,100.95927074672035,65.97988579521515,43.8761745,10.246471333333334,27.0,-1.0229007633587786,-1.3740458015267176,0.44274809160305345
152.84,-0.31801736763200195,25.681982632367998,0.0,0.006173333333333334,10.026034409545652,0.7541735229492187,-0.36391865234375,9.991003527832031,26.9895152842626,100.95927074672035,65.97988579521515,43.8761745,10.246471333333334,27.0,-0.5038167938931297,-1.282442748091603,0.48854961832061067
152.85,0.009530455786953551,26.009530455786955,32.75478234192534,0.006173333333333334,10.026034409545652,0.7541735229492187,-0.36391865234375,9.991003527832031,26.974412600835784,100.95535074760245,65.9914553310202,43.8761745,10.246471333333334,27.0,-0.5038167938931297,-1.282442748091603,0.48854961832061067
152.85,0.009530455786953551,26.009530455786955,32.75478234192534,0.006173333333333334,10.000926533364863,0.737414111328125,-0.36391865234375,9.967061511230469,26.974412600835784,100.95535074760245,65.9914553310202,43.8761745,10.246471333333334,27.0,-1.0381679389312977,-1.3129770992366412,0.4122137404580153
152.86,0.009530455786953551,26.009530455786955,0.0,0.006173333333333334,10.000926533364863,0.737414111328125,-0.36391865234375,9.967061511230469,26.974412600835784,100.95535074760245,65.9914553310202,43.8761745,10.246471333333334,27.0,-1.0381679389312977,-1.3129770992366412,0.4122137404580153
152.87,0.009530455786953551,26.009530455786955,0.0,0.006173333333333334,9.941785385709812,0.8188169677734375,-0.3327940307617187,9.90241806640625,26.974412600835784,100.95535074760245,65.9914553310202,43.8761745,10.246471333333334,27.0,-0.9007633587786259,-1.282442748091603,0.2900763358778626
152.88,0.009530455786953551,26.009530455786955,0.0,0.006173333333333334,9.981027009576783,0.7422025146484375,-0.33039982910156246,9.947907897949218,26.974412600835784,100.95535074760245,65.9914553310202,43.8761745,10.246471333333334,27.0,-0.8702290076335878,-1.297709923664122,0.3053435114503817
152.88,-0.3460203874863699,25.65397961251363,0.0,0.006173333333333334,9.981027009576783,0.7422025146484375,-0.33039982910156246,9.947907897949218,26.959309919923545,100.95960588460984,65.98203073132356,43.8761745,10.246471333333334,27.0,-0.8702290076335878,-1.297709923664122,0.3053435114503817
152.89,-0.3460203874863699,25.65397961251363,0.0,0.006173333333333334,10.02687596327355,0.7852981445312499,-0.3184288208007812,9.991003527832031,26.959309919923545,100.95960588460984,65.98203073132356,43.8761745,10.246471333333334,27.0,-0.9923664122137404,-1.3587786259541985,0.366412213740458
152.9,-0.3460203874863699,25.65397961251363,0.0,0.02726555555555556,10.02687596327355,0.7852981445312499,-0.3184288208007812,9.991003527832031,26.959309919923545,100.95960588460984,65.98203073132356,43.87617316666667,10.246469166666667,27.0,-0.9923664122137404,-1.3587786259541985,0.366412213740458
152.9,-0.3460203874863699,25.65397961251363,0.0,0.02726555555555556,10.060860705286292,0.74699091796875,-0.35194764404296874,10.026916552734374,26.959309919923545,100.95960588460984,65.98203073132356,43.87617316666667,10.246469166666667,27.0,-1.0229007633587786,-1.3282442748091603,0.33587786259541985
152.91,-0.01847092412993634,25.981529075870064,32.75494633567315,0.02726555555555556,10.060860705286292,0.74699091796875,-0.35194764404296874,10.026916552734374,26.944207241525874,100.95568585532955,65.98660245308571,43.87617316666667,10.246469166666667,27.0,-1.0229007633587786,-1.3282442748091603,0.33587786259541985
152.91,-0.01847092412993634,25.981529075870064,32.75494633567315,0.02726555555555556,9.967313120648042,0.7852981445312499,-0.32082302246093747,9.931148486328125,26.944207241525874,100.95568585532955,65.98660245308571,43.87617316666667,10.246469166666667,27.0,-0.916030534351145,-1.3129770992366412,0.42748091603053434
152.93,-0.01847092412993634,25.981529075870064,0.0,0.02726555555555556,9.962691120651057,0.7613561279296874,-0.30885201416015623,9.928754284667969,26.944207241525874,100.95568585532955,65.98660245308571,43.87617316666667,10.246469166666667,27.0,-0.9923664122137404,-1.2366412213740459,0.42748091603053434
152.94,-0.01847092412993634,25.981529075870064,0.0,0.02726555555555556,10.02928332020096,0.7613561279296874,-0.3016694091796875,9.995791931152343,26.944207241525874,100.95568585532955,65.98660245308571,43.87617316666667,10.246469166666667,27.0,-0.7786259541984732,-1.2671755725190839,0.4580152671755725
152.94,-0.21753762084517847,25.782462379154822,0.0,0.02726555555555556,10.02928332020096,0.7613561279296874,-0.3016694091796875,9.995791931152343,26.934138790657745,100.95806822060682,65.96399281331526,43.87617316666667,10.246469166666667,27.0,-0.7786259541984732,-1.2671755725190839,0.4580152671755725
152.95,-0.21753762084517847,25.782462379154822,0.0,0.02726555555555556,10.016233282283466,0.737414111328125,-0.3232172241210937,9.983820922851562,26.934138790657745,100.95806822060682,65.96399281331526,43.87617316666667,10.246469166666667,27.0,-0.8244274809160306,-1.251908396946565,0.42748091603053434
152.96,-0.21753762084517847,25.782462379154822,0.0,0.02726555555555556,10.016233282283466,0.737414111328125,-0.3232172241210937,9.983820922851562,26.934138790657745,100.95806822060682,65.96399281331526,43.87617316666667,10.246469166666667,27.0,-0.8244274809160306,-1.251908396946565,0.42748091603053434
152.96,-0.21753762084517847,25.782462379154822,0.0,0.02726555555555556,10.050796404307826,0.7589619262695312,-0.30885201416015623,10.01733974609375,26.934138790657745,100.95806822060682,65.96399281331526,43.87617316666667,10.246469166666667,27.0,-0.8549618320610687,-1.282442748091603,0.32061068702290074
152.97,-0.345354009502441,25.65464599049756,-12.781638865737877,0.02726555555555556,10.050796404307826,0.7589619262695312,-0.30885201416015623,10.01733974609375,26.919036116451025,100.95959790944131,65.9685647265312,43.87617316666667,10.246469166666667,27.0,-0.8549618320610687,-1.282442748091603,0.32061068702290074
152.97,-0.345354009502441,25.65464599049756,-12.781638865737877,0.02726555555555556,9.990343709277287,0.7757213378906249,-0.3184288208007812,9.955090502929687,26.919036116451025,100.95959790944131,65.9685647265312,43.87617316666667,10.246469166666667,27.0,-1.0534351145038168,-1.3587786259541985,0.3511450381679389
152.99,-0.345354009502441,25.65464599049756,0.0,0.02726555555555556,10.005971710111455,0.7924807495117187,-0.3184288208007812,9.969455712890625,26.919036116451025,100.95959790944131,65.9685647265312,43.87617316666667,10.246469166666667,27.0,-0.8702290076335878,-1.3435114503816794,0.33587786259541985
153.0,-0.345354009502441,25.65464599049756,0.0,0.02726555555555556,10.0086684565789,0.7350199096679687,-0.316034619140625,9.976638317871092,26.919036116451025,100.95959790944131,65.9685647265312,43.87617316666667,10.246469166666667,27.0,-0.9465648854961832,-1.3282442748091603,0.3969465648854962
153.0,-0.06040400427310022,25.9395959957269,0.0,0.02726555555555556,10.0086684565789,0.7350199096679687,-0.316034619140625,9.976638317871092,26.898899221420287,100.95618769296684,65.95833476597741,43.87617316666667,10.246469166666667,27.0,-0.9465648854961832,-1.3282442748091603,0.3969465648854962
153.01,-0.06040400427310022,25.9395959957269,0.0,0.02726555555555556,10.090879487404276,0.7829039428710937,-0.3112462158203125,10.05564697265625,26.898899221420287,100.95618769296684,65.95833476597741,43.87617316666667,10.246469166666667,27.0,-0.8549618320610687,-1.3129770992366412,0.44274809160305345
153.02,-0.06040400427310022,25.9395959957269,0.0,0.02726555555555556,9.93698018757338,0.7517793212890624,-0.34715924072265625,9.90241806640625,26.898899221420287,100.95618769296684,65.95833476597741,43.87617316666667,10.246469166666667,27.0,-0.6717557251908397,-1.251908396946565,0.3511450381679389
153.03,-0.2594383415326207,25.740561658467378,-19.90343372597015,0.02726555555555556,9.93698018757338,0.7517793212890624,-0.34715924072265625,9.90241806640625,26.8888307755813,100.95856968056036,65.95671853178301,43.87617316666667,10.246469166666667,27.0,-0.6717557251908397,-1.251908396946565,0.3511450381679389
153.03,-0.2594383415326207,25.740561658467378,-19.90343372597015,0.02726555555555556,10.028028697200828,0.7493851196289062,-0.28969840087890625,9.995791931152343,26.8888307755813,100.95856968056036,65.95671853178301,43.87617316666667,10.246469166666667,27.0,-0.9312977099236641,-1.3282442748091603,0.2900763358778626
153.05,-0.2594383415326207,25.740561658467378,0.0,0.02726555555555556,10.020937841353087,0.7445967163085937,-0.30406361083984373,9.988609326171874,26.8888307755813,100.95856968056036,65.95671853178301,43.87617316666667,10.246469166666667,27.0,-0.7175572519083969,-1.251908396946565,0.4732824427480916
153.06,-0.2594383415326207,25.740561658467378,0.0,0.02726555555555556,10.14685742740648,0.7517793212890624,-0.36152445068359373,10.112509262084961,26.8888307755813,100.95856968056036,65.95671853178301,43.87617316666667,10.246469166666667,27.0,-0.015267175572519083,-0.015267175572519083,-0.015267175572519083
153.06,-0.0031238372410857806,25.996876162758916,0.0,0.02726555555555556,10.14685742740648,0.7517793212890624,-0.36152445068359373,10.112509262084961,26.8787623308599,100.95550218829088,65.95510245352489,43.87617316666667,10.246469166666667,27.0,-0.015267175572519083,-0.015267175572519083,-0.015267175572519083
153.06,-0.0031238372410857806,25.996876162758916,0.0,0.02726555555555556,10.14685742740648,0.7517793212890624,-0.36152445068359373,10.112509262084961,26.8787623308599,100.95550218829088,65.95510245352489,43.87617316666667,10.246469166666667,27.0,-0.015267175572519083,-0.015267175572519083,-0.015267175572519083
153.07,-0.0031238372410857806,25.996876162758916,0.0,0.02726555555555556,10.017981193066458,0.7398083129882812,-0.296881005859375,9.986215124511718,26.8787623308599,100.95550218829088,65.95510245352489,43.87617316666667,10.246469166666667,27.0,-1.083969465648855,-1.3740458015267176,0.4122137404580153
153.08,-0.0031238372410857806,25.996876162758916,0.0,0.02726555555555556,9.952071957751219,0.7996633544921875,-0.33039982910156246,9.91438907470703,26.8787623308599,100.95550218829088,65.95510245352489,43.87617316666667,10.246469166666667,27.0,-0.8702290076335878,-1.297709923664122,0.3816793893129771
153.09,-0.04571950791684598,25.954280492083154,-4.259567067579894,0.02726555555555556,9.952071957751219,0.7996633544921875,-0.33039982910156246,9.91438907470703,26.873728108918293,100.95601195480099,65.96828761409373,43.87617316666667,10.246469166666667,27.0,-0.8702290076335878,-1.297709923664122,0.3816793893129771
153.09,-0.04571950791684598,25.954280492083154,-4.259567067579894,0.02726555555555556,9.981252423626456,0.7015010864257812,-0.277727392578125,9.952696301269532,26.873728108918293,100.95601195480099,65.96828761409373,43.87617316666667,10.246469166666667,27.0,-0.7633587786259542,-1.3129770992366412,0.2900763358778626
153.11,-0.04571950791684598,25.954280492083154,0.0,0.02726555555555556,10.000002832001519,0.737414111328125,-0.33758243408203126,9.967061511230469,26.873728108918293,100.95601195480099,65.96828761409373,43.87617316666667,10.246469166666667,27.0,-0.916030534351145,-1.297709923664122,0.3511450381679389
153.12,-0.04571950791684598,25.954280492083154,0.0,0.02726555555555556,9.999068439752607,0.7589619262695312,-0.3327940307617187,9.964667309570311,26.873728108918293,100.95601195480099,65.96828761409373,43.87617316666667,10.246469166666667,27.0,-0.8854961832061069,-1.3282442748091603,0.3816793893129771
153.12,-0.31597810541989624,25.684021894580106,0.0,0.02726555555555556,9.999068439752607,0.7589619262695312,-0.3327940307617187,9.964667309570311,26.868693887256086,100.95924634102941,65.96048292473314,43.87617316666667,10.246469166666667,27.0,-0.8854961832061069,-1.3282442748091603,0.3816793893129771
153.13,-0.31597810541989624,25.684021894580106,0.0,0.02726555555555556,10.030376057543377,0.74699091796875,-0.29448680419921874,9.9981861328125,26.868693887256086,100.95924634102941,65.96048292473314,43.87617316666667,10.246469166666667,27.0,-1.0076335877862594,-1.3893129770992367,0.3969465648854962
153.14,-0.31597810541989624,25.684021894580106,0.0,0.02726555555555556,10.005831640447159,0.7757213378906249,-0.277727392578125,9.97184991455078,26.868693887256086,100.95924634102941,65.96048292473314,43.87617316666667,10.246469166666667,27.0,-0.7633587786259542,-1.297709923664122,0.33587786259541985
153.15,-0.1448424404857085,25.855157559514293,17.1135664933857,0.02726555555555556,10.005831640447159,0.7757213378906249,-0.277727392578125,9.97184991455078,26.84855700340122,100.95719822313002,65.95025515460364,43.87617316666667,10.246469166666667,27.0,-0.7633587786259542,-1.297709923664122,0.33587786259541985
153.15,-0.1448424404857085,25.855157559514293,17.1135664933857,0.02726555555555556,10.055132776200589,0.737414111328125,-0.3447650390625,10.022128149414062,26.84855700340122,100.95719822313002,65.95025515460364,43.87617316666667,10.246469166666667,27.0,-0.8702290076335878,-1.3435114503816794,0.3969465648854962
153.16,-0.1448424404857085,25.855157559514293,0.0,0.02726555555555556,10.055132776200589,0.737414111328125,-0.3447650390625,10.022128149414062,26.84855700340122,100.95719822313002,65.95025515460364,43.87617316666667,10.246469166666667,27.0,-0.8702290076335878,-1.3435114503816794,0.3969465648854962
153.17,-0.1448424404857085,25.855157559514293,0.0,0.02726555555555556,10.007820503227011,0.7326257080078125,-0.36631285400390623,9.974244116210937,26.84855700340122,100.95719822313002,65.95025515460364,43.87617316666667,10.246469166666667,27.0,-0.9923664122137404,-1.297709923664122,0.32061068702290074
153.18,-0.1448424404857085,25.855157559514293,0.0,0.02726555555555556,10.000649116663512,0.7613561279296874,-0.3016694091796875,9.967061511230469,26.84855700340122,100.95719822313002,65.95025515460364,43.87617316666667,10.246469166666667,27.0,-1.099236641221374,-1.2671755725190839,0.3511450381679389
153.19,-0.1448424404857085,25.855157559514293,0.0,0.02726555555555556,9.969883773618138,0.7709329345703124,-0.3591302490234375,9.93354268798828,26.84855700340122,100.95719822313002,65.95025515460364,43.87617316666667,10.246469166666667,27.0,-0.9770992366412213,-1.3282442748091603,0.32061068702290074
153.2,-0.1448424404857085,25.855157559514293,0.0,0.02726555555555556,10.036828039427663,0.7565677246093749,-0.32561142578124996,10.002974536132811,26.84855700340122,100.95719822313002,65.95025515460364,43.87617316666667,10.246469166666667,27.0,-0.7480916030534351,-1.3129770992366412,0.33587786259541985
153.21,-0.1448424404857085,25.855157559514293,0.0,0.02726555555555556,10.013709160301374,0.8044517578125,-0.3064578125,9.976638317871092,26.84855700340122,100.95719822313002,65.95025515460364,43.87617316666667,10.246469166666667,27.0,-0.732824427480916,-1.3740458015267176,0.4122137404580153
153.23,-0.1448424404857085,25.855157559514293,0.0,0.02726555555555556,10.015624345997637,0.7661445312499999,-0.3112462158203125,9.981426721191406,26.84855700340122,100.95719822313002,65.95025515460364,43.87617316666667,10.246469166666667,27.0,-0.5343511450381679,-1.297709923664122,0.33587786259541985
153.24,-0.1448424404857085,25.855157559514293,0.0,0.02726555555555556,9.950044587099583,0.7541735229492187,-0.373495458984375,9.91438907470703,26.84855700340122,100.95719822313002,65.95025515460364,43.87617316666667,10.246469166666667,27.0,-0.4580152671755725,-1.282442748091603,0.366412213740458
153.25,-0.1448424404857085,25.855157559514293,0.0,0.02726555555555556,10.042242194658826,0.7757213378906249,-0.29927520751953124,10.007762939453125,26.84855700340122,100.95719822313002,65.95025515460364,43.87617316666667,10.246469166666667,27.0,-0.8396946564885496,-1.3129770992366412,0.2595419847328244
153.26,-0.1448424404857085,25.855157559514293,0.0,0.02726555555555556,10.042242194658826,0.7757213378906249,-0.29927520751953124,10.007762939453125,26.84855700340122,100.95719822313002,65.95025515460364,43.87617316666667,10.246469166666667,27.0,-0.8396946564885496,-1.3129770992366412,0.2595419847328244
153.26,-0.1448424404857085,25.855157559514293,0.0,0.02726555555555556,9.983473556615719,0.7637503295898437,-0.354341845703125,9.947907897949218,26.84855700340122,100.95719822313002,65.95025515460364,43.87617316666667,10.246469166666667,27.0,-0.7480916030534351,-1.297709923664122,0.3053435114503817
153.27,-0.1448424404857085,25.855157559514293,0.0,0.02726555555555556,9.940749800060543,0.7709329345703124,-0.3447650390625,9.904812268066406,26.84855700340122,100.95719822313002,65.95025515460364,43.87617316666667,10.246469166666667,27.0,-0.9465648854961832,-1.297709923664122,0.33587786259541985
153.29,-0.1448424404857085,25.855157559514293,0.0,0.02726555555555556,9.977375166981084,0.7805097412109374,-0.2705447875976562,9.943119494628906,26.84855700340122,100.95719822313002,65.95025515460364,43.87617316666667,10.246469166666667,27.0,-1.083969465648855,-1.4351145038167938,0.42748091603053434
153.3,-0.1448424404857085,25.855157559514293,0.0,0.02726555555555556,10.021530439107377,0.7565677246093749,-0.36631285400390623,9.986215124511718,26.84855700340122,100.95719822313002,65.95025515460364,43.87617316666667,10.246469166666667,27.0,-0.916030534351145,-1.3282442748091603,0.4580152671755725
153.31,-0.1448424404857085,25.855157559514293,0.0,0.02726555555555556,10.0553975735572,0.7661445312499999,-0.3591302490234375,10.019733947753906,26.84855700340122,100.95719822313002,65.95025515460364,43.87617316666667,10.246469166666667,27.0,-0.6412213740458015,-1.2366412213740459,0.3511450381679389
153.32,-0.1448424404857085,25.855157559514293,0.0,0.02726555555555556,9.982649590017846,0.7422025146484375,-0.3064578125,9.950302099609374,26.84855700340122,100.95719822313002,65.95025515460364,43.87617316666667,10.246469166666667,27.0,-0.5648854961832062,-1.2671755725190839,0.5038167938931297
153.33,-0.1448424404857085,25.855157559514293,0.0,0.02726555555555556,10.050698593416376,0.7829039428710937,-0.3232172241210937,10.014945544433592,26.84855700340122,100.95719822313002,65.95025515460364,43.87617316666667,10.246469166666667,27.0,-0.7022900763358778,-1.3282442748091603,0.366412213740458
153.35,-0.1448424404857085,25.855157559514293,0.0,0.02726555555555556,10.024059453774862,0.7422025146484375,-0.3327940307617187,9.991003527832031,26.84855700340122,100.95719822313002,65.95025515460364,43.87617316666667,10.246469166666667,27.0,-0.9770992366412213,-1.3282442748091603,0.33587786259541985
153.35,-0.031012439393245383,25.968987560606756,0.0,0.02726555555555556,10.024059453774862,0.7422025146484375,-0.3327940307617187,9.991003527832031,26.84855700340122,100.95583594674878,65.97124426235946,43.87617316666667,10.246469166666667,27.0,-0.9770992366412213,-1.3282442748091603,0.33587786259541985
153.35,-0.031012439393245383,25.968987560606756,0.0,0.02726555555555556,10.024059453774862,0.7422025146484375,-0.3327940307617187,9.991003527832031,26.84855700340122,100.95583594674878,65.97124426235946,43.87617316666667,10.246469166666667,27.0,-0.9770992366412213,-1.3282442748091603,0.33587786259541985
153.36,-0.031012439393245383,25.968987560606756,0.0,0.02726555555555556,9.996503284800832,0.7637503295898437,-0.316034619140625,9.962273107910155,26.84855700340122,100.95583594674878,65.97124426235946,43.87617316666667,10.246469166666667,27.0,-0.9007633587786259,-1.3893129770992367,0.3969465648854962
153.36,-0.031012439393245383,25.968987560606756,0.0,0.02726555555555556,9.996503284800832,0.7637503295898437,-0.316034619140625,9.962273107910155,26.84855700340122,100.95583594674878,65.97124426235946,43.87617316666667,10.246469166666667,27.0,-0.9007633587786259,-1.3893129770992367,0.3969465648854962
153.37,-0.031012439393245383,25.968987560606756,0.0,0.02726555555555556,10.026357718603059,0.7852981445312499,-0.3016694091796875,9.991003527832031,26.84855700340122,100.95583594674878,65.97124426235946,43.87617316666667,10.246469166666667,27.0,-0.9770992366412213,-1.4045801526717556,0.3816793893129771
153.38,0.03540553258866819,26.03540553258867,6.641797198197398,0.02726555555555556,10.026357718603059,0.7852981445312499,-0.3016694091796875,9.991003527832031,27.487905248021708,100.95504108730073,66.05315502515336,43.87617316666667,10.246469166666667,27.0,-0.9770992366412213,-1.4045801526717556,0.3816793893129771
153.38,0.03540553258866819,26.03540553258867,6.641797198197398,0.02726555555555556,10.00030749378878,0.7709329345703124,-0.34237083740234375,9.964667309570311,27.487905248021708,100.95504108730073,66.05315502515336,43.87617316666667,10.246469166666667,27.0,-1.1145038167938932,-1.297709923664122,0.3969465648854962
153.4,0.03540553258866819,26.03540553258867,0.0,0.02726555555555556,9.940583727291278,0.74699091796875,-0.3232172241210937,9.907206469726562,27.487905248021708,100.95504108730073,66.05315502515336,43.87617316666667,10.246469166666667,27.0,-1.1145038167938932,-1.3587786259541985,0.3816793893129771
153.41,0.03540553258866819,26.03540553258867,0.0,0.02726555555555556,10.041344842917644,0.7445967163085937,-0.3447650390625,10.007762939453125,27.487905248021708,100.95504108730073,66.05315502515336,43.87617316666667,10.246469166666667,27.0,-1.0381679389312977,-1.3435114503816794,0.3053435114503817
153.41,0.03525202970415808,26.035252029704157,0.0,0.02726555555555556,10.041344842917644,0.7445967163085937,-0.3447650390625,10.007762939453125,27.4476312098559,100.95504292434612,66.07467072415363,43.87617316666667,10.246469166666667,27.0,-1.0381679389312977,-1.3435114503816794,0.3053435114503817
153.42,0.03525202970415808,26.035252029704157,0.0,0.02726555555555556,10.030895237516319,0.7685387329101562,-0.33518823242187495,9.995791931152343,27.4476312098559,100.95504292434612,66.07467072415363,43.87617316666667,10.246469166666667,27.0,-0.7938931297709924,-1.2671755725190839,0.4122137404580153
153.43,0.03525202970415808,26.035252029704157,0.0,0.02726555555555556,10.049537051955573,0.7398083129882812,-0.38307226562499996,10.014945544433592,27.4476312098559,100.95504292434612,66.07467072415363,43.87617316666667,10.246469166666667,27.0,-0.9465648854961832,-1.282442748091603,0.4732824427480916
153.44,-0.007571142450024659,25.992428857549974,-4.282317215422169,0.02726555555555556,10.049537051955573,0.7398083129882812,-0.38307226562499996,10.014945544433592,27.402322938293217,100.95555541161305,66.06035474403974,43.87617316666667,10.246469166666667,27.0,-0.9465648854961832,-1.282442748091603,0.4732824427480916
153.44,-0.007571142450024659,25.992428857549974,-4.282317215422169,0.02726555555555556,10.054864836363004,0.7900865478515624,-0.3591302490234375,10.01733974609375,27.402322938293217,100.95555541161305,66.06035474403974,43.87617316666667,10.246469166666667,27.0,-0.732824427480916,-1.2671755725190839,0.3511450381679389
153.46,-0.007571142450024659,25.992428857549974,0.0,0.02726555555555556,9.982709882562814,0.7613561279296874,-0.33758243408203126,9.947907897949218,27.402322938293217,100.95555541161305,66.06035474403974,43.87617316666667,10.246469166666667,27.0,-0.549618320610687,-1.251908396946565,0.366412213740458
153.46,-0.007571142450024659,25.992428857549974,0.0,0.02726555555555556,9.982709882562814,0.7613561279296874,-0.33758243408203126,9.947907897949218,27.402322938293217,100.95555541161305,66.06035474403974,43.87617316666667,10.246469166666667,27.0,-0.549618320610687,-1.251908396946565,0.366412213740458
153.47,-0.007571142450024659,25.992428857549974,0.0,0.02726555555555556,10.02696543137406,0.7350199096679687,-0.28969840087890625,9.995791931152343,27.402322938293217,100.95555541161305,66.06035474403974,43.87617316666667,10.246469166666667,27.0,-0.7022900763358778,-1.282442748091603,0.366412213740458
153.47,-0.16423032001238624,25.835769679987614,0.0,0.02726555555555556,10.02696543137406,0.7350199096679687,-0.28969840087890625,9.995791931152343,27.357014689361677,100.95743025176014,66.04604326658092,43.87617316666667,10.246469166666667,27.0,-0.7022900763358778,-1.282442748091603,0.366412213740458
153.48,-0.16423032001238624,25.835769679987614,0.0,0.02726555555555556,9.955211709370626,0.7541735229492187,-0.316034619140625,9.9215716796875,27.357014689361677,100.95743025176014,66.04604326658092,43.87617316666667,10.246469166666667,27.0,-0.7175572519083969,-1.2061068702290076,0.44274809160305345
153.49,-0.16423032001238624,25.835769679987614,0.0,0.02726555555555556,10.040700035903777,0.7972691528320313,-0.34715924072265625,10.002974536132811,27.357014689361677,100.95743025176014,66.04604326658092,43.87617316666667,10.246469166666667,27.0,-0.9312977099236641,-1.3435114503816794,0.3511450381679389
153.5,0.02094313609162124,26.02094313609162,18.51734561041759,0.02726555555555556,10.040700035903777,0.7972691528320313,-0.34715924072265625,10.002974536132811,27.311706463061274,100.95521416611496,66.03173629329,43.87617316666667,10.246469166666667,27.0,-0.9312977099236641,-1.3435114503816794,0.3511450381679389
153.5,0.02094313609162124,26.02094313609162,18.51734561041759,0.02726555555555556,10.016037842951542,0.8116343627929687,-0.28490999755859375,9.97903251953125,27.311706463061274,100.95521416611496,66.03173629329,43.87617316666667,10.246469166666667,27.0,-0.9618320610687023,-1.297709923664122,0.366412213740458
153.52,0.02094313609162124,26.02094313609162,0.0,0.02726555555555556,10.107373195904792,0.7733271362304687,-0.3280056274414062,10.072406384277343,27.311706463061274,100.95521416611496,66.03173629329,43.87617316666667,10.246469166666667,27.0,-0.9465648854961832,-1.3282442748091603,0.366412213740458
153.53,0.02094313609162124,26.02094313609162,0.0,0.02726555555555556,9.986114097989622,0.7565677246093749,-0.3064578125,9.952696301269532,27.311706463061274,100.95521416611496,66.03173629329,43.87617316666667,10.246469166666667,27.0,-0.6717557251908397,-1.3282442748091603,0.4580152671755725
153.53,-0.4772459997822365,25.522754000217763,0.0,0.02726555555555556,9.986114097989622,0.7565677246093749,-0.3064578125,9.952696301269532,27.26639825939201,100.96117639418542,66.01743382567723,43.87617316666667,10.246469166666667,27.0,-0.6717557251908397,-1.3282442748091603,0.4580152671755725
153.54,-0.4772459997822365,25.522754000217763,0.0,0.02726555555555556,10.03700108634071,0.8259995727539062,-0.30885201416015623,9.9981861328125,27.26639825939201,100.96117639418542,66.01743382567723,43.87617316666667,10.246469166666667,27.0,-0.7633587786259542,-1.3893129770992367,0.366412213740458
153.55,-0.4772459997822365,25.522754000217763,0.0,0.02726555555555556,9.985128174721002,0.7829039428710937,-0.3591302490234375,9.947907897949218,27.26639825939201,100.96117639418542,66.01743382567723,43.87617316666667,10.246469166666667,27.0,-0.6259541984732825,-1.2213740458015268,0.3511450381679389
153.56,-0.24924717611299885,25.750752823887,22.799882366944498,0.02726555555555556,9.985128174721002,0.7829039428710937,-0.3591302490234375,9.947907897949218,27.226124319573863,100.95844771442151,66.0039464660015,43.87617316666667,10.246469166666667,27.0,-0.6259541984732825,-1.2213740458015268,0.3511450381679389
153.56,-0.24924717611299885,25.750752823887,22.799882366944498,0.02726555555555556,9.985128174721002,0.7829039428710937,-0.3591302490234375,9.947907897949218,27.226124319573863,100.95844771442151,66.0039464660015,43.87617316666667,10.246469166666667,27.0,-0.6259541984732825,-1.2213740458015268,0.3511450381679389
153.56,-0.24924717611299885,25.750752823887,22.799882366944498,0.02726555555555556,10.049632592595632,0.7996633544921875,-0.3232172241210937,10.012551342773437,27.226124319573863,100.95844771442151,66.0039464660015,43.87617316666667,10.246469166666667,27.0,-0.8549618320610687,-1.3435114503816794,0.33587786259541985
153.58,-0.24924717611299885,25.750752823887,0.0,0.02726555555555556,9.958724615460968,0.8283937744140625,-0.316034619140625,9.919177478027343,27.226124319573863,100.95844771442151,66.0039464660015,43.87617316666667,10.246469166666667,27.0,-1.0381679389312977,-1.3282442748091603,0.44274809160305345
153.59,-0.24924717611299885,25.750752823887,0.0,0.02726555555555556,9.968763704796176,0.8044517578125,-0.3184288208007812,9.931148486328125,27.226124319573863,100.95844771442151,66.0039464660015,43.87617316666667,10.246469166666667,27.0,-0.7938931297709924,-1.3282442748091603,0.48854961832061067
153.59,-0.36287543083314056,25.637124569166858,0.0,0.02726555555555556,9.968763704796176,0.8044517578125,-0.3184288208007812,9.931148486328125,27.185850397637115,100.9598076048474,66.00446289138115,43.87617316666667,10.246469166666667,27.0,-0.7938931297709924,-1.3282442748091603,0.48854961832061067
153.6,-0.36287543083314056,25.637124569166858,0.0,0.02726555555555556,10.04318113146505,0.8259995727539062,-0.2753331909179687,10.005368737792969,27.185850397637115,100.9598076048474,66.00446289138115,43.87617316666667,10.246469166666667,27.0,-0.9007633587786259,-1.282442748091603,0.3511450381679389
153.61,-0.36287543083314056,25.637124569166858,0.0,0.02726555555555556,9.999302046000615,0.7661445312499999,-0.3232172241210937,9.964667309570311,27.185850397637115,100.9598076048474,66.00446289138115,43.87617316666667,10.246469166666667,27.0,-0.8244274809160306,-1.3740458015267176,0.3816793893129771
153.62,-0.020906056513221305,25.979093943486777,34.19693743202303,0.02726555555555556,9.999302046000615,0.7661445312499999,-0.3232172241210937,9.964667309570311,27.145576493581757,100.9557149979244,65.99798114922865,43.87617316666667,10.246469166666667,27.0,-0.8244274809160306,-1.3740458015267176,0.3816793893129771
153.62,-0.020906056513221305,25.979093943486777,34.19693743202303,0.02726555555555556,10.04107739147047,0.7900865478515624,-0.373495458984375,10.002974536132811,27.145576493581757,100.9557149979244,65.99798114922865,43.87617316666667,10.246469166666667,27.0,-0.7938931297709924,-1.282442748091603,0.3816793893129771
153.64,-0.020906056513221305,25.979093943486777,0.0,0.02726555555555556,9.970876090862888,0.7900865478515624,-0.3447650390625,9.93354268798828,27.145576493581757,100.9557149979244,65.99798114922865,43.87617316666667,10.246469166666667,27.0,-0.6717557251908397,-1.282442748091603,0.3969465648854962
153.65,-0.020906056513221305,25.979093943486777,0.0,0.02726555555555556,10.049290638470687,0.7445967163085937,-0.29448680419921874,10.01733974609375,27.145576493581757,100.9557149979244,65.99798114922865,43.87617316666667,10.246469166666667,27.0,-0.7175572519083969,-1.2213740458015268,0.32061068702290074
153.65,-0.23420440347803773,25.76579559652196,0.0,0.02726555555555556,10.049290638470687,0.7445967163085937,-0.29448680419921874,10.01733974609375,27.120405312627554,100.95826768528875,65.97993290421888,43.87617316666667,10.246469166666667,27.0,-0.7175572519083969,-1.2213740458015268,0.32061068702290074
153.66,-0.23420440347803773,25.76579559652196,0.0,0.02726555555555556,9.992117087971021,0.7637503295898437,-0.3280056274414062,9.957484704589843,27.120405312627554,100.95826768528875,65.97993290421888,43.87617316666667,10.246469166666667,27.0,-0.9465648854961832,-1.3282442748091603,0.366412213740458
153.66,-0.23420440347803773,25.76579559652196,0.0,0.02726555555555556,9.992117087971021,0.7637503295898437,-0.3280056274414062,9.957484704589843,27.120405312627554,100.95826768528875,65.97993290421888,43.87617316666667,10.246469166666667,27.0,-0.9465648854961832,-1.3282442748091603,0.366412213740458
153.67,-0.23420440347803773,25.76579559652196,0.0,0.02726555555555556,10.030203467825533,0.814028564453125,-0.3495534423828125,9.991003527832031,27.120405312627554,100.95826768528875,65.97993290421888,43.87617316666667,10.246469166666667,27.0,-1.1297709923664123,-1.4198473282442747,0.3816793893129771
153.68,-0.5186814040148335,25.481318595985165,-28.4477000536246,0.02726555555555556,10.030203467825533,0.814028564453125,-0.3495534423828125,9.991003527832031,27.100268372893332,100.96167229766951,65.96969563350498,43.87617316666667,10.246469166666667,27.0,-1.1297709923664123,-1.4198473282442747,0.3816793893129771
153.68,-0.5186814040148335,25.481318595985165,-28.4477000536246,0.02726555555555556,10.04401297326168,0.7589619262695312,-0.32082302246093747,10.01015714111328,27.100268372893332,100.96167229766951,65.96969563350498,43.87617316666667,10.246469166666667,27.0,-0.6259541984732825,-1.4045801526717556,0.366412213740458
153.7,-0.5186814040148335,25.481318595985165,0.0,0.02726555555555556,10.048713368408785,0.814028564453125,-0.3327940307617187,10.01015714111328,27.100268372893332,100.96167229766951,65.96969563350498,43.87617316666667,10.246469166666667,27.0,-0.8549618320610687,-1.282442748091603,0.44274809160305345
153.71,-0.5186814040148335,25.481318595985165,0.0,0.02726555555555556,10.06846061357913,0.8092401611328125,-0.28969840087890625,10.031704956054687,27.100268372893332,100.96167229766951,65.96969563350498,43.87617316666667,10.246469166666667,27.0,-0.5801526717557252,-1.2061068702290076,0.33587786259541985
153.71,0.43537024683541925,26.43537024683542,0.0,0.02726555555555556,10.06846061357913,0.8092401611328125,-0.28969840087890625,10.031704956054687,27.065028739115224,100.95025460245745,65.95703197928671,43.87617316666667,10.246469166666667,27.0,-0.5801526717557252,-1.2061068702290076,0.33587786259541985
153.72,0.43537024683541925,26.43537024683542,0.0,0.02726555555555556,9.995097158429173,0.7661445312499999,-0.2609679809570312,9.962273107910155,27.065028739115224,100.95025460245745,65.95703197928671,43.87617316666667,10.246469166666667,27.0,-0.5648854961832062,-1.2061068702290076,0.2748091603053435
153.73,0.43537024683541925,26.43537024683542,0.0,0.02726555555555556,10.007044080361684,0.7757213378906249,-0.3184288208007812,9.97184991455078,27.065028739115224,100.95025460245745,65.95703197928671,43.87617316666667,10.246469166666667,27.0,-0.8854961832061069,-1.3282442748091603,0.4580152671755725
153.74,-0.10539759701094553,25.894602402989054,-54.07678438453196,0.02726555555555556,10.007044080361684,0.7757213378906249,-0.3184288208007812,9.97184991455078,27.05496027483605,100.95672615979043,65.97640781732886,43.87617316666667,10.246469166666667,27.0,-0.8854961832061069,-1.3282442748091603,0.4580152671755725
153.74,-0.10539759701094553,25.894602402989054,-54.07678438453196,0.02726555555555556,10.004844222580104,0.7781155395507812,-0.3184288208007812,9.969455712890625,27.05496027483605,100.95672615979043,65.97640781732886,43.87617316666667,10.246469166666667,27.0,-1.1450381679389312,-1.3435114503816794,0.4580152671755725
153.76,-0.10539759701094553,25.894602402989054,0.0,0.02726555555555556,10.001898864003499,0.7637503295898437,-0.33518823242187495,9.967061511230469,27.05496027483605,100.95672615979043,65.97640781732886,43.87617316666667,10.246469166666667,27.0,-1.2366412213740459,-1.4351145038167938,0.4580152671755725
153.76,-0.10539759701094553,25.894602402989054,0.0,0.02726555555555556,10.001898864003499,0.7637503295898437,-0.33518823242187495,9.967061511230469,27.05496027483605,100.95672615979043,65.97640781732886,43.87617316666667,10.246469166666667,27.0,-1.2366412213740459,-1.4351145038167938,0.4580152671755725
153.77,-0.10539759701094553,25.894602402989054,0.0,0.02726555555555556,9.9323045390818,0.7900865478515624,-0.3327940307617187,9.89523546142578,27.05496027483605,100.95672615979043,65.97640781732886,43.87617316666667,10.246469166666667,27.0,-0.916030534351145,-1.3740458015267176,0.2748091603053435
153.77,0.2080987721898786,26.208098772189878,0.0,0.02726555555555556,9.9323045390818,0.7900865478515624,-0.3327940307617187,9.89523546142578,27.024754888704045,100.95297439851447,65.96455482421524,43.87617316666667,10.246469166666667,27.0,-0.916030534351145,-1.3740458015267176,0.2748091603053435
153.78,0.2080987721898786,26.208098772189878,0.0,0.02726555555555556,9.981203033977197,0.7517793212890624,-0.3136404174804687,9.947907897949218,27.024754888704045,100.95297439851447,65.96455482421524,43.87617316666667,10.246469166666667,27.0,-0.916030534351145,-1.3129770992366412,0.3816793893129771
153.79,0.2080987721898786,26.208098772189878,0.0,0.02726555555555556,10.042326388624053,0.7661445312499999,-0.32561142578124996,10.007762939453125,27.024754888704045,100.95297439851447,65.96455482421524,43.87617316666667,10.246469166666667,27.0,-0.8244274809160306,-1.3435114503816794,0.3969465648854962
153.8,-0.21874848207947162,25.781251517920527,-42.68472542685252,0.02726555555555556,10.042326388624053,0.7661445312499999,-0.32561142578124996,10.007762939453125,27.01468642889522,100.95808271193829,65.95593935547231,43.87617316666667,10.246469166666667,27.0,-0.8244274809160306,-1.3435114503816794,0.3969465648854962
153.8,-0.21874848207947162,25.781251517920527,-42.68472542685252,0.02726555555555556,10.012255068815866,0.8212111694335937,-0.2920926025390625,9.974244116210937,27.01468642889522,100.95808271193829,65.95593935547231,43.87617316666667,10.246469166666667,27.0,-0.6717557251908397,-1.2366412213740459,0.366412213740458
153.82,-0.21874848207947162,25.781251517920527,0.0,0.02726555555555556,9.961335176541754,0.7900865478515624,-0.3447650390625,9.923965881347655,27.01468642889522,100.95808271193829,65.95593935547231,43.87617316666667,10.246469166666667,27.0,-0.9312977099236641,-1.251908396946565,0.33587786259541985
153.83,-0.21874848207947162,25.781251517920527,0.0,0.02726555555555556,9.99750328042847,0.8020575561523438,-0.3280056274414062,9.95987890625,27.01468642889522,100.95808271193829,65.95593935547231,43.87617316666667,10.246469166666667,27.0,-1.0076335877862594,-1.282442748091603,0.3511450381679389
153.83,-0.047685786815754305,25.952314213184245,0.0,0.02726555555555556,9.99750328042847,0.8020575561523438,-0.3280056274414062,9.95987890625,26.99454951263033,100.95603548642426,65.95270421751198,43.87617316666667,10.246469166666667,27.0,-1.0076335877862594,-1.282442748091603,0.3511450381679389
153.84,-0.047685786815754305,25.952314213184245,0.0,0.02726555555555556,10.038652877423335,0.7541735229492187,-0.3136404174804687,10.005368737792969,26.99454951263033,100.95603548642426,65.95270421751198,43.87617316666667,10.246469166666667,27.0,-0.9923664122137404,-1.3282442748091603,0.2900763358778626
153.85,-0.047685786815754305,25.952314213184245,0.0,0.02726555555555556,9.993906211949248,0.8116343627929687,-0.3399766357421875,9.955090502929687,26.99454951263033,100.95603548642426,65.95270421751198,43.87617316666667,10.246469166666667,27.0,-0.7175572519083969,-1.297709923664122,0.44274809160305345
153.86,-0.4458724317861851,25.554127568213815,-39.81866449696612,0.02726555555555556,9.993906211949248,0.8116343627929687,-0.3399766357421875,9.955090502929687,26.974412600835784,100.96080091317819,65.94946970217018,43.87617316666667,10.246469166666667,27.0,-0.7175572519083969,-1.297709923664122,0.44274809160305345
153.86,-0.4458724317861851,25.554127568213815,-39.81866449696612,0.02726555555555556,9.993906211949248,0.8116343627929687,-0.3399766357421875,9.955090502929687,26.974412600835784,100.96080091317819,65.94946970217018,43.87617316666667,10.246469166666667,27.0,-0.7175572519083969,-1.297709923664122,0.44274809160305345
153.86,-0.4458724317861851,25.554127568213815,-39.81866449696612,0.02726555555555556,9.99440319771983,0.7326257080078125,-0.3232172241210937,9.962273107910155,26.974412600835784,100.96080091317819,65.94946970217018,43.87617316666667,10.246469166666667,27.0,-1.0687022900763359,-1.282442748091603,0.32061068702290074
153.88,-0.4458724317861851,25.554127568213815,0.0,0.02726555555555556,10.055257622324728,0.8307879760742187,-0.3447650390625,10.014945544433592,26.974412600835784,100.96080091317819,65.94946970217018,43.87617316666667,10.246469166666667,27.0,-1.1145038167938932,-1.3129770992366412,0.3511450381679389
153.89,-0.4458724317861851,25.554127568213815,0.0,0.025722222222222226,10.055257622324728,0.8307879760742187,-0.3447650390625,10.014945544433592,26.974412600835784,100.96080091317819,65.94946970217018,43.876173666666666,10.2464705,27.2,-1.1145038167938932,-1.3129770992366412,0.3511450381679389
153.89,-0.4458724317861851,25.554127568213815,0.0,0.025722222222222226,10.005472434432082,0.8020575561523438,-0.35194764404296874,9.967061511230469,26.974412600835784,100.96080091317819,65.94946970217018,43.876173666666666,10.2464705,27.2,-0.7022900763358778,-1.3587786259541985,0.3969465648854962
153.89,-0.11832453010857114,25.88167546989143,0.0,0.025722222222222226,10.005472434432082,0.8020575561523438,-0.35194764404296874,9.967061511230469,26.959309919923545,100.95688086501687,65.93305121772526,43.876173666666666,10.2464705,27.2,-0.7022900763358778,-1.3587786259541985,0.3969465648854962
153.9,-0.11832453010857114,25.88167546989143,0.0,0.025722222222222226,10.015611468655774,0.7805097412109374,-0.3495534423828125,9.97903251953125,26.959309919923545,100.95688086501687,65.93305121772526,43.876173666666666,10.2464705,27.2,-0.6717557251908397,-1.3129770992366412,0.3816793893129771
153.91,-0.11832453010857114,25.88167546989143,0.0,0.025722222222222226,10.021327095082047,0.7733271362304687,-0.3232172241210937,9.986215124511718,26.959309919923545,100.95688086501687,65.93305121772526,43.876173666666666,10.2464705,27.2,-0.916030534351145,-1.3435114503816794,0.33587786259541985
153.92,-0.01847092412993634,25.981529075870064,9.985360597872562,0.025722222222222226,10.021327095082047,0.7733271362304687,-0.3232172241210937,9.986215124511718,26.944207241525874,100.95568585532955,65.92363049723318,43.876173666666666,10.2464705,27.2,-0.916030534351145,-1.3435114503816794,0.33587786259541985
153.92,-0.01847092412993634,25.981529075870064,9.985360597872562,0.025722222222222226,10.002408633543332,0.7924807495117187,-0.354341845703125,9.964667309570311,26.944207241525874,100.95568585532955,65.92363049723318,43.876173666666666,10.2464705,27.2,-0.5954198473282443,-1.2213740458015268,0.32061068702290074
153.94,-0.01847092412993634,25.981529075870064,0.0,0.025722222222222226,9.959414155541312,0.7948749511718749,-0.34715924072265625,9.9215716796875,26.944207241525874,100.95568585532955,65.92363049723318,43.876173666666666,10.2464705,27.2,-0.7480916030534351,-1.282442748091603,0.3816793893129771
153.95,-0.01847092412993634,25.981529075870064,0.0,0.025722222222222226,9.939729388971237,0.7565677246093749,-0.34715924072265625,9.904812268066406,26.944207241525874,100.95568585532955,65.92363049723318,43.876173666666666,10.2464705,27.2,-0.7633587786259542,-1.297709923664122,0.366412213740458
153.95,-0.03245781550115234,25.967542184498846,0.0,0.025722222222222226,9.939729388971237,0.7565677246093749,-0.34715924072265625,9.904812268066406,26.929104565642774,100.95585324439519,65.9212062884466,43.876173666666666,10.2464705,27.2,-0.7633587786259542,-1.297709923664122,0.366412213740458
153.96,-0.03245781550115234,25.967542184498846,0.0,0.025722222222222226,10.032222067428988,0.7876923461914062,-0.33039982910156246,9.995791931152343,26.929104565642774,100.95585324439519,65.9212062884466,43.876173666666666,10.2464705,27.2,-0.8549618320610687,-1.3435114503816794,0.3511450381679389
153.96,-0.03245781550115234,25.967542184498846,0.0,0.025722222222222226,10.032222067428988,0.7876923461914062,-0.33039982910156246,9.995791931152343,26.929104565642774,100.95585324439519,65.9212062884466,43.876173666666666,10.2464705,27.2,-0.8549618320610687,-1.3435114503816794,0.3511450381679389
153.97,-0.03245781550115234,25.967542184498846,0.0,0.025722222222222226,9.996944522266794,0.7613561279296874,-0.33518823242187495,9.962273107910155,26.929104565642774,100.95585324439519,65.9212062884466,43.876173666666666,10.2464705,27.2,-0.7022900763358778,-1.2213740458015268,0.42748091603053434
153.98,-0.04643550867221791,25.953564491327782,-1.3977693171078276,0.025722222222222226,9.996944522266794,0.7613561279296874,-0.33518823242187495,9.962273107910155,26.914001892274246,100.95602052360523,65.939769893743,43.876173666666666,10.2464705,27.2,-0.7022900763358778,-1.2213740458015268,0.42748091603053434
153.98,-0.04643550867221791,25.953564491327782,-1.3977693171078276,0.025722222222222226,10.005604774990594,0.7517793212890624,-0.33039982910156246,9.97184991455078,26.914001892274246,100.95602052360523,65.939769893743,43.876173666666666,10.2464705,27.2,-0.8854961832061069,-1.3435114503816794,0.3816793893129771
154.0,-0.04643550867221791,25.953564491327782,0.0,0.025722222222222226,9.94657817722984,0.7589619262695312,-0.3327940307617187,9.911994873046874,26.914001892274246,100.95602052360523,65.939769893743,43.876173666666666,10.2464705,27.2,-1.1145038167938932,-1.3435114503816794,0.3816793893129771
154.01,-0.04643550867221791,25.953564491327782,0.0,0.025722222222222226,10.01395530449735,0.7589619262695312,-0.3495534423828125,9.97903251953125,26.914001892274246,100.95602052360523,65.939769893743,43.876173666666666,10.2464705,27.2,-1.1603053435114503,-1.3893129770992367,0.4122137404580153
154.01,-0.017802114108456113,25.982197885891544,0.0,0.025722222222222226,10.01395530449735,0.7589619262695312,-0.3495534423828125,9.97903251953125,26.903933444758877,100.95567785130613,65.91716671937783,43.876173666666666,10.2464705,27.2,-1.1603053435114503,-1.3893129770992367,0.4122137404580153
154.02,-0.017802114108456113,25.982197885891544,0.0,0.025722222222222226,10.038827320388123,0.7733271362304687,-0.34715924072265625,10.002974536132811,26.903933444758877,100.95567785130613,65.91716671937783,43.876173666666666,10.2464705,27.2,-0.9923664122137404,-1.3740458015267176,0.3969465648854962
154.03,-0.017802114108456113,25.982197885891544,0.0,0.025722222222222226,9.995108341699,0.7278373046875,-0.354341845703125,9.962273107910155,26.903933444758877,100.95567785130613,65.91716671937783,43.876173666666666,10.2464705,27.2,-0.8549618320610687,-1.251908396946565,0.33587786259541985
154.04,-0.06040400427310022,25.9395959957269,-4.260189016468285,0.025722222222222226,9.995108341699,0.7278373046875,-0.354341845703125,9.962273107910155,26.898899221420287,100.95618769296684,65.93734581805576,43.876173666666666,10.2464705,27.2,-0.8549618320610687,-1.251908396946565,0.33587786259541985
154.04,-0.06040400427310022,25.9395959957269,-4.260189016468285,0.025722222222222226,10.025654772516486,0.7781155395507812,-0.296881005859375,9.991003527832031,26.898899221420287,100.95618769296684,65.93734581805576,43.876173666666666,10.2464705,27.2,-1.0229007633587786,-1.282442748091603,0.3053435114503817
154.06,-0.06040400427310022,25.9395959957269,0.0,0.025722222222222226,10.008612329499325,0.7589619262695312,-0.3327940307617187,9.974244116210937,26.898899221420287,100.95618769296684,65.93734581805576,43.876173666666666,10.2464705,27.2,-0.9770992366412213,-1.251908396946565,0.3053435114503817
154.06,-0.06040400427310022,25.9395959957269,0.0,0.025722222222222226,10.008612329499325,0.7589619262695312,-0.3327940307617187,9.974244116210937,26.898899221420287,100.95618769296684,65.93734581805576,43.876173666666666,10.2464705,27.2,-0.9770992366412213,-1.251908396946565,0.3053435114503817
154.07,-0.06040400427310022,25.9395959957269,0.0,0.025722222222222226,9.999720517168104,0.7685387329101562,-0.33039982910156246,9.964667309570311,26.898899221420287,100.95618769296684,65.93734581805576,43.876173666666666,10.2464705,27.2,-1.0381679389312977,-1.3129770992366412,0.3969465648854962
154.07,-0.03176540928097271,25.968234590719028,0.0,0.025722222222222226,9.999720517168104,0.7685387329101562,-0.33039982910156246,9.964667309570311,26.8888307755813,100.95584495797173,65.92873422872971,43.876173666666666,10.2464705,27.2,-1.0381679389312977,-1.3129770992366412,0.3969465648854962
154.08,-0.03176540928097271,25.968234590719028,0.0,0.025722222222222226,9.982159197126071,0.7900865478515624,-0.32561142578124996,9.945513696289062,26.8888307755813,100.95584495797173,65.92873422872971,43.876173666666666,10.2464705,27.2,-0.9312977099236641,-1.2671755725190839,0.4580152671755725
154.09,-0.03176540928097271,25.968234590719028,0.0,0.025722222222222226,9.998133673514937,0.7422025146484375,-0.34237083740234375,9.964667309570311,26.8888307755813,100.95584495797173,65.92873422872971,43.876173666666666,10.2464705,27.2,-1.0229007633587786,-1.3893129770992367,0.42748091603053434
154.1,-0.15955377046173558,25.840446229538266,-12.77883611808791,0.025722222222222226,9.998133673514937,0.7422025146484375,-0.34237083740234375,9.964667309570311,26.873728108918293,100.95737428410523,65.89833102954219,43.876173666666666,10.2464705,27.2,-1.0229007633587786,-1.3893129770992367,0.42748091603053434
154.1,-0.15955377046173558,25.840446229538266,-12.77883611808791,0.025722222222222226,9.974685763652486,0.7757213378906249,-0.3495534423828125,9.938331091308592,26.873728108918293,100.95737428410523,65.89833102954219,43.876173666666666,10.2464705,27.2,-0.7175572519083969,-1.3282442748091603,0.44274809160305345
154.12,-0.15955377046173558,25.840446229538266,0.0,0.025722222222222226,9.985494140133166,0.7589619262695312,-0.354341845703125,9.950302099609374,26.873728108918293,100.95737428410523,65.89833102954219,43.876173666666666,10.2464705,27.2,-0.9923664122137404,-1.3129770992366412,0.3816793893129771
154.13,-0.15955377046173558,25.840446229538266,0.0,0.025722222222222226,10.023947085733667,0.7733271362304687,-0.33039982910156246,9.988609326171874,26.873728108918293,100.95737428410523,65.89833102954219,43.876173666666666,10.2464705,27.2,-1.0076335877862594,-1.3282442748091603,0.33587786259541985
154.13,-0.38721876151432744,25.612781238485674,0.0,0.025722222222222226,10.023947085733667,0.7733271362304687,-0.33039982910156246,9.988609326171874,26.873728108918293,100.96009894507438,65.91931561050846,43.876173666666666,10.2464705,27.2,-1.0076335877862594,-1.3282442748091603,0.33587786259541985
154.14,-0.38721876151432744,25.612781238485674,0.0,0.025722222222222226,10.023379221860848,0.7829039428710937,-0.36152445068359373,9.986215124511718,26.873728108918293,100.96009894507438,65.91931561050846,43.876173666666666,10.2464705,27.2,-0.916030534351145,-1.2671755725190839,0.2900763358778626
154.15,-0.38721876151432744,25.612781238485674,0.0,0.025722222222222226,9.994453095676068,0.7661445312499999,-0.32082302246093747,9.95987890625,26.873728108918293,100.96009894507438,65.91931561050846,43.876173666666666,10.2464705,27.2,-0.7786259541984732,-1.3282442748091603,0.3511450381679389
154.16,-0.401155286929995,25.598844713070005,-1.3936525415680263,0.025722222222222226,9.994453095676068,0.7661445312499999,-0.32082302246093747,9.95987890625,26.85862544476986,100.96026573728494,65.92388797591735,43.876173666666666,10.2464705,27.2,-0.7786259541984732,-1.3282442748091603,0.3511450381679389
154.16,-0.401155286929995,25.598844713070005,-1.3936525415680263,0.025722222222222226,9.994453095676068,0.7661445312499999,-0.32082302246093747,9.95987890625,26.85862544476986,100.96026573728494,65.92388797591735,43.876173666666666,10.2464705,27.2,-0.7786259541984732,-1.3282442748091603,0.3511450381679389
154.16,-0.401155286929995,25.598844713070005,-1.3936525415680263,0.025722222222222226,9.990717803059445,0.7230489013671875,-0.30406361083984373,9.95987890625,26.85862544476986,100.96026573728494,65.92388797591735,43.876173666666666,10.2464705,27.2,-0.5190839694656488,-1.1755725190839694,0.4122137404580153
154.18,-0.401155286929995,25.598844713070005,0.0,0.025722222222222226,10.095759343092121,0.7733271362304687,-0.33758243408203126,10.060435375976562,26.85862544476986,100.96026573728494,65.92388797591735,43.876173666666666,10.2464705,27.2,-1.0229007633587786,-1.3587786259541985,0.3816793893129771
154.19,-0.401155286929995,25.598844713070005,0.0,0.025722222222222226,10.038295131386015,0.7685387329101562,-0.34237083740234375,10.002974536132811,26.85862544476986,100.96026573728494,65.92388797591735,43.876173666666666,10.2464705,27.2,-0.9007633587786259,-1.3282442748091603,0.4580152671755725
154.2,-0.401155286929995,25.598844713070005,0.0,0.025722222222222226,10.009553848250787,0.7733271362304687,-0.3280056274414062,9.974244116210937,26.85862544476986,100.96026573728494,65.92388797591735,43.876173666666666,10.2464705,27.2,-0.9770992366412213,-1.3587786259541985,0.4122137404580153
154.21,-0.401155286929995,25.598844713070005,0.0,0.025722222222222226,10.024062598918198,0.7685387329101562,-0.3447650390625,9.988609326171874,26.85862544476986,100.96026573728494,65.92388797591735,43.876173666666666,10.2464705,27.2,-0.9007633587786259,-1.3129770992366412,0.32061068702290074
154.22,-0.401155286929995,25.598844713070005,0.0,0.025722222222222226,10.030705227050115,0.7996633544921875,-0.3280056274414062,9.993397729492187,26.85862544476986,100.96026573728494,65.92388797591735,43.876173666666666,10.2464705,27.2,-0.9770992366412213,-1.2671755725190839,0.4122137404580153
154.24,-0.401155286929995,25.598844713070005,0.0,0.025722222222222226,10.035598063931984,0.7757213378906249,-0.316034619140625,10.000580334472655,26.85862544476986,100.96026573728494,65.92388797591735,43.876173666666666,10.2464705,27.2,-0.7480916030534351,-1.282442748091603,0.44274809160305345
154.25,-0.401155286929995,25.598844713070005,0.0,0.025722222222222226,10.001564447950107,0.7015010864257812,-0.3184288208007812,9.97184991455078,26.85862544476986,100.96026573728494,65.92388797591735,43.876173666666666,10.2464705,27.2,-0.6870229007633588,-1.3435114503816794,0.366412213740458
154.26,-0.401155286929995,25.598844713070005,0.0,0.025722222222222226,2.5935835959763147,0.7829039428710937,-0.32561142578124996,2.451063949584961,26.85862544476986,100.96026573728494,65.92388797591735,43.876173666666666,10.2464705,27.2,-0.015267175572519083,-0.015267175572519083,-0.015267175572519083
154.26,-0.401155286929995,25.598844713070005,0.0,0.025722222222222226,2.5935835959763147,0.7829039428710937,-0.32561142578124996,2.451063949584961,26.85862544476986,100.96026573728494,65.92388797591735,43.876173666666666,10.2464705,27.2,-0.015267175572519083,-0.015267175572519083,-0.015267175572519083
154.27,-0.401155286929995,25.598844713070005,0.0,0.025722222222222226,9.976206237564616,0.8116343627929687,-0.37828386230468747,9.935936889648437,26.85862544476986,100.96026573728494,65.92388797591735,43.876173666666666,10.2464705,27.2,-1.450381679389313,-1.3129770992366412,0.3511450381679389
154.28,-0.401155286929995,25.598844713070005,0.0,0.025722222222222226,9.961947143615498,0.7757213378906249,-0.32561142578124996,9.926360083007811,26.85862544476986,100.96026573728494,65.92388797591735,43.876173666666666,10.2464705,27.2,-0.916030534351145,-1.297709923664122,0.3969465648854962
154.3,-0.401155286929995,25.598844713070005,0.0,0.025722222222222226,9.970074368283726,0.7613561279296874,-0.316034619140625,9.935936889648437,26.85862544476986,100.96026573728494,65.92388797591735,43.876173666666666,10.2464705,27.2,-0.6870229007633588,-1.3282442748091603,0.32061068702290074
154.31,-0.401155286929995,25.598844713070005,0.0,0.025722222222222226,9.99609270717102,0.7781155395507812,-0.34237083740234375,9.95987890625,26.85862544476986,100.96026573728494,65.92388797591735,43.876173666666666,10.2464705,27.2,-0.9923664122137404,-1.3129770992366412,0.366412213740458
154.32,-0.401155286929995,25.598844713070005,0.0,0.025722222222222226,10.009206516028335,0.7900865478515624,-0.3495534423828125,9.97184991455078,26.85862544476986,100.96026573728494,65.92388797591735,43.876173666666666,10.2464705,27.2,-0.7022900763358778,-1.2671755725190839,0.3816793893129771
154.33,-0.401155286929995,25.598844713070005,0.0,0.025722222222222226,10.01185572917487,0.7829039428710937,-0.3016694091796875,9.976638317871092,26.85862544476986,100.96026573728494,65.92388797591735,43.876173666666666,10.2464705,27.2,-0.7633587786259542,-1.3587786259541985,0.4122137404580153
154.34,-0.401155286929995,25.598844713070005,0.0,0.025722222222222226,10.028655170947275,0.7398083129882812,-0.3327940307617187,9.995791931152343,26.85862544476986,100.96026573728494,65.92388797591735,43.876173666666666,10.2464705,27.2,-0.732824427480916,-1.3129770992366412,0.2748091603053435
154.36,-0.401155286929995,25.598844713070005,0.0,0.025722222222222226,9.99749410661127,0.7685387329101562,-0.33518823242187495,9.962273107910155,26.85862544476986,100.96026573728494,65.92388797591735,43.876173666666666,10.2464705,27.2,-0.9312977099236641,-1.3282442748091603,0.32061068702290074
154.36,-0.7000518279308232,25.299948172069175,0.0,0.025722222222222226,9.99749410661127,0.7685387329101562,-0.33518823242187495,9.962273107910155,26.863659665873275,100.96384298210091,65.92469558726066,43.876173666666666,10.2464705,27.2,-0.9312977099236641,-1.3282442748091603,0.32061068702290074
154.36,-0.7000518279308232,25.299948172069175,0.0,0.025722222222222226,9.99749410661127,0.7685387329101562,-0.33518823242187495,9.962273107910155,26.863659665873275,100.96384298210091,65.92469558726066,43.876173666666666,10.2464705,27.2,-0.9312977099236641,-1.3282442748091603,0.32061068702290074
154.36,-0.7000518279308232,25.299948172069175,0.0,0.025722222222222226,9.99749410661127,0.7685387329101562,-0.33518823242187495,9.962273107910155,26.863659665873275,100.96384298210091,65.92469558726066,43.876173666666666,10.2464705,27.2,-0.9312977099236641,-1.3282442748091603,0.32061068702290074
154.37,-0.7000518279308232,25.299948172069175,0.0,0.025722222222222226,10.01926997105048,0.7398083129882812,-0.33758243408203126,9.986215124511718,26.863659665873275,100.96384298210091,65.92469558726066,43.876173666666666,10.2464705,27.2,-0.8091603053435115,-1.4045801526717556,0.3053435114503817
154.38,-0.7000518279308232,25.299948172069175,0.0,0.025722222222222226,10.033179367365838,0.7733271362304687,-0.32082302246093747,9.9981861328125,26.863659665873275,100.96384298210091,65.92469558726066,43.876173666666666,10.2464705,27.2,-0.7022900763358778,-1.4045801526717556,0.3053435114503817
154.39,0.37724104590888485,26.377241045908885,107.72928738406878,0.025722222222222226,10.033179367365838,0.7733271362304687,-0.32082302246093747,9.9981861328125,27.487905248021708,100.95095023875909,66.0321438714932,43.876173666666666,10.2464705,27.2,-0.7022900763358778,-1.4045801526717556,0.3053435114503817
154.39,0.37724104590888485,26.377241045908885,107.72928738406878,0.025722222222222226,10.011950484323114,0.7661445312499999,-0.3447650390625,9.976638317871092,27.487905248021708,100.95095023875909,66.0321438714932,43.876173666666666,10.2464705,27.2,-0.8091603053435115,-1.3282442748091603,0.366412213740458
154.4,0.37724104590888485,26.377241045908885,0.0,0.025722222222222226,10.00935541507697,0.7805097412109374,-0.30406361083984373,9.974244116210937,27.487905248021708,100.95095023875909,66.0321438714932,43.876173666666666,10.2464705,27.2,-1.1450381679389312,-1.3893129770992367,0.3816793893129771
154.42,0.37724104590888485,26.377241045908885,0.0,0.025722222222222226,10.016948906792845,0.7733271362304687,-0.33518823242187495,9.981426721191406,27.487905248021708,100.95095023875909,66.0321438714932,43.876173666666666,10.2464705,27.2,-0.732824427480916,-1.282442748091603,0.22900763358778625
154.43,0.37724104590888485,26.377241045908885,0.0,0.025722222222222226,9.968577972802077,0.7637503295898437,-0.33758243408203126,9.93354268798828,27.487905248021708,100.95095023875909,66.0321438714932,43.876173666666666,10.2464705,27.2,-0.6259541984732825,-1.2061068702290076,0.22900763358778625
154.44,0.37724104590888485,26.377241045908885,0.0,0.025722222222222226,10.040479952849493,0.7637503295898437,-0.34715924072265625,10.005368737792969,27.487905248021708,100.95095023875909,66.0321438714932,43.876173666666666,10.2464705,27.2,-0.8702290076335878,-1.2061068702290076,0.3511450381679389
154.44,-0.13569982703562466,25.864300172964377,0.0,0.025722222222222226,10.040479952849493,0.7637503295898437,-0.34715924072265625,10.005368737792969,27.427494197478516,100.95708880708136,66.02239658096481,43.876173666666666,10.2464705,27.2,-0.8702290076335878,-1.2061068702290076,0.3511450381679389
154.45,-0.13569982703562466,25.864300172964377,0.0,0.025722222222222226,10.006354385333069,0.7637503295898437,-0.32561142578124996,9.97184991455078,27.427494197478516,100.95708880708136,66.02239658096481,43.876173666666666,10.2464705,27.2,-0.9618320610687023,-1.282442748091603,0.2748091603053435
154.46,-0.13569982703562466,25.864300172964377,0.0,0.025722222222222226,10.006354385333069,0.7637503295898437,-0.32561142578124996,9.97184991455078,27.427494197478516,100.95708880708136,66.02239658096481,43.876173666666666,10.2464705,27.2,-0.9618320610687023,-1.282442748091603,0.2748091603053435
154.46,-0.13569982703562466,25.864300172964377,0.0,0.025722222222222226,9.985143674704586,0.7565677246093749,-0.3495534423828125,9.950302099609374,27.427494197478516,100.95708880708136,66.02239658096481,43.876173666666666,10.2464705,27.2,-0.8396946564885496,-1.3129770992366412,0.32061068702290074
154.47,-0.37783558112536975,25.62216441887463,-24.21357540899653,0.025722222222222226,9.985143674704586,0.7565677246093749,-0.3495534423828125,9.950302099609374,27.372117436490953,100.95998664738177,65.9994630750293,43.876173666666666,10.2464705,27.2,-0.8396946564885496,-1.3129770992366412,0.32061068702290074
154.48,-0.37783558112536975,25.62216441887463,0.0,0.025722222222222226,9.992763595827995,0.7900865478515624,-0.35673604736328124,9.955090502929687,27.372117436490953,100.95998664738177,65.9994630750293,43.876173666666666,10.2464705,27.2,-0.8396946564885496,-1.282442748091603,0.3511450381679389
154.49,-0.37783558112536975,25.62216441887463,0.0,0.025722222222222226,9.979149127040218,0.7541735229492187,-0.3184288208007812,9.945513696289062,27.372117436490953,100.95998664738177,65.9994630750293,43.876173666666666,10.2464705,27.2,-0.7786259541984732,-1.2671755725190839,0.3816793893129771
154.5,-0.37783558112536975,25.62216441887463,0.0,0.025722222222222226,10.016817288368953,0.7493851196289062,-0.3136404174804687,9.983820922851562,27.372117436490953,100.95998664738177,65.9994630750293,43.876173666666666,10.2464705,27.2,-1.0076335877862594,-1.3129770992366412,0.3816793893129771
154.5,-0.2211671004536342,25.778832899546366,0.0,0.025722222222222226,10.016817288368953,0.7493851196289062,-0.3136404174804687,9.983820922851562,27.336877697100864,100.95811165745724,66.00778608483546,43.876173666666666,10.2464705,27.2,-1.0076335877862594,-1.3129770992366412,0.3816793893129771
154.51,-0.2211671004536342,25.778832899546366,0.0,0.025722222222222226,10.015477829486057,0.7302315063476562,-0.316034619140625,9.983820922851562,27.336877697100864,100.95811165745724,66.00778608483546,43.876173666666666,10.2464705,27.2,-0.7786259541984732,-1.251908396946565,0.4732824427480916
154.52,-0.2211671004536342,25.778832899546366,0.0,0.025722222222222226,10.042225070376123,0.7852981445312499,-0.3495534423828125,10.005368737792969,27.336877697100864,100.95811165745724,66.00778608483546,43.876173666666666,10.2464705,27.2,-0.7175572519083969,-1.251908396946565,0.366412213740458
154.53,-0.07866236892936085,25.92133763107064,14.250473152440295,0.025722222222222226,10.042225070376123,0.7852981445312499,-0.3495534423828125,10.005368737792969,27.286535236006603,100.95640620210126,65.97167302049388,43.876173666666666,10.2464705,27.2,-0.7175572519083969,-1.251908396946565,0.366412213740458
154.54,-0.07866236892936085,25.92133763107064,0.0,0.025722222222222226,9.992469890256242,0.7565677246093749,-0.354341845703125,9.957484704589843,27.286535236006603,100.95640620210126,65.97167302049388,43.876173666666666,10.2464705,27.2,-1.0534351145038168,-1.4198473282442747,0.4580152671755725
154.55,-0.07866236892936085,25.92133763107064,0.0,0.025722222222222226,10.012922030692767,0.7733271362304687,-0.35673604736328124,9.976638317871092,27.286535236006603,100.95640620210126,65.97167302049388,43.876173666666666,10.2464705,27.2,-0.7633587786259542,-1.3587786259541985,0.44274809160305345
154.56,-0.07866236892936085,25.92133763107064,0.0,0.025722222222222226,9.970579440900154,0.7565677246093749,-0.34237083740234375,9.935936889648437,27.286535236006603,100.95640620210126,65.97167302049388,43.876173666666666,10.2464705,27.2,-1.1908396946564885,-1.450381679389313,0.42748091603053434
154.56,0.10660594584749772,26.106605945847498,0.0,0.025722222222222226,9.970579440900154,0.7565677246093749,-0.34237083740234375,9.935936889648437,27.241227044910193,100.95418899944399,65.97137771418706,43.876173666666666,10.2464705,27.2,-1.1908396946564885,-1.450381679389313,0.42748091603053434
154.56,0.10660594584749772,26.106605945847498,0.0,0.025722222222222226,9.970579440900154,0.7565677246093749,-0.34237083740234375,9.935936889648437,27.241227044910193,100.95418899944399,65.97137771418706,43.876173666666666,10.2464705,27.2,-1.1908396946564885,-1.450381679389313,0.42748091603053434
154.57,0.10660594584749772,26.106605945847498,0.0,0.025722222222222226,10.077542904990823,0.737414111328125,-0.29927520751953124,10.046070166015625,27.241227044910193,100.95418899944399,65.97137771418706,43.876173666666666,10.2464705,27.2,-0.8702290076335878,-1.3435114503816794,0.4732824427480916
154.58,0.10660594584749772,26.106605945847498,0.0,0.025722222222222226,10.027820054464629,0.8044517578125,-0.3711012573242187,9.988609326171874,27.241227044910193,100.95418899944399,65.97137771418706,43.876173666666666,10.2464705,27.2,-1.0076335877862594,-1.3740458015267176,0.4122137404580153
154.59,-0.5623888775905317,25.437611122409468,-66.89948234386378,0.025722222222222226,10.027820054464629,0.8044517578125,-0.3711012573242187,9.988609326171874,27.216055837413297,100.96219539566734,65.97432548368029,43.876173666666666,10.2464705,27.2,-1.0076335877862594,-1.3740458015267176,0.4122137404580153
154.6,-0.5623888775905317,25.437611122409468,0.0,0.025722222222222226,10.032482041531676,0.74699091796875,-0.3591302490234375,9.9981861328125,27.216055837413297,100.96219539566734,65.97432548368029,43.876173666666666,10.2464705,27.2,-0.8244274809160306,-1.282442748091603,0.3969465648854962
154.61,-0.5623888775905317,25.437611122409468,0.0,0.025722222222222226,10.013278965859019,0.7757213378906249,-0.36152445068359373,9.976638317871092,27.216055837413297,100.96219539566734,65.97432548368029,43.876173666666666,10.2464705,27.2,-0.7633587786259542,-1.297709923664122,0.3511450381679389
154.62,-0.5623888775905317,25.437611122409468,0.0,0.025722222222222226,10.066109036865486,0.7661445312499999,-0.3232172241210937,10.031704956054687,27.216055837413297,100.96219539566734,65.97432548368029,43.876173666666666,10.2464705,27.2,-1.0229007633587786,-1.297709923664122,0.3969465648854962
154.62,0.26365323916725414,26.263653239167255,0.0,0.025722222222222226,10.066109036865486,0.7661445312499999,-0.3232172241210937,10.031704956054687,27.165713443374262,100.9523095633622,65.94522895549463,43.876173666666666,10.2464705,27.2,-1.0229007633587786,-1.297709923664122,0.3969465648854962
154.63,0.26365323916725414,26.263653239167255,0.0,0.025722222222222226,10.025036688104741,0.7852981445312499,-0.33518823242187495,9.988609326171874,27.165713443374262,100.9523095633622,65.94522895549463,43.876173666666666,10.2464705,27.2,-0.8854961832061069,-1.297709923664122,0.3511450381679389
154.64,0.26365323916725414,26.263653239167255,0.0,0.025722222222222226,9.988783208431895,0.7900865478515624,-0.30885201416015623,9.952696301269532,27.165713443374262,100.9523095633622,65.94522895549463,43.876173666666666,10.2464705,27.2,-1.0076335877862594,-1.3282442748091603,0.3969465648854962
154.65,-0.4478658057904661,25.552134194209533,-71.15190449563451,0.025722222222222226,9.988783208431895,0.7900865478515624,-0.30885201416015623,9.952696301269532,27.135508020361886,100.96082476998099,65.94736930029913,43.876173666666666,10.2464705,27.2,-1.0076335877862594,-1.3282442748091603,0.3969465648854962
154.66,-0.4478658057904661,25.552134194209533,0.0,0.025722222222222226,1.4374865823070118,0.7517793212890624,1.225232699584961,-0.0005985504150390625,27.135508020361886,100.96082476998099,65.94736930029913,43.876173666666666,10.2464705,27.2,-0.015267175572519083,-0.015267175572519083,-0.015267175572519083
154.66,-0.4478658057904661,25.552134194209533,0.0,0.025722222222222226,1.4374865823070118,0.7517793212890624,1.225232699584961,-0.0005985504150390625,27.135508020361886,100.96082476998099,65.94736930029913,43.876173666666666,10.2464705,27.2,-0.015267175572519083,-0.015267175572519083,-0.015267175572519083
154.67,-0.4478658057904661,25.552134194209533,0.0,0.025722222222222226,9.98869770235226,0.814028564453125,-0.32082302246093747,9.950302099609374,27.135508020361886,100.96082476998099,65.94736930029913,43.876173666666666,10.2464705,27.2,-1.1603053435114503,-1.3587786259541985,0.3053435114503817
154.68,-0.4478658057904661,25.552134194209533,0.0,0.025722222222222226,10.054657605655882,0.7948749511718749,-0.34237083740234375,10.01733974609375,27.135508020361886,100.96082476998099,65.94736930029913,43.876173666666666,10.2464705,27.2,-1.0076335877862594,-1.3282442748091603,0.33587786259541985
154.68,0.29253015114583003,26.29253015114583,0.0,0.025722222222222226,10.054657605655882,0.7948749511718749,-0.34237083740234375,10.01733974609375,27.115371077274904,100.95196398704006,65.92313913437421,43.876173666666666,10.2464705,27.2,-1.0076335877862594,-1.3282442748091603,0.33587786259541985
154.69,0.29253015114583003,26.29253015114583,0.0,0.025722222222222226,9.991345468826848,0.7805097412109374,-0.33758243408203126,9.955090502929687,27.115371077274904,100.95196398704006,65.92313913437421,43.876173666666666,10.2464705,27.2,-0.7022900763358778,-1.3282442748091603,0.3816793893129771
154.7,0.29253015114583003,26.29253015114583,0.0,0.025722222222222226,9.968052096730213,0.7709329345703124,-0.30406361083984373,9.93354268798828,27.115371077274904,100.95196398704006,65.92313913437421,43.876173666666666,10.2464705,27.2,-0.6564885496183206,-1.2366412213740459,0.4122137404580153
154.71,-0.23378747769693176,25.766212522303068,-52.63176288417446,0.025722222222222226,9.968052096730213,0.7709329345703124,-0.30406361083984373,9.93354268798828,27.08013143762946,100.9582626956015,65.93846668587295,43.876173666666666,10.2464705,27.2,-0.6564885496183206,-1.2366412213740459,0.4122137404580153
154.72,-0.23378747769693176,25.766212522303068,0.0,0.025722222222222226,9.930811976391661,0.7781155395507812,-0.316034619140625,9.89523546142578,27.08013143762946,100.9582626956015,65.93846668587295,43.876173666666666,10.2464705,27.2,-0.5343511450381679,-1.297709923664122,0.3969465648854962
154.73,-0.23378747769693176,25.766212522303068,0.0,0.025722222222222226,10.009986493379191,0.8379705810546875,-0.3280056274414062,9.969455712890625,27.08013143762946,100.9582626956015,65.93846668587295,43.876173666666666,10.2464705,27.2,-0.916030534351145,-1.3740458015267176,0.3816793893129771
154.74,-0.23378747769693176,25.766212522303068,0.0,0.025722222222222226,10.041768412065057,0.8116343627929687,-0.3447650390625,10.002974536132811,27.08013143762946,100.9582626956015,65.93846668587295,43.876173666666666,10.2464705,27.2,-0.9465648854961832,-1.3587786259541985,0.2900763358778626
154.74,0.164980431502737,26.164980431502737,0.0,0.025722222222222226,10.041768412065057,0.8116343627929687,-0.3447650390625,10.002974536132811,27.059994506835938,100.95349040966366,65.92823356827581,43.876173666666666,10.2464705,27.2,-0.9465648854961832,-1.3587786259541985,0.2900763358778626
154.75,0.164980431502737,26.164980431502737,0.0,0.025722222222222226,10.000220366624168,0.7829039428710937,-0.3112462158203125,9.964667309570311,27.059994506835938,100.95349040966366,65.92823356827581,43.876173666666666,10.2464705,27.2,-0.6564885496183206,-1.3129770992366412,0.3511450381679389
154.76,0.164980431502737,26.164980431502737,0.0,0.025722222222222226,10.000220366624168,0.7829039428710937,-0.3112462158203125,9.964667309570311,27.059994506835938,100.95349040966366,65.92823356827581,43.876173666666666,10.2464705,27.2,-0.6564885496183206,-1.3129770992366412,0.3511450381679389
154.76,0.164980431502737,26.164980431502737,0.0,0.025722222222222226,9.946988205412067,0.7996633544921875,-0.32082302246093747,9.909600671386718,27.059994506835938,100.95349040966366,65.92823356827581,43.876173666666666,10.2464705,27.2,-0.916030534351145,-1.3282442748091603,0.3969465648854962
154.77,0.06564362227262976,26.06564362227263,-9.933680922991526,0.025722222222222226,9.946988205412067,0.7996633544921875,-0.32082302246093747,9.909600671386718,27.03482334963046,100.95467921356288,65.91019695112747,43.876173666666666,10.2464705,27.2,-0.916030534351145,-1.3282442748091603,0.3969465648854962
154.78,0.06564362227262976,26.06564362227263,0.0,0.025722222222222226,10.069626803268648,0.7661445312499999,-0.35673604736328124,10.034099157714843,27.03482334963046,100.95467921356288,65.91019695112747,43.876173666666666,10.2464705,27.2,-1.0076335877862594,-1.3587786259541985,0.3816793893129771
154.79,0.06564362227262976,26.06564362227263,0.0,0.025722222222222226,9.950366908755091,0.8020575561523438,-0.3447650390625,9.911994873046874,27.03482334963046,100.95467921356288,65.91019695112747,43.876173666666666,10.2464705,27.2,-0.9312977099236641,-1.4198473282442747,0.42748091603053434
154.8,0.06564362227262976,26.06564362227263,0.0,0.025722222222222226,10.030292049011939,0.7637503295898437,-0.3280056274414062,9.995791931152343,27.03482334963046,100.95467921356288,65.91019695112747,43.876173666666666,10.2464705,27.2,-1.0076335877862594,-1.3435114503816794,0.3969465648854962
154.8,-0.21874848207947162,25.781251517920527,0.0,0.025722222222222226,10.030292049011939,0.7637503295898437,-0.3280056274414062,9.995791931152343,27.01468642889522,100.95808271193829,65.90696295965643,43.876173666666666,10.2464705,27.2,-1.0076335877862594,-1.3435114503816794,0.3969465648854962
154.81,-0.21874848207947162,25.781251517920527,0.0,0.025722222222222226,9.983089717222827,0.7134720947265625,-0.3112462158203125,9.952696301269532,27.01468642889522,100.95808271193829,65.90696295965643,43.876173666666666,10.2464705,27.2,-0.7480916030534351,-1.3129770992366412,0.4580152671755725
154.82,-0.21874848207947162,25.781251517920527,0.0,0.025722222222222226,9.93257434231182,0.8116343627929687,-0.3591302490234375,9.892841259765625,27.01468642889522,100.95808271193829,65.90696295965643,43.876173666666666,10.2464705,27.2,-0.8396946564885496,-1.2671755725190839,0.3816793893129771
154.83,-0.34662618397664824,25.65337381602335,-12.787770189692948,0.025722222222222226,9.93257434231182,0.8116343627929687,-0.3591302490234375,9.892841259765625,26.999583741277455,100.95961313474356,65.92552582167022,43.876173666666666,10.2464705,27.2,-0.8396946564885496,-1.2671755725190839,0.3816793893129771
154.84,-0.34662618397664824,25.65337381602335,0.0,0.025722222222222226,10.070061705924902,0.7445967163085937,-0.34715924072265625,10.036493359375,26.999583741277455,100.95961313474356,65.92552582167022,43.876173666666666,10.2464705,27.2,-1.099236641221374,-1.3282442748091603,0.44274809160305345
154.85,-0.34662618397664824,25.65337381602335,0.0,0.025722222222222226,9.97824839916921,0.7685387329101562,-0.33039982910156246,9.943119494628906,26.999583741277455,100.95961313474356,65.92552582167022,43.876173666666666,10.2464705,27.2,-1.1603053435114503,-1.3129770992366412,0.366412213740458
154.86,-0.34662618397664824,25.65337381602335,0.0,0.025722222222222226,10.072423741797598,0.7326257080078125,-0.3711012573242187,10.038887561035155,26.999583741277455,100.95961313474356,65.92552582167022,43.876173666666666,10.2464705,27.2,-0.7480916030534351,-1.297709923664122,0.33587786259541985
154.86,-0.06170148120229646,25.938298518797705,0.0,0.025722222222222226,10.072423741797598,0.7326257080078125,-0.3711012573242187,10.038887561035155,26.979446828365326,100.95620322066246,65.91529620328643,43.876173666666666,10.2464705,27.2,-0.7480916030534351,-1.297709923664122,0.33587786259541985
154.86,-0.06170148120229646,25.938298518797705,0.0,0.025722222222222226,10.072423741797598,0.7326257080078125,-0.3711012573242187,10.038887561035155,26.979446828365326,100.95620322066246,65.91529620328643,43.876173666666666,10.2464705,27.2,-0.7480916030534351,-1.297709923664122,0.33587786259541985
154.87,-0.06170148120229646,25.938298518797705,0.0,0.025722222222222226,9.966300318124294,0.7733271362304687,-0.3184288208007812,9.931148486328125,26.979446828365326,100.95620322066246,65.91529620328643,43.876173666666666,10.2464705,27.2,-0.9465648854961832,-1.3587786259541985,0.366412213740458
154.88,-0.06170148120229646,25.938298518797705,0.0,0.025722222222222226,10.073441238584357,0.7445967163085937,-0.30406361083984373,10.041281762695311,26.979446828365326,100.95620322066246,65.91529620328643,43.876173666666666,10.2464705,27.2,-1.0076335877862594,-1.3282442748091603,0.3511450381679389
154.89,-0.06170148120229646,25.938298518797705,0.0,0.003086666666666667,10.073441238584357,0.7445967163085937,-0.30406361083984373,10.041281762695311,26.979446828365326,100.95620322066246,65.91529620328643,43.876173,10.246469,27.2,-1.0076335877862594,-1.3282442748091603,0.3511450381679389
154.89,-0.04709093875165715,25.95290906124834,0.0,0.003086666666666667,10.073441238584357,0.7445967163085937,-0.30406361083984373,10.041281762695311,26.95427569351159,100.956028367525,65.9042599047532,43.876173,10.246469,27.2,-1.0076335877862594,-1.3282442748091603,0.3511450381679389
154.9,-0.04709093875165715,25.95290906124834,0.0,0.003086666666666667,9.9128171951584,0.7709329345703124,-0.2920926025390625,9.878476049804688,26.95427569351159,100.956028367525,65.9042599047532,43.876173,10.246469,27.2,-0.7480916030534351,-1.282442748091603,0.3053435114503817
154.91,-0.04709093875165715,25.95290906124834,0.0,0.003086666666666667,9.985990109497427,0.7781155395507812,-0.32561142578124996,9.950302099609374,26.95427569351159,100.956028367525,65.9042599047532,43.876173,10.246469,27.2,-0.9312977099236641,-1.3435114503816794,0.3511450381679389
154.92,-0.04709093875165715,25.95290906124834,0.0,0.003086666666666667,10.010406808395313,0.8092401611328125,-0.3399766357421875,9.97184991455078,26.95427569351159,100.956028367525,65.9042599047532,43.876173,10.246469,27.2,-0.7175572519083969,-1.251908396946565,0.366412213740458
154.92,-0.31739818860106794,25.682601811398932,0.0,0.003086666666666667,10.010406808395313,0.8092401611328125,-0.3399766357421875,9.97184991455078,26.949241467379032,100.95926333644573,65.90345190776009,43.876173,10.246469,27.2,-0.7175572519083969,-1.251908396946565,0.366412213740458
154.93,-0.31739818860106794,25.682601811398932,0.0,0.003086666666666667,9.977973224377791,0.737414111328125,-0.32082302246093747,9.945513696289062,26.949241467379032,100.95926333644573,65.90345190776009,43.876173,10.246469,27.2,-0.5801526717557252,-1.251908396946565,0.3969465648854962
154.94,-0.31739818860106794,25.682601811398932,0.0,0.003086666666666667,10.048205662784184,0.7733271362304687,-0.34237083740234375,10.012551342773437,26.949241467379032,100.95926333644573,65.90345190776009,43.876173,10.246469,27.2,-0.6259541984732825,-1.3587786259541985,0.3816793893129771
154.95,-0.06108303157493555,25.938916968425065,25.631515702636552,0.003086666666666667,10.048205662784184,0.7733271362304687,-0.34237083740234375,10.012551342773437,26.93917301595211,100.95619581929935,65.8948410338764,43.876173,10.246469,27.2,-0.6259541984732825,-1.3587786259541985,0.3816793893129771
154.96,-0.06108303157493555,25.938916968425065,0.0,0.003086666666666667,9.975571011060408,0.8092401611328125,-0.29448680419921874,9.938331091308592,26.93917301595211,100.95619581929935,65.8948410338764,43.876173,10.246469,27.2,-0.6106870229007634,-1.1755725190839694,0.44274809160305345
154.96,-0.06108303157493555,25.938916968425065,0.0,0.003086666666666667,9.975571011060408,0.8092401611328125,-0.29448680419921874,9.938331091308592,26.93917301595211,100.95619581929935,65.8948410338764,43.876173,10.246469,27.2,-0.6106870229007634,-1.1755725190839694,0.44274809160305345
154.97,-0.06108303157493555,25.938916968425065,0.0,0.003086666666666667,10.054599169815166,0.74699091796875,-0.3064578125,10.022128149414062,26.93917301595211,100.95619581929935,65.8948410338764,43.876173,10.246469,27.2,-0.7480916030534351,-1.251908396946565,0.33587786259541985
154.98,-0.06108303157493555,25.938916968425065,0.0,0.003086666666666667,9.977746012749716,0.7685387329101562,-0.38307226562499996,9.94072529296875,26.93917301595211,100.95619581929935,65.8948410338764,43.876173,10.246469,27.2,-0.732824427480916,-1.282442748091603,0.3969465648854962
154.98,-0.23151372510118673,25.768486274898812,0.0,0.003086666666666667,9.977746012749716,0.7685387329101562,-0.38307226562499996,9.94072529296875,26.919036116451025,100.95823548377285,65.89860474329174,43.876173,10.246469,27.2,-0.732824427480916,-1.282442748091603,0.3969465648854962
154.99,-0.23151372510118673,25.768486274898812,0.0,0.003086666666666667,10.045947488108114,0.7781155395507812,-0.33518823242187495,10.01015714111328,26.919036116451025,100.95823548377285,65.89860474329174,43.876173,10.246469,27.2,-0.7022900763358778,-1.251908396946565,0.3053435114503817
155.0,-0.23151372510118673,25.768486274898812,0.0,0.003086666666666667,9.928900060284382,0.7924807495117187,-0.29448680419921874,9.892841259765625,26.919036116451025,100.95823548377285,65.89860474329174,43.876173,10.246469,27.2,-1.0381679389312977,-1.3282442748091603,0.3816793893129771
155.01,-0.4305560679050058,25.569443932094995,-19.904234280400008,0.003086666666666667,9.928900060284382,0.7924807495117187,-0.29448680419921874,9.892841259765625,26.908967668376864,100.96061760629857,65.88999471536212,43.876173,10.246469,27.2,-1.0381679389312977,-1.3282442748091603,0.3816793893129771
155.02,-0.4305560679050058,25.569443932094995,0.0,0.003086666666666667,10.068748117357968,0.7589619262695312,-0.34715924072265625,10.034099157714843,26.908967668376864,100.96061760629857,65.88999471536212,43.876173,10.246469,27.2,-0.8854961832061069,-1.3435114503816794,0.4122137404580153
155.03,-0.4305560679050058,25.569443932094995,0.0,0.003086666666666667,9.999854940148794,0.7733271362304687,-0.3232172241210937,9.964667309570311,26.908967668376864,100.96061760629857,65.88999471536212,43.876173,10.246469,27.2,-0.6412213740458015,-1.251908396946565,0.5038167938931297
155.04,-0.4305560679050058,25.569443932094995,0.0,0.003086666666666667,9.974109922776378,0.8188169677734375,-0.29927520751953124,9.935936889648437,26.908967668376864,100.96061760629857,65.88999471536212,43.876173,10.246469,27.2,-0.6564885496183206,-1.282442748091603,0.366412213740458
155.04,0.20988111625129036,26.20988111625129,0.0,0.003086666666666667,9.974109922776378,0.8188169677734375,-0.29927520751953124,9.935936889648437,26.903933444758877,100.95295306867173,65.88918713189625,43.876173,10.246469,27.2,-0.6564885496183206,-1.282442748091603,0.366412213740458
155.05,0.20988111625129036,26.20988111625129,0.0,0.003086666666666667,9.992699348471822,0.7996633544921875,-0.3327940307617187,9.955090502929687,26.903933444758877,100.95295306867173,65.88918713189625,43.876173,10.246469,27.2,-0.5954198473282443,-1.3435114503816794,0.3969465648854962
155.06,0.20988111625129036,26.20988111625129,0.0,0.003086666666666667,9.992699348471822,0.7996633544921875,-0.3327940307617187,9.955090502929687,26.903933444758877,100.95295306867173,65.88918713189625,43.876173,10.246469,27.2,-0.5954198473282443,-1.3435114503816794,0.3969465648854962
155.06,0.20988111625129036,26.20988111625129,0.0,0.003086666666666667,10.024494903776148,0.74699091796875,-0.33518823242187495,9.991003527832031,26.903933444758877,100.95295306867173,65.88918713189625,43.876173,10.246469,27.2,-0.6564885496183206,-1.3740458015267176,0.3969465648854962
155.07,-0.2594383415326207,25.740561658467378,-46.931945778433786,0.003086666666666667,10.024494903776148,0.74699091796875,-0.33518823242187495,9.991003527832031,26.8888307755813,100.95856968056036,65.89375898069447,43.876173,10.246469,27.2,-0.6564885496183206,-1.3740458015267176,0.3969465648854962
155.08,-0.2594383415326207,25.740561658467378,0.0,0.003086666666666667,10.047494546554656,0.7733271362304687,-0.32082302246093747,10.012551342773437,26.8888307755813,100.95856968056036,65.89375898069447,43.876173,10.246469,27.2,-0.9770992366412213,-1.297709923664122,0.366412213740458
155.09,-0.2594383415326207,25.740561658467378,0.0,0.003086666666666667,9.94976661589285,0.7924807495117187,-0.3495534423828125,9.911994873046874,26.8888307755813,100.95856968056036,65.89375898069447,43.876173,10.246469,27.2,-0.8549618320610687,-1.2671755725190839,0.366412213740458
155.1,-0.2594383415326207,25.740561658467378,0.0,0.003086666666666667,9.973902163640718,0.7709329345703124,-0.33758243408203126,9.938331091308592,26.8888307755813,100.95856968056036,65.89375898069447,43.876173,10.246469,27.2,-0.9007633587786259,-1.3587786259541985,0.3969465648854962
155.1,0.15331169449797732,26.153311694497976,0.0,0.003086666666666667,9.973902163640718,0.7709329345703124,-0.33758243408203126,9.938331091308592,26.883796553080902,100.95363005358611,65.87196926683481,43.876173,10.246469,27.2,-0.9007633587786259,-1.3587786259541985,0.3969465648854962
155.11,0.15331169449797732,26.153311694497976,0.0,0.003086666666666667,10.032154073090727,0.8044517578125,-0.3591302490234375,9.993397729492187,26.883796553080902,100.95363005358611,65.87196926683481,43.876173,10.246469,27.2,-0.7175572519083969,-1.2671755725190839,0.366412213740458
155.12,0.15331169449797732,26.153311694497976,0.0,0.003086666666666667,9.99159072969894,0.7805097412109374,-0.3447650390625,9.955090502929687,26.883796553080902,100.95363005358611,65.87196926683481,43.876173,10.246469,27.2,-0.8396946564885496,-1.2671755725190839,0.3511450381679389
155.13,-0.4298086884839236,25.570191311516076,-58.31203829824313,0.003086666666666667,9.99159072969894,0.7805097412109374,-0.3447650390625,9.955090502929687,26.868693887256086,100.96060866163755,65.89052925142747,43.876173,10.246469,27.2,-0.8396946564885496,-1.2671755725190839,0.3511450381679389
155.14,-0.4298086884839236,25.570191311516076,0.0,0.003086666666666667,9.993114941250917,0.7661445312499999,-0.35194764404296874,9.957484704589843,26.868693887256086,100.96060866163755,65.89052925142747,43.876173,10.246469,27.2,-1.099236641221374,-1.3282442748091603,0.366412213740458
155.15,-0.4298086884839236,25.570191311516076,0.0,0.003086666666666667,9.981854268555546,0.7661445312499999,-0.29927520751953124,9.947907897949218,26.868693887256086,100.96060866163755,65.89052925142747,43.876173,10.246469,27.2,-0.7938931297709924,-1.282442748091603,0.3511450381679389
155.16,-0.4298086884839236,25.570191311516076,0.0,0.003086666666666667,10.002744454030857,0.7565677246093749,-0.30406361083984373,9.969455712890625,26.868693887256086,100.96060866163755,65.89052925142747,43.876173,10.246469,27.2,-0.7480916030534351,-1.3587786259541985,0.3816793893129771
155.16,-0.5862249240818906,25.41377507591811,0.0,0.003086666666666667,10.002744454030857,0.7565677246093749,-0.30406361083984373,9.969455712890625,26.863659665873275,100.96248067018888,65.88972191652908,43.876173,10.246469,27.2,-0.7480916030534351,-1.3587786259541985,0.3816793893129771
155.16,-0.5862249240818906,25.41377507591811,0.0,0.003086666666666667,10.002744454030857,0.7565677246093749,-0.30406361083984373,9.969455712890625,26.863659665873275,100.96248067018888,65.88972191652908,43.876173,10.246469,27.2,-0.7480916030534351,-1.3587786259541985,0.3816793893129771
155.17,-0.5862249240818906,25.41377507591811,0.0,0.003086666666666667,9.975391726790328,0.7110778930664062,-0.29927520751953124,9.945513696289062,26.863659665873275,100.96248067018888,65.88972191652908,43.876173,10.246469,27.2,-0.8244274809160306,-1.2061068702290076,0.4580152671755725
155.18,-0.5862249240818906,25.41377507591811,0.0,0.003086666666666667,9.99912003424015,0.7972691528320313,-0.316034619140625,9.962273107910155,26.863659665873275,100.96248067018888,65.88972191652908,43.876173,10.246469,27.2,-0.7022900763358778,-1.2213740458015268,0.4732824427480916
155.2,-0.5862249240818906,25.41377507591811,0.0,0.003086666666666667,10.018123095501553,0.7852981445312499,-0.34237083740234375,9.981426721191406,26.863659665873275,100.96248067018888,65.88972191652908,43.876173,10.246469,27.2,-0.6259541984732825,-1.297709923664122,0.44274809160305345
155.21,-0.5862249240818906,25.41377507591811,0.0,0.003086666666666667,9.960155444213267,0.814028564453125,-0.3232172241210937,9.9215716796875,26.863659665873275,100.96248067018888,65.88972191652908,43.876173,10.246469,27.2,-0.7480916030534351,-1.3435114503816794,0.3969465648854962
155.22,-0.5862249240818906,25.41377507591811,0.0,0.003086666666666667,10.004227430845036,0.7852981445312499,-0.354341845703125,9.967061511230469,26.863659665873275,100.96248067018888,65.88972191652908,43.876173,10.246469,27.2,-1.0534351145038168,-1.3435114503816794,0.3511450381679389
155.23,-0.5862249240818906,25.41377507591811,0.0,0.003086666666666667,10.057932890392545,0.7757213378906249,-0.34237083740234375,10.022128149414062,26.863659665873275,100.96248067018888,65.88972191652908,43.876173,10.246469,27.2,-0.7480916030534351,-1.3129770992366412,0.366412213740458
155.24,-0.5862249240818906,25.41377507591811,0.0,0.003086666666666667,9.971365314060384,0.7972691528320313,-0.34237083740234375,9.93354268798828,26.863659665873275,100.96248067018888,65.88972191652908,43.876173,10.246469,27.2,-1.0076335877862594,-1.3893129770992367,0.42748091603053434
155.26,-0.5862249240818906,25.41377507591811,0.0,0.003086666666666667,10.02163110860279,0.7350199096679687,-0.34715924072265625,9.988609326171874,26.863659665873275,100.96248067018888,65.88972191652908,43.876173,10.246469,27.2,-0.6717557251908397,-1.297709923664122,0.3053435114503817
155.26,-0.5862249240818906,25.41377507591811,0.0,0.003086666666666667,10.02163110860279,0.7350199096679687,-0.34715924072265625,9.988609326171874,26.863659665873275,100.96248067018888,65.88972191652908,43.876173,10.246469,27.2,-0.6717557251908397,-1.297709923664122,0.3053435114503817
155.27,-0.5862249240818906,25.41377507591811,0.0,0.003086666666666667,10.024127217099247,0.7493851196289062,-0.3184288208007812,9.991003527832031,26.863659665873275,100.96248067018888,65.88972191652908,43.876173,10.246469,27.2,-0.9618320610687023,-1.3435114503816794,0.3816793893129771
155.28,-0.5862249240818906,25.41377507591811,0.0,0.003086666666666667,10.037004512982131,0.7733271362304687,-0.28969840087890625,10.002974536132811,26.863659665873275,100.96248067018888,65.88972191652908,43.876173,10.246469,27.2,-0.7480916030534351,-1.282442748091603,0.2595419847328244
155.29,-0.5862249240818906,25.41377507591811,0.0,0.003086666666666667,9.985644540852967,0.7805097412109374,-0.30885201416015623,9.950302099609374,26.863659665873275,100.96248067018888,65.88972191652908,43.876173,10.246469,27.2,-0.9312977099236641,-1.297709923664122,0.33587786259541985
155.3,-0.5862249240818906,25.41377507591811,0.0,0.003086666666666667,10.076306521817475,0.7685387329101562,-0.33758243408203126,10.041281762695311,26.863659665873275,100.96248067018888,65.88972191652908,43.876173,10.246469,27.2,-0.8702290076335878,-1.2671755725190839,0.366412213740458
155.32,-0.5862249240818906,25.41377507591811,0.0,0.003086666666666667,10.067903800736536,0.7613561279296874,-0.316034619140625,10.034099157714843,26.863659665873275,100.96248067018888,65.88972191652908,43.876173,10.246469,27.2,-0.6870229007633588,-1.2061068702290076,0.33587786259541985
155.33,-0.5862249240818906,25.41377507591811,0.0,0.003086666666666667,9.963829131161745,0.7661445312499999,-0.3327940307617187,9.928754284667969,26.863659665873275,100.96248067018888,65.88972191652908,43.876173,10.246469,27.2,-0.9465648854961832,-1.297709923664122,0.3816793893129771
155.34,-0.5862249240818906,25.41377507591811,0.0,0.003086666666666667,10.06505235664308,0.7709329345703124,-0.35194764404296874,10.029310754394531,26.863659665873275,100.96248067018888,65.88972191652908,43.876173,10.246469,27.2,-0.9007633587786259,-1.3740458015267176,0.3969465648854962
155.35,-0.5862249240818906,25.41377507591811,0.0,0.003086666666666667,9.925190631977474,0.7757213378906249,-0.29448680419921874,9.890447058105469,26.863659665873275,100.96248067018888,65.88972191652908,43.876173,10.246469,27.2,-0.9618320610687023,-1.4351145038167938,0.42748091603053434
155.36,-0.10225431212165459,25.897745687878345,48.39706119593007,0.003086666666666667,9.925190631977474,0.7757213378906249,-0.29448680419921874,9.890447058105469,26.85359122394584,100.95668854203362,65.87411974398795,43.876173,10.246469,27.2,-0.9618320610687023,-1.4351145038167938,0.42748091603053434
155.36,-0.10225431212165459,25.897745687878345,48.39706119593007,0.003086666666666667,9.925190631977474,0.7757213378906249,-0.29448680419921874,9.890447058105469,26.85359122394584,100.95668854203362,65.87411974398795,43.876173,10.246469,27.2,-0.9618320610687023,-1.4351145038167938,0.42748091603053434
155.36,-0.10225431212165459,25.897745687878345,48.39706119593007,0.003086666666666667,9.925190631977474,0.7757213378906249,-0.29448680419921874,9.890447058105469,26.85359122394584,100.95668854203362,65.87411974398795,43.876173,10.246469,27.2,-0.9618320610687023,-1.4351145038167938,0.42748091603053434
155.36,-0.10225431212165459,25.897745687878345,48.39706119593007,0.003086666666666667,10.065308065776913,0.7565677246093749,-0.32082302246093747,10.031704956054687,26.85359122394584,100.95668854203362,65.87411974398795,43.876173,10.246469,27.2,-0.8854961832061069,-1.3740458015267176,0.3969465648854962
155.38,-0.10225431212165459,25.897745687878345,0.0,0.003086666666666667,10.040331515380657,0.7781155395507812,-0.30885201416015623,10.005368737792969,26.85359122394584,100.95668854203362,65.87411974398795,43.876173,10.246469,27.2,-0.9770992366412213,-1.282442748091603,0.33587786259541985
155.39,-0.10225431212165459,25.897745687878345,0.0,0.003086666666666667,10.038369650965391,0.8020575561523438,-0.33758243408203126,10.000580334472655,26.85359122394584,100.95668854203362,65.87411974398795,43.876173,10.246469,27.2,-1.0534351145038168,-1.2671755725190839,0.3816793893129771
155.39,0.23485924720567208,26.234859247205673,0.0,0.003086666666666667,10.038369650965391,0.8020575561523438,-0.33758243408203126,10.000580334472655,27.497973760357127,100.95265414831613,65.98475002410065,43.876173,10.246469,27.2,-1.0534351145038168,-1.2671755725190839,0.3816793893129771
155.4,0.23485924720567208,26.234859247205673,0.0,0.003086666666666667,9.968873819808854,0.7326257080078125,-0.3447650390625,9.935936889648437,27.497973760357127,100.95265414831613,65.98475002410065,43.876173,10.246469,27.2,-0.7175572519083969,-1.3129770992366412,0.3511450381679389
155.41,0.23485924720567208,26.234859247205673,0.0,0.003086666666666667,9.962617185744461,0.7613561279296874,-0.3064578125,9.928754284667969,27.497973760357127,100.95265414831613,65.98475002410065,43.876173,10.246469,27.2,-0.7938931297709924,-1.4045801526717556,0.366412213740458
155.42,0.30587211878431275,26.30587211878431,7.101287157870526,0.003086666666666667,9.962617185744461,0.7613561279296874,-0.3064578125,9.928754284667969,27.452665463648735,100.95180432111839,65.97044111218992,43.876173,10.246469,27.2,-0.7938931297709924,-1.4045801526717556,0.366412213740458
155.42,0.30587211878431275,26.30587211878431,7.101287157870526,0.003086666666666667,10.029877710927853,0.7422025146484375,-0.42377369384765623,9.993397729492187,27.452665463648735,100.95180432111839,65.97044111218992,43.876173,10.246469,27.2,-0.6259541984732825,-1.3129770992366412,0.366412213740458
155.44,0.30587211878431275,26.30587211878431,0.0,0.003086666666666667,10.02796324672759,0.8475473876953125,-0.34237083740234375,9.986215124511718,27.452665463648735,100.95180432111839,65.97044111218992,43.876173,10.246469,27.2,-0.6717557251908397,-1.297709923664122,0.44274809160305345
155.45,0.30587211878431275,26.30587211878431,0.0,0.003086666666666667,9.825862534734135,0.8044517578125,-0.24181436767578124,9.789890588378906,27.452665463648735,100.95180432111839,65.97044111218992,43.876173,10.246469,27.2,-1.0534351145038168,-1.3129770992366412,0.32061068702290074
155.45,-0.22116509382111404,25.778834906178886,0.0,0.003086666666666667,9.825862534734135,0.8044517578125,-0.24181436767578124,9.789890588378906,27.41742569296621,100.95811163344224,65.97876174643642,43.876173,10.246469,27.2,-1.0534351145038168,-1.3129770992366412,0.32061068702290074
155.46,-0.22116509382111404,25.778834906178886,0.0,0.003086666666666667,9.834744548828622,0.7948749511718749,-0.24660277099609373,9.79946739501953,27.41742569296621,100.95811163344224,65.97876174643642,43.876173,10.246469,27.2,-0.5190839694656488,-1.4045801526717556,0.3816793893129771
155.46,-0.22116509382111404,25.778834906178886,0.0,0.003086666666666667,9.834744548828622,0.7948749511718749,-0.24660277099609373,9.79946739501953,27.41742569296621,100.95811163344224,65.97876174643642,43.876173,10.246469,27.2,-0.5190839694656488,-1.4045801526717556,0.3816793893129771
155.47,-0.22116509382111404,25.778834906178886,0.0,0.003086666666666667,10.324273667263585,0.6727706665039062,-0.040701428222656245,10.302249743652343,27.41742569296621,100.95811163344224,65.97876174643642,43.876173,10.246469,27.2,-0.5038167938931297,-1.3740458015267176,0.3969465648854962
155.48,0.035127178012881455,26.035127178012882,25.62922718342286,0.003086666666666667,10.324273667263585,0.6727706665039062,-0.040701428222656245,10.302249743652343,27.367083187168465,100.9550444185085,65.97064783299906,43.876173,10.246469,27.2,-0.5038167938931297,-1.3740458015267176,0.3969465648854962
155.48,0.035127178012881455,26.035127178012882,25.62922718342286,0.003086666666666667,9.75675012979241,0.6751648681640625,-0.5865794067382812,9.715670336914062,27.367083187168465,100.9550444185085,65.97064783299906,43.876173,10.246469,27.2,-0.549618320610687,-1.1145038167938932,0.366412213740458
155.5,0.035127178012881455,26.035127178012882,0.0,0.003086666666666667,10.071045290824006,0.6009446166992187,-0.3758896606445312,10.046070166015625,27.367083187168465,100.9550444185085,65.97064783299906,43.876173,10.246469,27.2,-0.6717557251908397,-1.1297709923664123,0.3053435114503817
155.51,0.035127178012881455,26.035127178012882,0.0,0.003086666666666667,9.851722364693119,0.8834604125976562,-0.10773907470703124,9.811438403320311,27.367083187168465,100.9550444185085,65.97064783299906,43.876173,10.246469,27.2,-0.9618320610687023,-1.450381679389313,0.42748091603053434
155.51,-0.23537939005937814,25.76462060994062,0.0,0.003086666666666667,9.851722364693119,0.8834604125976562,-0.10773907470703124,9.811438403320311,27.32177495583892,100.95828174730242,65.95634881505244,43.876173,10.246469,27.2,-0.9618320610687023,-1.450381679389313,0.42748091603053434
155.52,-0.23537939005937814,25.76462060994062,0.0,0.003086666666666667,10.191364209145572,0.8978256225585937,-0.7015010864257812,10.127473022460936,27.32177495583892,100.95828174730242,65.95634881505244,43.876173,10.246469,27.2,-1.1908396946564885,-1.251908396946565,0.4732824427480916
155.53,-0.23537939005937814,25.76462060994062,0.0,0.003086666666666667,10.516225755347104,0.6081272216796875,-0.033518823242187495,10.498574279785156,27.32177495583892,100.95828174730242,65.95634881505244,43.876173,10.246469,27.2,-0.21374045801526717,-1.2366412213740459,0.4122137404580153
155.54,-0.20675212238916663,25.793247877610835,2.8627267670237546,0.003086666666666667,10.516225755347104,0.6081272216796875,-0.033518823242187495,10.498574279785156,27.27143250312656,100.95793914211399,65.94824288632626,43.876173,10.246469,27.2,-0.21374045801526717,-1.2366412213740459,0.4122137404580153
155.54,-0.20675212238916663,25.793247877610835,2.8627267670237546,0.003086666666666667,9.683101392043731,0.8092401611328125,-0.4429273071289062,9.639055883789062,27.27143250312656,100.95793914211399,65.94824288632626,43.876173,10.246469,27.2,-1.3282442748091603,-1.2061068702290076,0.3511450381679389
155.56,-0.20675212238916663,25.793247877610835,0.0,0.003086666666666667,9.878147610476649,0.7805097412109374,-0.4836287353515625,9.835380419921874,27.27143250312656,100.95793914211399,65.94824288632626,43.876173,10.246469,27.2,-1.1450381679389312,-1.4351145038167938,0.4122137404580153
155.56,-0.20675212238916663,25.793247877610835,0.0,0.003086666666666667,9.878147610476649,0.7805097412109374,-0.4836287353515625,9.835380419921874,27.27143250312656,100.95793914211399,65.94824288632626,43.876173,10.246469,27.2,-1.1450381679389312,-1.4351145038167938,0.4122137404580153
155.57,-0.20675212238916663,25.793247877610835,0.0,0.003086666666666667,9.75490987064707,0.7517793212890624,-0.11252747802734374,9.725247143554688,27.27143250312656,100.95793914211399,65.94824288632626,43.876173,10.246469,27.2,-0.8244274809160306,-1.3129770992366412,0.366412213740458
155.57,-0.3489881156982122,25.651011884301788,0.0,0.003086666666666667,9.75490987064707,0.7517793212890624,-0.11252747802734374,9.725247143554688,27.241227044910193,100.95964140219527,65.92938429268419,43.876173,10.246469,27.2,-0.8244274809160306,-1.3129770992366412,0.366412213740458
155.58,-0.3489881156982122,25.651011884301788,0.0,0.003086666666666667,10.531740688498637,0.7876923461914062,-0.4213794921875,10.493785876464843,27.241227044910193,100.95964140219527,65.92938429268419,43.876173,10.246469,27.2,-0.8091603053435115,-1.2213740458015268,0.44274809160305345
155.59,-0.3489881156982122,25.651011884301788,0.0,0.003086666666666667,9.759583873103386,0.8020575561523438,-0.3447650390625,9.720458740234374,27.241227044910193,100.95964140219527,65.92938429268419,43.876173,10.246469,27.2,-1.251908396946565,-1.251908396946565,0.4580152671755725
155.6,-0.04975089920979059,25.95024910079021,29.923721648869375,0.003086666666666667,9.759583873103386,0.8020575561523438,-0.3447650390625,9.720458740234374,27.19591887644492,100.95606020085128,65.92909326429348,43.876173,10.246469,27.2,-1.251908396946565,-1.251908396946565,0.4580152671755725
155.6,-0.04975089920979059,25.95024910079021,29.923721648869375,0.003086666666666667,10.0815598899072,0.8283937744140625,-0.16759411621093748,10.046070166015625,27.19591887644492,100.95606020085128,65.92909326429348,43.876173,10.246469,27.2,-0.9923664122137404,-1.3740458015267176,0.33587786259541985
155.62,-0.04975089920979059,25.95024910079021,0.0,0.003086666666666667,9.919542987235632,0.7445967163085937,-0.45968671875,9.880870251464843,27.19591887644492,100.95606020085128,65.92909326429348,43.876173,10.246469,27.2,-0.33587786259541985,-1.3587786259541985,0.32061068702290074
155.63,-0.04975089920979059,25.95024910079021,0.0,0.003086666666666667,10.029234452857775,0.8212111694335937,-0.3016694091796875,9.991003527832031,27.19591887644492,100.95606020085128,65.92909326429348,43.876173,10.246469,27.2,-0.7022900763358778,-1.1297709923664123,0.3053435114503817
155.63,-0.49087852390974573,25.509121476090254,0.0,0.003086666666666667,10.029234452857775,0.8212111694335937,-0.3016694091796875,9.991003527832031,27.17074768152088,100.9613395495187,65.91804752788141,43.876173,10.246469,27.2,-0.7022900763358778,-1.1297709923664123,0.3053435114503817
155.64,-0.49087852390974573,25.509121476090254,0.0,0.003086666666666667,10.113870142014099,0.6967126831054687,-0.24899697265624998,10.08677159423828,27.17074768152088,100.9613395495187,65.91804752788141,43.876173,10.246469,27.2,-0.44274809160305345,-1.2366412213740459,0.4122137404580153
155.65,-0.49087852390974573,25.509121476090254,0.0,0.003086666666666667,9.871083231331745,0.8068459594726562,-0.38307226562499996,9.830592016601562,27.17074768152088,100.9613395495187,65.91804752788141,43.876173,10.246469,27.2,-0.9923664122137404,-1.3740458015267176,0.4580152671755725
155.66,-0.26276860586130546,25.737231394138696,22.810991804864774,0.003086666666666667,9.871083231331745,0.8068459594726562,-0.38307226562499996,9.830592016601562,27.130473784171045,100.95860953662472,65.91856973085382,43.876173,10.246469,27.2,-0.9923664122137404,-1.3740458015267176,0.4580152671755725
155.66,-0.26276860586130546,25.737231394138696,22.810991804864774,0.003086666666666667,9.871083231331745,0.8068459594726562,-0.38307226562499996,9.830592016601562,27.130473784171045,100.95860953662472,65.91856973085382,43.876173,10.246469,27.2,-0.9923664122137404,-1.3740458015267176,0.4580152671755725
155.66,-0.26276860586130546,25.737231394138696,22.810991804864774,0.003086666666666667,10.141943642310725,0.74699091796875,-0.27293898925781246,10.110713610839843,27.130473784171045,100.95860953662472,65.91856973085382,43.876173,10.246469,27.2,-0.4732824427480916,-1.3435114503816794,0.48854961832061067
155.68,-0.26276860586130546,25.737231394138696,0.0,0.003086666666666667,9.891970629007382,0.7685387329101562,-0.3184288208007812,9.85692823486328,27.130473784171045,100.95860953662472,65.91856973085382,43.876173,10.246469,27.2,-0.7175572519083969,-1.2671755725190839,0.3816793893129771
155.69,-0.26276860586130546,25.737231394138696,0.0,0.003086666666666667,10.270048232958304,0.7613561279296874,-0.4285620971679687,10.232817895507813,27.130473784171045,100.95860953662472,65.91856973085382,43.876173,10.246469,27.2,-0.5801526717557252,-1.1603053435114503,0.366412213740458
155.69,0.16455789939753052,26.16455789939753,0.0,0.003086666666666667,10.270048232958304,0.7613561279296874,-0.4285620971679687,10.232817895507813,27.100268372893332,100.95349546625279,65.92071171760006,43.876173,10.246469,27.2,-0.5801526717557252,-1.1603053435114503,0.366412213740458
155.7,0.16455789939753052,26.16455789939753,0.0,0.003086666666666667,9.868689269096224,0.7565677246093749,-0.28969840087890625,9.835380419921874,27.100268372893332,100.95349546625279,65.92071171760006,43.876173,10.246469,27.2,-0.5954198473282443,-1.3435114503816794,0.42748091603053434
155.71,0.16455789939753052,26.16455789939753,0.0,0.003086666666666667,9.97265580533006,0.7781155395507812,-0.354341845703125,9.935936889648437,27.100268372893332,100.95349546625279,65.92071171760006,43.876173,10.246469,27.2,-0.916030534351145,-1.3740458015267176,0.44274809160305345
155.72,-0.19114158284761373,25.808858417152386,-35.56994822454678,0.003086666666666667,9.97265580533006,0.7781155395507812,-0.354341845703125,9.935936889648437,27.085165671026335,100.95775231881848,65.91828465031381,43.876173,10.246469,27.2,-0.916030534351145,-1.3740458015267176,0.44274809160305345
155.72,-0.19114158284761373,25.808858417152386,-35.56994822454678,0.003086666666666667,10.035187943397615,0.7637503295898437,-0.39743747558593745,9.9981861328125,27.085165671026335,100.95775231881848,65.91828465031381,43.876173,10.246469,27.2,-0.549618320610687,-1.3129770992366412,0.2748091603053435
155.74,-0.19114158284761373,25.808858417152386,0.0,0.003086666666666667,10.070999187427775,0.7852981445312499,-0.277727392578125,10.036493359375,27.085165671026335,100.95775231881848,65.91828465031381,43.876173,10.246469,27.2,-1.0534351145038168,-1.251908396946565,0.2900763358778626
155.75,-0.19114158284761373,25.808858417152386,0.0,0.003086666666666667,10.033123663068526,0.7158662963867187,-0.373495458984375,10.000580334472655,27.085165671026335,100.95775231881848,65.91828465031381,43.876173,10.246469,27.2,-0.7175572519083969,-1.3587786259541985,0.42748091603053434
155.75,0.07969491902357184,26.079694919023574,0.0,0.003086666666666667,10.033123663068526,0.7158662963867187,-0.373495458984375,10.000580334472655,27.049926043115555,100.95451105530549,65.8986307644093,43.876173,10.246469,27.2,-0.7175572519083969,-1.3587786259541985,0.42748091603053434
155.76,0.07969491902357184,26.079694919023574,0.0,0.003086666666666667,10.033123663068526,0.7158662963867187,-0.373495458984375,10.000580334472655,27.049926043115555,100.95451105530549,65.8986307644093,43.876173,10.246469,27.2,-0.7175572519083969,-1.3587786259541985,0.42748091603053434
155.76,0.07969491902357184,26.079694919023574,0.0,0.003086666666666667,9.794033162161847,0.7948749511718749,-0.3232172241210937,9.756371765136718,27.049926043115555,100.95451105530549,65.8986307644093,43.876173,10.246469,27.2,-1.1450381679389312,-1.4351145038167938,0.3969465648854962
155.77,0.07969491902357184,26.079694919023574,0.0,0.003086666666666667,10.162847972251964,0.7565677246093749,-0.3112462158203125,10.129867224121092,27.049926043115555,100.95451105530549,65.8986307644093,43.876173,10.246469,27.2,-0.9770992366412213,-1.3587786259541985,0.3969465648854962
155.78,-0.4610316610909093,25.53896833890909,-54.072658011497296,0.003086666666666667,10.162847972251964,0.7565677246093749,-0.3112462158203125,10.129867224121092,27.039857580512763,100.96098233972998,65.91100554617836,43.876173,10.246469,27.2,-0.9770992366412213,-1.3587786259541985,0.3969465648854962
155.78,-0.4610316610909093,25.53896833890909,-54.072658011497296,0.003086666666666667,10.003025537426382,0.7709329345703124,-0.35194764404296874,9.967061511230469,27.039857580512763,100.96098233972998,65.91100554617836,43.876173,10.246469,27.2,-0.9923664122137404,-1.3129770992366412,0.42748091603053434
155.8,-0.4610316610909093,25.53896833890909,0.0,0.003086666666666667,10.088447055275926,0.7637503295898437,-0.354341845703125,10.053252770996092,27.039857580512763,100.96098233972998,65.91100554617836,43.876173,10.246469,27.2,-1.0381679389312977,-1.3587786259541985,0.3816793893129771
155.81,-0.4610316610909093,25.53896833890909,0.0,0.003086666666666667,9.858519491614564,0.7445967163085937,-0.29927520751953124,9.82580361328125,27.039857580512763,100.96098233972998,65.91100554617836,43.876173,10.246469,27.2,-1.0229007633587786,-1.4045801526717556,0.2748091603053435
155.81,-0.3752320216592442,25.624767978340756,0.0,0.003086666666666667,9.858519491614564,0.7445967163085937,-0.29927520751953124,9.82580361328125,27.009652199409903,100.95995548805824,65.88516828469704,43.876173,10.246469,27.2,-1.0229007633587786,-1.4045801526717556,0.2748091603053435
155.82,-0.3752320216592442,25.624767978340756,0.0,0.003086666666666667,9.980363659718492,0.7254431030273437,-0.34715924072265625,9.947907897949218,27.009652199409903,100.95995548805824,65.88516828469704,43.876173,10.246469,27.2,-0.9923664122137404,-1.3282442748091603,0.3969465648854962
155.83,-0.3752320216592442,25.624767978340756,0.0,0.003086666666666667,10.023597106969282,0.7613561279296874,-0.34715924072265625,9.988609326171874,27.009652199409903,100.95995548805824,65.88516828469704,43.876173,10.246469,27.2,-0.6564885496183206,-1.282442748091603,0.3053435114503817
155.84,-0.047685786815754305,25.952314213184245,32.754623484378776,0.003086666666666667,10.023597106969282,0.7613561279296874,-0.34715924072265625,9.988609326171874,26.99454951263033,100.95603548642426,65.8827438845255,43.876173,10.246469,27.2,-0.6564885496183206,-1.282442748091603,0.3053435114503817
155.84,-0.047685786815754305,25.952314213184245,32.754623484378776,0.003086666666666667,10.03479465747676,0.7996633544921875,-0.3064578125,9.9981861328125,26.99454951263033,100.95603548642426,65.8827438845255,43.876173,10.246469,27.2,-0.6564885496183206,-1.1908396946564885,0.2595419847328244
155.86,-0.047685786815754305,25.952314213184245,0.0,0.003086666666666667,10.00154610775743,0.7398083129882812,-0.3758896606445312,9.967061511230469,26.99454951263033,100.95603548642426,65.8827438845255,43.876173,10.246469,27.2,-0.6564885496183206,-1.3435114503816794,0.3511450381679389
155.86,-0.047685786815754305,25.952314213184245,0.0,0.003086666666666667,10.00154610775743,0.7398083129882812,-0.3758896606445312,9.967061511230469,26.99454951263033,100.95603548642426,65.8827438845255,43.876173,10.246469,27.2,-0.6564885496183206,-1.3435114503816794,0.3511450381679389
155.87,-0.047685786815754305,25.952314213184245,0.0,0.003086666666666667,9.9116623394605,0.7733271362304687,-0.32561142578124996,9.87608184814453,26.99454951263033,100.95603548642426,65.8827438845255,43.876173,10.246469,27.2,-1.2213740458015268,-1.3893129770992367,0.2900763358778626
155.87,-0.2894055727335809,25.710594427266418,0.0,0.003086666666666667,9.9116623394605,0.7733271362304687,-0.32561142578124996,9.87608184814453,26.979446828365326,100.95892832399058,65.87332524457452,43.876173,10.246469,27.2,-1.2213740458015268,-1.3893129770992367,0.2900763358778626
155.88,-0.2894055727335809,25.710594427266418,0.0,0.003086666666666667,10.10378914515778,0.7876923461914062,-0.33039982910156246,10.067617980957031,26.979446828365326,100.95892832399058,65.87332524457452,43.876173,10.246469,27.2,-0.6412213740458015,-1.251908396946565,0.44274809160305345
155.89,-0.2894055727335809,25.710594427266418,0.0,0.004115555555555556,10.10378914515778,0.7876923461914062,-0.33039982910156246,10.067617980957031,26.979446828365326,100.95892832399058,65.87332524457452,43.87617266666667,10.246468,27.1,-0.6412213740458015,-1.251908396946565,0.44274809160305345
155.89,-0.2894055727335809,25.710594427266418,0.0,0.004115555555555556,10.026572966332415,0.7541735229492187,-0.30885201416015623,9.993397729492187,26.979446828365326,100.95892832399058,65.87332524457452,43.87617266666667,10.246468,27.1,-0.9465648854961832,-1.2671755725190839,0.4122137404580153
155.9,-0.23217304795459803,25.767826952045404,5.723252477887227,0.004115555555555556,10.026572966332415,0.7541735229492187,-0.30885201416015623,9.993397729492187,26.959309919923545,100.95824337441981,65.87009397477894,43.87617266666667,10.246468,27.1,-0.9465648854961832,-1.2671755725190839,0.4122137404580153
155.9,-0.23217304795459803,25.767826952045404,5.723252477887227,0.004115555555555556,10.118822184479132,0.7948749511718749,-0.33518823242187495,10.081983190917969,26.959309919923545,100.95824337441981,65.87009397477894,43.87617266666667,10.246468,27.1,-0.732824427480916,-1.2366412213740459,0.4122137404580153
155.92,-0.23217304795459803,25.767826952045404,0.0,0.004115555555555556,9.856801458249626,0.7661445312499999,-0.34237083740234375,9.821015209960937,26.959309919923545,100.95824337441981,65.87009397477894,43.87617266666667,10.246468,27.1,-0.6412213740458015,-1.297709923664122,0.4580152671755725
155.93,-0.23217304795459803,25.767826952045404,0.0,0.004115555555555556,10.077397573129614,0.74699091796875,-0.34715924072265625,10.043675964355469,26.959309919923545,100.95824337441981,65.87009397477894,43.87617266666667,10.246468,27.1,-1.099236641221374,-1.3893129770992367,0.42748091603053434
155.93,-0.3600080984055265,25.639991901594474,0.0,0.004115555555555556,10.077397573129614,0.74699091796875,-0.34715924072265625,10.043675964355469,26.944207241525874,100.9597732887465,65.86067701121604,43.87617266666667,10.246468,27.1,-1.099236641221374,-1.3893129770992367,0.42748091603053434
155.94,-0.3600080984055265,25.639991901594474,0.0,0.004115555555555556,10.01686907756385,0.7733271362304687,-0.3327940307617187,9.981426721191406,26.944207241525874,100.9597732887465,65.86067701121604,43.87617266666667,10.246468,27.1,-0.9007633587786259,-1.3282442748091603,0.44274809160305345
155.95,-0.3600080984055265,25.639991901594474,0.0,0.004115555555555556,10.049940598027286,0.8858546142578124,-0.33039982910156246,10.005368737792969,26.944207241525874,100.9597732887465,65.86067701121604,43.87617266666667,10.246468,27.1,-1.2213740458015268,-1.3435114503816794,0.2595419847328244
155.96,0.010152068405748782,26.01015206840575,37.01601668105599,0.004115555555555556,10.049940598027286,0.8858546142578124,-0.33039982910156246,10.005368737792969,26.934138790657745,100.95534330843678,65.85906196946124,43.87617266666667,10.246468,27.1,-1.2213740458015268,-1.3435114503816794,0.2595419847328244
155.96,0.010152068405748782,26.01015206840575,37.01601668105599,0.004115555555555556,10.049940598027286,0.8858546142578124,-0.33039982910156246,10.005368737792969,26.934138790657745,100.95534330843678,65.85906196946124,43.87617266666667,10.246468,27.1,-1.2213740458015268,-1.3435114503816794,0.2595419847328244
155.96,0.010152068405748782,26.01015206840575,37.01601668105599,0.004115555555555556,10.110786462794602,0.7924807495117187,-0.3136404174804687,10.0748005859375,26.934138790657745,100.95534330843678,65.85906196946124,43.87617266666667,10.246468,27.1,-0.8549618320610687,-1.4198473282442747,0.4122137404580153
155.98,0.010152068405748782,26.01015206840575,0.0,0.004115555555555556,9.982721366815808,0.8690952026367187,-0.3591302490234375,9.938331091308592,26.934138790657745,100.95534330843678,65.85906196946124,43.87617266666667,10.246468,27.1,-0.7786259541984732,-1.3740458015267176,0.366412213740458
155.99,0.010152068405748782,26.01015206840575,0.0,0.004115555555555556,10.09445619676147,0.7613561279296874,-0.32561142578124996,10.060435375976562,26.934138790657745,100.95534330843678,65.85906196946124,43.87617266666667,10.246468,27.1,-0.916030534351145,-1.3740458015267176,0.366412213740458
155.99,-0.38795592540715074,25.61204407459285,0.0,0.004115555555555556,10.09445619676147,0.7613561279296874,-0.32561142578124996,10.060435375976562,26.914001892274246,100.96010776743968,65.85583235295552,43.87617266666667,10.246468,27.1,-0.916030534351145,-1.3740458015267176,0.366412213740458
156.0,-0.38795592540715074,25.61204407459285,0.0,0.004115555555555556,10.041984471116793,0.7924807495117187,-0.32561142578124996,10.005368737792969,26.914001892274246,100.96010776743968,65.85583235295552,43.87617266666667,10.246468,27.1,-1.1145038167938932,-1.3587786259541985,0.33587786259541985
156.01,-0.38795592540715074,25.61204407459285,0.0,0.004115555555555556,10.046610216292763,0.7110778930664062,-0.4213794921875,10.012551342773437,26.914001892274246,100.96010776743968,65.85583235295552,43.87617266666667,10.246468,27.1,-0.6870229007633588,-1.3435114503816794,0.2595419847328244
156.02,-0.06040400427310022,25.9395959957269,32.75519211334175,0.004115555555555556,10.046610216292763,0.7110778930664062,-0.4213794921875,10.012551342773437,26.898899221420287,100.95618769296684,65.83243186283964,43.87617266666667,10.246468,27.1,-0.6870229007633588,-1.3435114503816794,0.2595419847328244
156.03,-0.06040400427310022,25.9395959957269,0.0,0.004115555555555556,9.857264359460103,0.8355763793945312,-0.33039982910156246,9.816226806640625,26.898899221420287,100.95618769296684,65.83243186283964,43.87617266666667,10.246468,27.1,-0.8549618320610687,-1.3587786259541985,0.2900763358778626
156.04,-0.06040400427310022,25.9395959957269,0.0,0.004115555555555556,10.14582128654064,0.8307879760742187,-0.26336218261718747,10.108319409179687,26.898899221420287,100.95618769296684,65.83243186283964,43.87617266666667,10.246468,27.1,-1.0076335877862594,-1.2213740458015268,0.366412213740458
156.05,-0.06040400427310022,25.9395959957269,0.0,0.004115555555555556,10.105837289284144,0.7398083129882812,-0.35673604736328124,10.072406384277343,26.898899221420287,100.95618769296684,65.83243186283964,43.87617266666667,10.246468,27.1,-1.0534351145038168,-1.1908396946564885,0.33587786259541985
156.05,-0.06040400427310022,25.9395959957269,0.0,0.004115555555555556,10.105837289284144,0.7398083129882812,-0.35673604736328124,10.072406384277343,26.898899221420287,100.95618769296684,65.84641742577884,43.87617266666667,10.246468,27.1,-1.0534351145038168,-1.1908396946564885,0.33587786259541985
156.06,-0.06040400427310022,25.9395959957269,0.0,0.004115555555555556,10.105837289284144,0.7398083129882812,-0.35673604736328124,10.072406384277343,26.898899221420287,100.95618769296684,65.84641742577884,43.87617266666667,10.246468,27.1,-1.0534351145038168,-1.1908396946564885,0.33587786259541985
156.06,-0.06040400427310022,25.9395959957269,0.0,0.004115555555555556,9.937546643520603,0.7996633544921875,-0.3902548706054687,9.897629663085937,26.898899221420287,100.95618769296684,65.84641742577884,43.87617266666667,10.246468,27.1,-1.0381679389312977,-1.282442748091603,0.3511450381679389
156.07,-0.06040400427310022,25.9395959957269,0.0,0.004115555555555556,9.982231551690692,0.7948749511718749,-0.316034619140625,9.945513696289062,26.898899221420287,100.95618769296684,65.84641742577884,43.87617266666667,10.246468,27.1,-0.6564885496183206,-1.3129770992366412,0.2900763358778626
156.08,-0.0031238372410857806,25.996876162758916,5.728016703190374,0.004115555555555556,9.982231551690692,0.7948749511718749,-0.316034619140625,9.945513696289062,26.8787623308599,100.95550218829088,65.85018202286514,43.87617266666667,10.246468,27.1,-0.6564885496183206,-1.3129770992366412,0.2900763358778626
156.09,-0.0031238372410857806,25.996876162758916,0.0,0.004115555555555556,10.039321796900625,0.7733271362304687,-0.28730419921875,10.005368737792969,26.8787623308599,100.95550218829088,65.85018202286514,43.87617266666667,10.246468,27.1,-0.6870229007633588,-1.1908396946564885,0.21374045801526717
156.1,-0.0031238372410857806,25.996876162758916,0.0,0.004115555555555556,10.104054652984413,0.7589619262695312,-0.3327940307617187,10.070012182617187,26.8787623308599,100.95550218829088,65.85018202286514,43.87617266666667,10.246468,27.1,-0.7633587786259542,-1.3282442748091603,0.32061068702290074
156.11,-0.0031238372410857806,25.996876162758916,0.0,0.004115555555555556,10.00255448188068,0.8355763793945312,-0.32561142578124996,9.962273107910155,26.8787623308599,100.95550218829088,65.85018202286514,43.87617266666667,10.246468,27.1,-0.8396946564885496,-1.3740458015267176,0.5038167938931297
156.11,-0.6861196835924455,25.313880316407555,0.0,0.004115555555555556,10.00255448188068,0.8355763793945312,-0.32561142578124996,9.962273107910155,26.8787623308599,100.96367623753935,65.85018202286514,43.87617266666667,10.246468,27.1,-0.8396946564885496,-1.3740458015267176,0.5038167938931297
156.12,-0.6861196835924455,25.313880316407555,0.0,0.004115555555555556,10.025305711026562,0.7781155395507812,-0.3591302490234375,9.988609326171874,26.8787623308599,100.96367623753935,65.85018202286514,43.87617266666667,10.246468,27.1,-1.099236641221374,-1.465648854961832,0.3816793893129771
156.13,-0.6861196835924455,25.313880316407555,0.0,0.004115555555555556,9.986468834339378,0.7781155395507812,-0.3399766357421875,9.950302099609374,26.8787623308599,100.96367623753935,65.85018202286514,43.87617266666667,10.246468,27.1,-1.2213740458015268,-1.3587786259541985,0.366412213740458
156.14,-0.1309055296088668,25.869094470391133,55.52141539840836,0.004115555555555556,9.986468834339378,0.7781155395507812,-0.3399766357421875,9.950302099609374,26.863659665873275,100.95703143040966,65.84076835519372,43.87617266666667,10.246468,27.1,-1.2213740458015268,-1.3587786259541985,0.366412213740458
156.15,-0.1309055296088668,25.869094470391133,0.0,0.004115555555555556,10.026576396537708,0.7852981445312499,-0.30885201416015623,9.991003527832031,26.863659665873275,100.95703143040966,65.84076835519372,43.87617266666667,10.246468,27.1,-0.8854961832061069,-1.1603053435114503,0.3511450381679389
156.16,-0.1309055296088668,25.869094470391133,0.0,0.004115555555555556,10.02718466772152,0.7852981445312499,-0.3280056274414062,9.991003527832031,26.863659665873275,100.95703143040966,65.84076835519372,43.87617266666667,10.246468,27.1,-0.44274809160305345,-1.3282442748091603,0.42748091603053434
156.16,-0.1309055296088668,25.869094470391133,0.0,0.004115555555555556,10.02718466772152,0.7852981445312499,-0.3280056274414062,9.991003527832031,26.863659665873275,100.95703143040966,65.84076835519372,43.87617266666667,10.246468,27.1,-0.44274809160305345,-1.3282442748091603,0.42748091603053434
156.17,-0.1309055296088668,25.869094470391133,0.0,0.004115555555555556,9.990311864757766,0.7733271362304687,-0.3232172241210937,9.955090502929687,26.863659665873275,100.95703143040966,65.84076835519372,43.87617266666667,10.246468,27.1,-0.8854961832061069,-1.3435114503816794,0.366412213740458
156.17,-0.7000518279308232,25.299948172069175,0.0,0.004115555555555556,9.990311864757766,0.7733271362304687,-0.3232172241210937,9.955090502929687,26.863659665873275,100.96384298210091,65.84776103697813,43.87617266666667,10.246468,27.1,-0.8854961832061069,-1.3435114503816794,0.366412213740458
156.18,-0.7000518279308232,25.299948172069175,0.0,0.004115555555555556,9.997058340597553,0.7924807495117187,-0.33758243408203126,9.95987890625,26.863659665873275,100.96384298210091,65.84776103697813,43.87617266666667,10.246468,27.1,-0.9312977099236641,-1.297709923664122,0.3511450381679389
156.19,-0.7000518279308232,25.299948172069175,0.0,0.004115555555555556,10.032894843710485,0.8188169677734375,-0.34715924072265625,9.993397729492187,26.863659665873275,100.96384298210091,65.84776103697813,43.87617266666667,10.246468,27.1,-0.8702290076335878,-1.2671755725190839,0.366412213740458
156.21,-0.7000518279308232,25.299948172069175,0.0,0.004115555555555556,10.028368804136335,0.7613561279296874,-0.34715924072265625,9.993397729492187,26.863659665873275,100.96384298210091,65.84776103697813,43.87617266666667,10.246468,27.1,-0.8244274809160306,-1.3435114503816794,0.2900763358778626
156.22,-0.7000518279308232,25.299948172069175,0.0,0.004115555555555556,9.956396057596805,0.7350199096679687,-0.3232172241210937,9.923965881347655,26.863659665873275,100.96384298210091,65.84776103697813,43.87617266666667,10.246468,27.1,-0.8702290076335878,-1.3587786259541985,0.4122137404580153
156.23,-0.7000518279308232,25.299948172069175,0.0,0.004115555555555556,9.97175477835272,0.7781155395507812,-0.3280056274414062,9.935936889648437,26.863659665873275,100.96384298210091,65.84776103697813,43.87617266666667,10.246468,27.1,-1.1450381679389312,-1.3435114503816794,0.366412213740458
156.24,-0.7000518279308232,25.299948172069175,0.0,0.004115555555555556,10.024808541861418,0.8020575561523438,-0.28490999755859375,9.988609326171874,26.863659665873275,100.96384298210091,65.84776103697813,43.87617266666667,10.246468,27.1,-0.7480916030534351,-1.2366412213740459,0.33587786259541985
156.25,-0.7000518279308232,25.299948172069175,0.0,0.004115555555555556,10.06460499241124,0.7924807495117187,-0.28490999755859375,10.029310754394531,26.863659665873275,100.96384298210091,65.84776103697813,43.87617266666667,10.246468,27.1,-0.8091603053435115,-1.297709923664122,0.3969465648854962
156.26,-0.7000518279308232,25.299948172069175,0.0,0.004115555555555556,10.06460499241124,0.7924807495117187,-0.28490999755859375,10.029310754394531,26.863659665873275,100.96384298210091,65.84776103697813,43.87617266666667,10.246468,27.1,-0.8091603053435115,-1.297709923664122,0.3969465648854962
156.27,-0.7000518279308232,25.299948172069175,0.0,0.004115555555555556,9.988622238324925,0.74699091796875,-0.3327940307617187,9.955090502929687,26.863659665873275,100.96384298210091,65.84776103697813,43.87617266666667,10.246468,27.1,-0.7786259541984732,-1.297709923664122,0.32061068702290074
156.28,-0.7000518279308232,25.299948172069175,0.0,0.004115555555555556,10.02390305312974,0.8116343627929687,-0.30885201416015623,9.986215124511718,26.863659665873275,100.96384298210091,65.84776103697813,43.87617266666667,10.246468,27.1,-1.0381679389312977,-1.297709923664122,0.33587786259541985
156.29,-0.7000518279308232,25.299948172069175,0.0,0.004115555555555556,10.04242742045058,0.7781155395507812,-0.29927520751953124,10.007762939453125,26.863659665873275,100.96384298210091,65.84776103697813,43.87617266666667,10.246468,27.1,-1.0076335877862594,-1.297709923664122,0.3969465648854962
156.3,-0.7000518279308232,25.299948172069175,0.0,0.004115555555555556,9.998556493355318,0.7613561279296874,-0.3112462158203125,9.964667309570311,26.863659665873275,100.96384298210091,65.84776103697813,43.87617266666667,10.246468,27.1,-0.8854961832061069,-1.3129770992366412,0.3816793893129771
156.31,-0.7000518279308232,25.299948172069175,0.0,0.004115555555555556,10.02766142591785,0.7541735229492187,-0.34237083740234375,9.993397729492187,26.863659665873275,100.96384298210091,65.84776103697813,43.87617266666667,10.246468,27.1,-0.7786259541984732,-1.282442748091603,0.2748091603053435
156.33,-0.7000518279308232,25.299948172069175,0.0,0.004115555555555556,9.99121379998032,0.7829039428710937,-0.3280056274414062,9.955090502929687,26.863659665873275,100.96384298210091,65.84776103697813,43.87617266666667,10.246468,27.1,-1.0229007633587786,-1.297709923664122,0.366412213740458
156.34,-0.7000518279308232,25.299948172069175,0.0,0.004115555555555556,9.978747600870834,0.7948749511718749,-0.354341845703125,9.94072529296875,26.863659665873275,100.96384298210091,65.84776103697813,43.87617266666667,10.246468,27.1,-1.099236641221374,-1.2061068702290076,0.33587786259541985
156.35,-0.7000518279308232,25.299948172069175,0.0,0.004115555555555556,9.988899128256984,0.7924807495117187,-0.3064578125,9.952696301269532,26.863659665873275,100.96384298210091,65.84776103697813,43.87617266666667,10.246468,27.1,-0.9465648854961832,-1.2671755725190839,0.3511450381679389
156.36,-0.7000518279308232,25.299948172069175,0.0,0.004115555555555556,9.988899128256984,0.7924807495117187,-0.3064578125,9.952696301269532,26.863659665873275,100.96384298210091,65.84776103697813,43.87617266666667,10.246468,27.1,-0.9465648854961832,-1.2671755725190839,0.3511450381679389
156.36,-0.7000518279308232,25.299948172069175,0.0,0.004115555555555556,10.062206370944823,0.74699091796875,-0.32082302246093747,10.029310754394531,26.863659665873275,100.96384298210091,65.84776103697813,43.87617266666667,10.246468,27.1,-0.9770992366412213,-1.3587786259541985,0.3511450381679389
156.37,-0.6713932659612887,25.32860673403871,2.86585619695606,0.004115555555555556,10.062206370944823,0.74699091796875,-0.32082302246093747,10.029310754394531,26.85359122394584,100.96349998709177,65.83915468556253,43.87617266666667,10.246468,27.1,-0.9770992366412213,-1.3587786259541985,0.3511450381679389
156.37,-0.6713932659612887,25.32860673403871,2.86585619695606,0.004115555555555556,10.062206370944823,0.74699091796875,-0.32082302246093747,10.029310754394531,26.85359122394584,100.96349998709177,65.83915468556253,43.87617266666667,10.246468,27.1,-0.9770992366412213,-1.3587786259541985,0.3511450381679389
156.37,-0.6713932659612887,25.32860673403871,2.86585619695606,0.004115555555555556,9.943465964681529,0.7493851196289062,-0.3327940307617187,9.909600671386718,26.85359122394584,100.96349998709177,65.83915468556253,43.87617266666667,10.246468,27.1,-0.5954198473282443,-1.3435114503816794,0.44274809160305345
156.39,-0.6713932659612887,25.32860673403871,0.0,0.004115555555555556,9.985145109887034,0.7852981445312499,-0.354341845703125,9.947907897949218,26.85359122394584,100.96349998709177,65.83915468556253,43.87617266666667,10.246468,27.1,-0.916030534351145,-1.1908396946564885,0.44274809160305345
156.4,-0.6713932659612887,25.32860673403871,0.0,0.004115555555555556,10.005141861840139,0.7829039428710937,-0.316034619140625,9.969455712890625,26.85359122394584,100.96349998709177,65.83915468556253,43.87617266666667,10.246468,27.1,-0.549618320610687,-1.2213740458015268,0.48854961832061067
156.4,0.33448619832272763,26.33448619832273,0.0,0.004115555555555556,10.005141861840139,0.7829039428710937,-0.316034619140625,9.969455712890625,27.482870992273092,100.95146189155288,65.96831080149127,43.87617266666667,10.246468,27.1,-0.549618320610687,-1.2213740458015268,0.48854961832061067
156.41,0.33448619832272763,26.33448619832273,0.0,0.004115555555555556,10.018936706953594,0.7924807495117187,-0.3495534423828125,9.981426721191406,27.482870992273092,100.95146189155288,65.96831080149127,43.87617266666667,10.246468,27.1,-0.8854961832061069,-1.3587786259541985,0.4122137404580153
156.42,0.33448619832272763,26.33448619832273,0.0,0.004115555555555556,9.956089476347447,0.7254431030273437,-0.33518823242187495,9.923965881347655,27.482870992273092,100.95146189155288,65.96831080149127,43.87617266666667,10.246468,27.1,-0.6564885496183206,-1.3129770992366412,0.3969465648854962
156.43,-0.06439368294808734,25.935606317051914,-39.887988127004405,0.004115555555555556,9.956089476347447,0.7254431030273437,-0.33518823242187495,9.923965881347655,27.462733972072602,100.95623543988467,65.94406152666048,43.87617266666667,10.246468,27.1,-0.6564885496183206,-1.3129770992366412,0.3969465648854962
156.43,-0.06439368294808734,25.935606317051914,-39.887988127004405,0.004115555555555556,9.988847480976323,0.7541735229492187,-0.3232172241210937,9.955090502929687,27.462733972072602,100.95623543988467,65.94406152666048,43.87617266666667,10.246468,27.1,-0.7938931297709924,-1.3129770992366412,0.3816793893129771
156.45,-0.06439368294808734,25.935606317051914,0.0,0.004115555555555556,10.004658587451372,0.7852981445312499,-0.36631285400390623,9.967061511230469,27.462733972072602,100.95623543988467,65.94406152666048,43.87617266666667,10.246468,27.1,-0.9618320610687023,-1.3129770992366412,0.3969465648854962
156.46,-0.06439368294808734,25.935606317051914,0.0,0.004115555555555556,10.040783671908471,0.7781155395507812,-0.3232172241210937,10.005368737792969,27.462733972072602,100.95623543988467,65.94406152666048,43.87617266666667,10.246468,27.1,-0.6106870229007634,-1.3282442748091603,0.3816793893129771
156.46,-0.3493496680130126,25.650650331986988,0.0,0.004115555555555556,10.040783671908471,0.7781155395507812,-0.3232172241210937,10.005368737792969,27.402322938293217,100.9596457292314,65.92732623637681,43.87617266666667,10.246468,27.1,-0.6106870229007634,-1.3282442748091603,0.3816793893129771
156.46,-0.3493496680130126,25.650650331986988,0.0,0.004115555555555556,10.040783671908471,0.7781155395507812,-0.3232172241210937,10.005368737792969,27.402322938293217,100.9596457292314,65.92732623637681,43.87617266666667,10.246468,27.1,-0.6106870229007634,-1.3282442748091603,0.3816793893129771
156.47,-0.3493496680130126,25.650650331986988,0.0,0.004115555555555556,10.039814821692133,0.7445967163085937,-0.296881005859375,10.007762939453125,27.402322938293217,100.9596457292314,65.92732623637681,43.87617266666667,10.246468,27.1,-0.8549618320610687,-1.3435114503816794,0.3511450381679389
156.48,-0.3493496680130126,25.650650331986988,0.0,0.004115555555555556,10.073449489676218,0.7685387329101562,-0.3232172241210937,10.038887561035155,27.402322938293217,100.9596457292314,65.92732623637681,43.87617266666667,10.246468,27.1,-0.8244274809160306,-1.3129770992366412,0.3511450381679389
156.49,-0.007592976167862808,25.992407023832136,34.17566918444893,0.004115555555555556,10.073449489676218,0.7685387329101562,-0.3232172241210937,10.038887561035155,27.362048938125373,100.95555567290911,65.93483738559877,43.87617266666667,10.246468,27.1,-0.8244274809160306,-1.3129770992366412,0.3511450381679389
156.49,-0.007592976167862808,25.992407023832136,34.17566918444893,0.004115555555555556,10.007432156125544,0.7757213378906249,-0.33039982910156246,9.97184991455078,27.362048938125373,100.95555567290911,65.93483738559877,43.87617266666667,10.246468,27.1,-0.7938931297709924,-1.3435114503816794,0.3969465648854962
156.51,-0.007592976167862808,25.992407023832136,0.0,0.004115555555555556,9.998630449157918,0.7398083129882812,-0.36152445068359373,9.964667309570311,27.362048938125373,100.95555567290911,65.93483738559877,43.87617266666667,10.246468,27.1,-0.5038167938931297,-1.2671755725190839,0.4122137404580153
156.52,-0.007592976167862808,25.992407023832136,0.0,0.004115555555555556,10.022104699250923,0.7852981445312499,-0.3184288208007812,9.986215124511718,27.362048938125373,100.95555567290911,65.93483738559877,43.87617266666667,10.246468,27.1,-0.5801526717557252,-1.2671755725190839,0.3969465648854962
156.52,-0.05026225526145067,25.94973774473855,0.0,0.004115555555555556,10.022104699250923,0.7852981445312499,-0.3184288208007812,9.986215124511718,27.316740709310398,100.95606632055366,65.94153925295618,43.87617266666667,10.246468,27.1,-0.5801526717557252,-1.2671755725190839,0.3969465648854962
156.53,-0.05026225526145067,25.94973774473855,0.0,0.004115555555555556,10.058987754139302,0.7781155395507812,-0.29448680419921874,10.024522351074218,27.316740709310398,100.95606632055366,65.94153925295618,43.87617266666667,10.246468,27.1,-0.5038167938931297,-1.2213740458015268,0.32061068702290074
156.54,-0.05026225526145067,25.94973774473855,0.0,0.004115555555555556,9.92763708166053,0.7972691528320313,-0.3184288208007812,9.890447058105469,27.316740709310398,100.95606632055366,65.94153925295618,43.87617266666667,10.246468,27.1,-0.8549618320610687,-1.3587786259541985,0.366412213740458
156.55,-0.05026225526145067,25.94973774473855,0.0,0.004115555555555556,10.007372585325529,0.7565677246093749,-0.29927520751953124,9.974244116210937,27.316740709310398,100.95606632055366,65.94153925295618,43.87617266666667,10.246468,27.1,-1.099236641221374,-1.4351145038167938,0.3053435114503817
156.56,-0.05026225526145067,25.94973774473855,0.0,0.004115555555555556,10.007372585325529,0.7565677246093749,-0.29927520751953124,9.974244116210937,27.316740709310398,100.95606632055366,65.94153925295618,43.87617266666667,10.246468,27.1,-1.099236641221374,-1.4351145038167938,0.3053435114503817
156.57,-0.05026225526145067,25.94973774473855,0.0,0.004115555555555556,9.983823793596544,0.7829039428710937,-0.32082302246093747,9.947907897949218,27.316740709310398,100.95606632055366,65.94153925295618,43.87617266666667,10.246468,27.1,-0.9007633587786259,-1.4198473282442747,0.3053435114503817
156.57,-0.12119344366524176,25.87880655633476,0.0,0.004115555555555556,9.983823793596544,0.7829039428710937,-0.32082302246093747,9.947907897949218,27.241227044910193,100.9569151992441,65.90839065936228,43.87617266666667,10.246468,27.1,-0.9007633587786259,-1.4198473282442747,0.3053435114503817
156.58,-0.12119344366524176,25.87880655633476,0.0,0.004115555555555556,10.066045542372164,0.7900865478515624,-0.33758243408203126,10.029310754394531,27.241227044910193,100.9569151992441,65.90839065936228,43.87617266666667,10.246468,27.1,-1.0076335877862594,-1.3282442748091603,0.3969465648854962
156.59,-0.12119344366524176,25.87880655633476,0.0,0.004115555555555556,9.985758487981657,0.7972691528320313,-0.3447650390625,9.947907897949218,27.241227044910193,100.9569151992441,65.90839065936228,43.87617266666667,10.246468,27.1,-1.0534351145038168,-1.3282442748091603,0.366412213740458
156.6,-0.33460745334429776,25.665392546655703,-21.341400967925008,0.004115555555555556,9.985758487981657,0.7972691528320313,-0.3447650390625,9.947907897949218,27.216055837413297,100.95946929542316,65.89734478673451,43.87617266666667,10.246468,27.1,-1.0534351145038168,-1.3282442748091603,0.366412213740458
156.6,-0.33460745334429776,25.665392546655703,-21.341400967925008,0.004115555555555556,10.009817847038859,0.7757213378906249,-0.33039982910156246,9.974244116210937,27.216055837413297,100.95946929542316,65.89734478673451,43.87617266666667,10.246468,27.1,-1.2061068702290076,-1.3129770992366412,0.4122137404580153
156.61,-0.33460745334429776,25.665392546655703,0.0,0.004115555555555556,10.000247880547631,0.7613561279296874,-0.36152445068359373,9.964667309570311,27.216055837413297,100.95946929542316,65.89734478673451,43.87617266666667,10.246468,27.1,-0.9618320610687023,-1.3129770992366412,0.4122137404580153
156.63,-0.33460745334429776,25.665392546655703,0.0,0.004115555555555556,10.003841236261682,0.7709329345703124,-0.30406361083984373,9.969455712890625,27.216055837413297,100.95946929542316,65.89734478673451,43.87617266666667,10.246468,27.1,-0.9618320610687023,-1.282442748091603,0.33587786259541985
156.63,-0.14922623452873873,25.85077376547126,0.0,0.004115555555555556,10.003841236261682,0.7709329345703124,-0.30406361083984373,9.969455712890625,27.17074768152088,100.95725068709308,65.89006001667742,43.87617266666667,10.246468,27.1,-0.9618320610687023,-1.282442748091603,0.33587786259541985
156.64,-0.14922623452873873,25.85077376547126,0.0,0.004115555555555556,10.029212448186897,0.7302315063476562,-0.296881005859375,9.9981861328125,27.17074768152088,100.95725068709308,65.89006001667742,43.87617266666667,10.246468,27.1,-0.6106870229007634,-1.282442748091603,0.42748091603053434
156.65,-0.14922623452873873,25.85077376547126,0.0,0.004115555555555556,10.034343659224271,0.7781155395507812,-0.3447650390625,9.9981861328125,27.17074768152088,100.95725068709308,65.89006001667742,43.87617266666667,10.246468,27.1,-0.8091603053435115,-1.2366412213740459,0.32061068702290074
156.66,-0.24866925720640198,25.7513307427936,-9.944302267775369,0.004115555555555556,10.034343659224271,0.7781155395507812,-0.3447650390625,9.9981861328125,27.145576493581757,100.9584407979897,65.87901828758667,43.87617266666667,10.246468,27.1,-0.8091603053435115,-1.2366412213740459,0.32061068702290074
156.66,-0.24866925720640198,25.7513307427936,-9.944302267775369,0.004115555555555556,10.011861454586928,0.7733271362304687,-0.32561142578124996,9.976638317871092,27.145576493581757,100.9584407979897,65.87901828758667,43.87617266666667,10.246468,27.1,-0.5648854961832062,-1.3282442748091603,0.4122137404580153
156.66,-0.24866925720640198,25.7513307427936,-9.944302267775369,0.004115555555555556,10.011861454586928,0.7733271362304687,-0.32561142578124996,9.976638317871092,27.145576493581757,100.9584407979897,65.87901828758667,43.87617266666667,10.246468,27.1,-0.5648854961832062,-1.3282442748091603,0.4122137404580153
156.67,-0.24866925720640198,25.7513307427936,0.0,0.004115555555555556,10.02366887648639,0.7757213378906249,-0.316034619140625,9.988609326171874,27.145576493581757,100.9584407979897,65.87901828758667,43.87617266666667,10.246468,27.1,-0.6106870229007634,-1.2366412213740459,0.2900763358778626
156.69,-0.24866925720640198,25.7513307427936,0.0,0.004115555555555556,9.968301668494352,0.7733271362304687,-0.3758896606445312,9.931148486328125,27.145576493581757,100.9584407979897,65.87901828758667,43.87617266666667,10.246468,27.1,-0.7938931297709924,-1.251908396946565,0.33587786259541985
156.7,-0.24866925720640198,25.7513307427936,0.0,0.004115555555555556,9.998426066091332,0.7493851196289062,-0.33518823242187495,9.964667309570311,27.145576493581757,100.9584407979897,65.87901828758667,43.87617266666667,10.246468,27.1,-0.6412213740458015,-1.2213740458015268,0.42748091603053434
156.71,-0.24866925720640198,25.7513307427936,0.0,0.004115555555555556,10.013788442290158,0.7876923461914062,-0.3495534423828125,9.976638317871092,27.145576493581757,100.9584407979897,65.87901828758667,43.87617266666667,10.246468,27.1,-0.7633587786259542,-1.282442748091603,0.4122137404580153
156.71,-0.17706705709501946,25.82293294290498,0.0,0.004115555555555556,10.013788442290158,0.7876923461914062,-0.3495534423828125,9.976638317871092,27.100268372893332,100.95758387841768,65.8927259242605,43.87617266666667,10.246468,27.1,-0.7633587786259542,-1.282442748091603,0.4122137404580153
156.72,-0.17706705709501946,25.82293294290498,0.0,0.004115555555555556,9.979372860292662,0.8068459594726562,-0.3447650390625,9.94072529296875,27.100268372893332,100.95758387841768,65.8927259242605,43.87617266666667,10.246468,27.1,-0.48854961832061067,-1.282442748091603,0.3816793893129771
156.73,-0.17706705709501946,25.82293294290498,0.0,0.004115555555555556,10.006572927565516,0.7900865478515624,-0.34237083740234375,9.969455712890625,27.100268372893332,100.95758387841768,65.8927259242605,43.87617266666667,10.246468,27.1,-0.8244274809160306,-1.3282442748091603,0.366412213740458
156.74,-0.4755790518506675,25.524420948149334,-29.851199475507112,0.004115555555555556,10.006572927565516,0.7900865478515624,-0.34237083740234375,9.969455712890625,27.065028739115224,100.96115644401007,65.86607945749586,43.87617266666667,10.246468,27.1,-0.8244274809160306,-1.3282442748091603,0.366412213740458
156.75,-0.4755790518506675,25.524420948149334,0.0,0.004115555555555556,9.971577437457906,0.7685387329101562,-0.3447650390625,9.935936889648437,27.065028739115224,100.96115644401007,65.86607945749586,43.87617266666667,10.246468,27.1,-1.0534351145038168,-1.3435114503816794,0.3053435114503817
156.76,-0.4755790518506675,25.524420948149334,0.0,0.004115555555555556,9.9973163622415,0.7422025146484375,-0.3854664672851562,9.962273107910155,27.065028739115224,100.96115644401007,65.86607945749586,43.87617266666667,10.246468,27.1,-1.0534351145038168,-1.3893129770992367,0.3816793893129771
156.76,-0.4755790518506675,25.524420948149334,0.0,0.004115555555555556,9.9973163622415,0.7422025146484375,-0.3854664672851562,9.962273107910155,27.065028739115224,100.96115644401007,65.86607945749586,43.87617266666667,10.246468,27.1,-1.0534351145038168,-1.3893129770992367,0.3816793893129771
156.77,-0.4755790518506675,25.524420948149334,0.0,0.004115555555555556,10.038367937877824,0.7757213378906249,-0.3280056274414062,10.002974536132811,27.065028739115224,100.96115644401007,65.86607945749586,43.87617266666667,10.246468,27.1,-0.9007633587786259,-1.3587786259541985,0.3511450381679389
156.77,-0.07681030898785579,25.923189691012144,0.0,0.004115555555555556,10.038367937877824,0.7757213378906249,-0.3280056274414062,10.002974536132811,27.04489181167446,100.9563840373378,65.86284630281715,43.87617266666667,10.246468,27.1,-0.9007633587786259,-1.3587786259541985,0.3511450381679389
156.78,-0.07681030898785579,25.923189691012144,0.0,0.004115555555555556,10.017630433664664,0.7757213378906249,-0.27293898925781246,9.983820922851562,27.04489181167446,100.9563840373378,65.86284630281715,43.87617266666667,10.246468,27.1,-1.0687022900763359,-1.3129770992366412,0.3816793893129771
156.79,-0.07681030898785579,25.923189691012144,0.0,0.004115555555555556,10.028812069055842,0.7805097412109374,-0.316034619140625,9.993397729492187,27.04489181167446,100.9563840373378,65.86284630281715,43.87617266666667,10.246468,27.1,-0.732824427480916,-1.2671755725190839,0.3816793893129771
